ma_mon,ly_do
banh_can,Chủ nhà không thích (10/2026)
banh_xeo_pr,Chủ nhà không thích (10/2026)
banh_canh_cha_ca,Chủ nhà không thích (10/2026)
goi_tao_xanh,Biến tấu nguyên liệu: gỏi xoài tôm khô thay xoài bằng táo xanh (đã có món gốc)
banh_cuon,Biến tấu nguyên liệu: bánh cuốn làm từ bánh tráng khô thay bột gạo tráng
goi_buoi,Chủ nhà bỏ món (10/2026)
me_ga_xao_dua_chua,Chưa có công thức thật trên Cookpad (10/2026)
ca_ngu_soc_dua_nuong_sa,Chưa có công thức thật trên Cookpad (10/2026)
oi_cham_muoi_ot,Chưa có công thức thật trên Cookpad (10/2026)
nuong_thap_cam_kieu_viet,Chưa có công thức thật trên Cookpad (10/2026)
