ma_mon,anh_id,nguon_anh,tac_gia
ba_chi_rang_chay_canh,ba21cdbfc4614ead,https://cookpad.com/vn/cong-thuc/25261491,Khanh Tran
ba_chi_xao_kim_chi,2f667fa7b3e16ce1,https://cookpad.com/vn/cong-thuc/5459508,Trần Thị Ngọc Ý
banh_can,b909dcd72b1c1d42,https://cookpad.com/vn/cong-thuc/15352056,Kim Dung .
banh_canh_cha_ca,16c7eead08e2e3e8,https://cookpad.com/vn/cong-thuc/25087411,Khanh Tran
banh_cuon,1f7eacf6986ff590,https://cookpad.com/vn/cong-thuc/11599799,Trang Xu
banh_flan,492da47f5744a79b,https://cookpad.com/vn/cong-thuc/4928382,Huong Lien
banh_hoi_long_heo,47290846ad416413,https://cookpad.com/vn/cong-thuc/3768046,Bi SuRy
banh_mi_chao,805493f764edad94,https://cookpad.com/vn/cong-thuc/16795480,Nguyễn Ngọc Thủy
banh_mi_op_la,aaacc9f6b73e59ed,https://cookpad.com/vn/cong-thuc/12062881-banh-mi-%E1%BB%91p-la,Nguyễn Hoàng Yến
banh_xeo_pr,fe29da72d3fd905f,https://cookpad.com/vn/cong-thuc/24703150,KimKieuS
bap_bo_hap_sa_gung,2cd9c0031cd2aaf2,https://cookpad.com/vn/cong-thuc/14872375,Bếp Của Heo Con
bap_bo_ngam_chua_ngot,8c5d3fd9c7cfc124,https://cookpad.com/vn/cong-thuc/24394885,Annie Vo
bap_cai_luoc_cham_trung_dam_nuoc_mam,5406211edf5e172b,https://cookpad.com/vn/cong-thuc/1928651,minh!
bap_cai_xao_toi,7cae41a6478cb495,https://cookpad.com/vn/cong-thuc/16956444,Rose Truong
bap_cai_xao_trung,68900d8751f6f9bd,https://cookpad.com/vn/cong-thuc/14850511,Nguyen Thanh Mai
bau_xao_nam_bao_ngu,97ec6493da714a11,https://cookpad.com/vn/cong-thuc/5335281,Trâm Anh
bi_do_xao_toi,e59ed6651106491a,https://cookpad.com/vn/cong-thuc/24141890,Loan Ly
bi_ngo_non_xao_toi,a7a568f3dc1424cc,https://cookpad.com/vn/cong-thuc/16978429,Nguyễn Hồng Ngọc
bo_bit_tet,b1e43e5d71b51313,https://cookpad.com/vn/cong-thuc/303307,Nguyen Eri
bo_cuon_la_lot,56111d15d8450e32,https://cookpad.com/vn/cong-thuc/25495015,chillylinh
bo_ham_dua_chua,dc3725639731bfec,https://cookpad.com/vn/cong-thuc/15326325,Trâm Nguyễn
bo_ham_tieu_xanh,1f66368a8863e36d,https://cookpad.com/vn/cong-thuc/5056992,Riya Nguyễn
bo_kho,https://monngonmoingay.com/wp-content/uploads/2019/04/bo-kho.jpg,https://monngonmoingay.com/bo-kho/,Món Ngon Mỗi Ngày
bo_nhung_giam,https://monngonmoingay.com/wp-content/uploads/2015/08/201304240925530000003_bo-nhung-giam-v21.jpg,https://monngonmoingay.com/bo-nhung-giam/,Món Ngon Mỗi Ngày
bo_sot_vang,9dbfa1ebec8c605b,https://cookpad.com/vn/cong-thuc/15848383,Pham Huyen
bo_tai_chanh,82eb1b2353613075,https://cookpad.com/vn/cong-thuc/17064308,Arany Green
bo_vien_sot_ca_chua,9b98d2eff79fa6db,https://cookpad.com/vn/cong-thuc/6854874,Linhnguyen (Mẹ Bắp Sữa)
bo_xao_can_toi,e2168aed6b9ec494,https://cookpad.com/vn/cong-thuc/3040261,Lâm Lâmm
bo_xao_dua_chua,1450cbea3f214b4b,https://cookpad.com/vn/cong-thuc/11616610,Nam Trần
bo_xao_hanh_tay,3f8ca368e071729c,https://cookpad.com/vn/cong-thuc/24633399,Rose Truong
bo_xao_kho_qua,6f61519c4f2b00bd,https://cookpad.com/vn/cong-thuc/12367286,Món Ngon Miền Quê
bo_xao_luc_lac,f24bb33bc51161b4,https://cookpad.com/vn/cong-thuc/25025742,Vampire
bo_xao_mang_tay,7fc83f59dc8b1935,https://cookpad.com/vn/cong-thuc/25375748,Annie Vo
bo_xao_ot_chuong,e560e4914b067493,https://cookpad.com/vn/cong-thuc/24717344,Annie Vo
bo_xao_thien_ly,f6cbb4e9ce5d9185,https://cookpad.com/vn/cong-thuc/15281401,Linh Phạm
bun_bo_hue,ed0f04cb3dff51b7,https://cookpad.com/vn/cong-thuc/25364799,Châu Kiến Hào
bun_bo_nam_bo,d78cd006713f431f,https://cookpad.com/vn/cong-thuc/15490385-bun-bo-nam-b%E1%BB%99,Thái Huyền
bun_cha_ca_nha_trang,5e60222d0a98bac3,https://cookpad.com/vn/cong-thuc/7488372,Hoàng Oanh
bun_cha_ha_noi,2d58855a457986fd,https://cookpad.com/vn/cong-thuc/12757369-bun-ch%E1%BA%A3-ha-n%E1%BB%99i,Thoa Nguyen
bun_moc,efe99ef5ca277dda,https://cookpad.com/vn/cong-thuc/17183339,Hoàng Ngọc
bun_rieu_cua,92e51960d9668d4a,https://cookpad.com/vn/cong-thuc/2252943,Hoàng Ngọc
bun_sua,2b7404af7fb3d6a0,https://cookpad.com/vn/cong-thuc/14079877,Bếp Bà Phương Filler
bun_suon_tom_chua_cay,ee7b71f4b17ad033,https://cookpad.com/vn/cong-thuc/831592,Hoàng Ngọc
bun_thit_nuong,https://monngonmoingay.com/wp-content/uploads/2015/08/1.bunthitnuong1.jpg,https://monngonmoingay.com/bun-thit-nuong/,Món Ngon Mỗi Ngày
ca_bac_ma_kho_thom,81879db79dd33169,https://cookpad.com/vn/cong-thuc/26323488,Annie Vo
ca_bac_ma_kho_tieu,591ff5f8775d5d63,https://cookpad.com/vn/cong-thuc/3567707,Đầu Bếp Nhỏ
ca_bop_kho_tieu,1763ee6c16119779,https://cookpad.com/vn/cong-thuc/24239915,Bòn Bon
ca_bung,7107fd82d3dd4962,https://cookpad.com/vn/cong-thuc/4052226,lananhkitchen
ca_chep_om_dua,cb80f5e519d2350b,https://cookpad.com/vn/cong-thuc/22673950,Huỳnh Phát
ca_chim_hap_xi_dau,1ec5f0a9775b9a2d,https://cookpad.com/vn/cong-thuc/16718192,Kim Dung .
ca_chuon_kho_man,https://monngonmoingay.com/wp-content/uploads/2017/03/4-305.jpg,https://monngonmoingay.com/ca-chuon-kho-mit-non/,Món Ngon Mỗi Ngày
ca_com_kho_rim_dau_phong,409ad68c96e39686,https://cookpad.com/vn/cong-thuc/14029575,Ái Vân Nguyễn (FB: TUỆ NHI TRẦN )
ca_com_rim,cdadb5d0becafceb,https://cookpad.com/vn/cong-thuc/24195659,Pham Huyen
ca_dieu_hong_hap_nam_kim_cham,fdf5c6b33ce0f5cd,https://cookpad.com/vn/cong-thuc/17277935,Pham Huyen
ca_dieu_hong_nuong_giay_bac,8897c576fbc2cfb4,https://cookpad.com/vn/cong-thuc/9532729,Nhunhi Vo
ca_dieu_hong_om_dua,ba8c041768cadef2,https://cookpad.com/vn/cong-thuc/15741746,Ku Lợi
ca_dieu_hong_sot_ca_chua,546605580bc17e4a,https://cookpad.com/vn/cong-thuc/13948696,Lý Ngô
ca_doi_kho_tieu,cdd658cfbf7fe3ee,https://cookpad.com/vn/cong-thuc/3557373,Jimmy Nguyen
ca_duc_chien_gion,https://monngonmoingay.com/wp-content/uploads/2018/05/ca-duc-chien-gion-300-min.jpg,https://monngonmoingay.com/ca-duc-chien-gion/,Món Ngon Mỗi Ngày
ca_ho_chien_sa,61b9ba38ba857cef,https://cookpad.com/vn/cong-thuc/24778324,Bòn Bon
ca_hoi_sot_ca_chua,1706be169aec3072,https://cookpad.com/vn/cong-thuc/2991329,My Kitchies
ca_kho_rieng,28baf0040d583014,https://cookpad.com/vn/cong-thuc/5514398,Thu Thảo
ca_liet_chien_gion,0d9590d74a121523,https://cookpad.com/vn/cong-thuc/15453762,Nguyen Thanh Mai
ca_loc_kho_to,1570108c5354a8f5,https://cookpad.com/vn/cong-thuc/17031575,Pham Huyen
ca_ngu_kho_thom,1441494b6d7a6c0a,https://cookpad.com/vn/cong-thuc/25064711,Nguyễn Thị Duyên
ca_ngu_kho_tieu,705138f542ee62f4,https://cookpad.com/vn/cong-thuc/5505039-ca-ng%E1%BB%AB-kho-tieu,TrucChi Lam
ca_ngu_soc_dua_nuong_sa,cc5a298024387263,https://cookpad.com/vn/cong-thuc/11690148,Huế Lâm
ca_nuc_hap_cuon,4a009c344c2eb38f,https://cookpad.com/vn/cong-thuc/16892911,Lan Vy
ca_nuc_kho_ca_chua,a931887fa92a0a10,https://cookpad.com/vn/cong-thuc/13958057,Joyce Ch
ca_phao_muoi_xoi,d78c0cf24b166a1e,https://cookpad.com/vn/cong-thuc/14426801,Phan Bao Van
ca_ri_ga,ff87e77a2df6b5e0,https://cookpad.com/vn/cong-thuc/910411-ca-ri-ga,Nguyễn Hoàng Yến
ca_ro_phi_ran,be7ccbed61ffbe53,https://cookpad.com/vn/cong-thuc/25210380,Bòn Bon
ca_thu_chien_sa,8b6ef05e1092d09b,https://cookpad.com/vn/cong-thuc/25276733,Dibee
ca_thu_nuong_muoi_tieu,bc2a4cb5d36c4c1b,https://cookpad.com/vn/cong-thuc/13561985,Rose Truong
ca_thu_sot_ca_chua,60236f4857348a46,https://cookpad.com/vn/cong-thuc/16366696,Dory
ca_tim_nuong_mo_hanh,b69f405d26dbcd03,https://cookpad.com/vn/cong-thuc/14326562,Trangket
ca_tim_om_thit_bam,7ca5af17a9f44486,https://cookpad.com/vn/cong-thuc/16641002,bettie lee
ca_trich_chien_gion,b120aa537da581d6,https://cookpad.com/vn/cong-thuc/22606783,Lyn Huynh
cai_chip_xao,c4b8f6520229ecd4,https://cookpad.com/vn/cong-thuc/24619417,_hapi_
cai_ngong_luoc,bb6321796aef2f2f,https://cookpad.com/vn/cong-thuc/11037158-c%E1%BA%A3i-ng%E1%BB%93ng-lu%E1%BB%99c-ch%E1%BA%A5m-tr%E1%BB%A9ng,Bếp của Quỳnh
cai_ngot_xao_toi,bc1a87b134387c07,https://cookpad.com/vn/cong-thuc/3531724,Rose Truong
cai_thao_xao_nam,d7c75b0aa77dd491,https://cookpad.com/vn/cong-thuc/836418,Le Thuan Dong
canh_atiso_gio_heo,12b2497d1e7227d2,https://cookpad.com/vn/cong-thuc/26303749,QUÂN NGUYỄN
canh_bap_cai_cuon,cf45703a32845acb,https://cookpad.com/vn/cong-thuc/24825589,Minh Hayes
canh_bau_tom,4a341ead70d03f58,https://cookpad.com/vn/cong-thuc/3443935,QUÂN NGUYỄN
canh_bi_dao_tom,bb1f65a27751345f,https://cookpad.com/vn/cong-thuc/7310605,Bùi Thị Diệu Trang
canh_bi_do_thit_bam,26725eebe4e6536e,https://cookpad.com/vn/cong-thuc/6658364,Lê Hồ
canh_bo_ham_khoai_tay_ca_rot,56f82ab70609b5e3,https://cookpad.com/vn/cong-thuc/15803306,Nguyễn Kim Thanh
canh_bo_kim_chi,https://monngonmoingay.com/wp-content/uploads/2015/08/IMG-0200-canh-kim-chi-thit-bo.jpg,https://monngonmoingay.com/canh-kim-chi-thit-bo/,Món Ngon Mỗi Ngày
canh_bo_nau_chua,50ccb4ef8b262bd1,https://cookpad.com/vn/cong-thuc/24567508,Rose Truong
canh_ca_nau_ngot,https://monngonmoingay.com/wp-content/uploads/2015/08/canhcachimnaungot2.jpg,https://monngonmoingay.com/canh-ca-chim-nau-ngot/,Món Ngon Mỗi Ngày
canh_ca_ngu_nau_ca_thom,https://monngonmoingay.com/wp-content/uploads/2016/06/36_CQC3888_CanhThomCaNgu-305-150.jpg,https://monngonmoingay.com/canh-thom-ca-ngu/,Món Ngon Mỗi Ngày
canh_ca_thu_nau_chua,27e19840c077d5ab,https://cookpad.com/vn/cong-thuc/708306-canh-chua-ca-thu,Liên Tinh Dầu
canh_cai_be_xanh_thit_bam,9ebbc7e052de4b37,https://cookpad.com/vn/cong-thuc/15114171-canh-c%E1%BA%A3i-b%E1%BA%B9-xanh-n%E1%BA%A5u-th%E1%BB%8Bt-b%E1%BA%B1m,Trần Minh Tuyết
canh_cai_cuc_thit_bam,c7882626b539c796,https://cookpad.com/vn/cong-thuc/25606782,QUÂN NGUYỄN
canh_cai_thao_dau_hu_nam,e54807970b102330,https://cookpad.com/vn/cong-thuc/13088750,Nguyễn Hoàng Yến
canh_cai_xanh_nau_tom,26dd17d739448a74,https://cookpad.com/vn/cong-thuc/25318232,Khanh Tran
canh_chua_ca_dieu_hong,https://monngonmoingay.com/wp-content/uploads/2023/07/canh-ca-dieu-hong-300.jpg,https://monngonmoingay.com/canh-chua-ca-dieu-hong/,Món Ngon Mỗi Ngày
canh_chua_ca_nuc,e7f35d56826e30f5,https://cookpad.com/vn/cong-thuc/26265384,Annie Vo
canh_chua_tom,1ad3d97882c7db03,https://cookpad.com/vn/cong-thuc/14984539,Minh Hayes
canh_cu_cai_xuong,4ed592eba1e35414,https://cookpad.com/vn/cong-thuc/25251535,Khanh Tran
canh_cua_rau_day,c87cabda93306156,https://cookpad.com/vn/cong-thuc/9554958,Trần Linh
canh_dau_hu_he_nam_rom,2ad6b117678be8b6,https://cookpad.com/vn/cong-thuc/24808437,Huỳnh Phát
canh_dau_phu_ca_chua,35731a21e48d6cd4,https://cookpad.com/vn/cong-thuc/17007537,Minh Ngọc
canh_dua_chua_nau_ca_loc,d6f86b6613d9bd96,https://cookpad.com/vn/cong-thuc/12171433,Chi Nguyễn
canh_dua_chua_nau_suon,f917c8042f5adcf4,https://cookpad.com/vn/cong-thuc/3174291-canh-d%C6%B0a-chua-s%C6%B0%E1%BB%9Dn-non,Pi Ha
canh_ga_chien_nuoc_mam,71080e3ffd32e401,https://cookpad.com/vn/cong-thuc/4579470,bluesky
canh_ga_nau_bi_do,a4d554dd31aa76b9,https://cookpad.com/vn/cong-thuc/10575869,BẾP CỦA TUI
canh_ga_nau_nam,b3b9cad1e5059436,https://cookpad.com/vn/cong-thuc/24383667,Pham Huyen
canh_ga_nuong_sa,dd56ac026e172e2b,https://cookpad.com/vn/cong-thuc/302728,Nguyen Eri
canh_ga_rau_cu,717b68a54ef35a0a,https://cookpad.com/vn/cong-thuc/14049848,Annie Vo
canh_ga_tan_hat_sen,5b15a5b72c1ff5fe,https://cookpad.com/vn/cong-thuc/14853161,Phan Bao Van
canh_kho_qua_nhoi_thit,afc0c999a33e12eb,https://cookpad.com/vn/cong-thuc/26351790,QUÂN NGUYỄN
canh_khoai_mo_nau_tom,f99376e2c5d2ee05,https://cookpad.com/vn/cong-thuc/690449,Dung Vu
canh_khoai_so_suon,https://monngonmoingay.com/wp-content/uploads/2015/08/IMG-0295-canh-suon-khoai-so.jpg,https://monngonmoingay.com/canh-suon-khoai-so/,Món Ngon Mỗi Ngày
canh_khoai_tay_thit_bam,4452a2f573d2339d,https://cookpad.com/vn/cong-thuc/11610943,Đắc GiNô
canh_kim_chi_thit_dau_phu,4a13303a8c2f6a2e,https://cookpad.com/vn/cong-thuc/15194670,Andrea Nguyen
canh_moc_nam_huong,10b409ff8a9a6664,https://cookpad.com/vn/cong-thuc/25177369,Bòn Bon
canh_muc_nau_chua,https://monngonmoingay.com/wp-content/uploads/2018/09/canh-muc-nau-chua-300-min.jpg,https://monngonmoingay.com/canh-muc-nau-chua/,Món Ngon Mỗi Ngày
canh_muop_mong_toi,https://monngonmoingay.com/wp-content/uploads/2025/04/canh-muop-mong-toi-nau-tom-540x360-update.png,https://monngonmoingay.com/canh-muop-mong-toi-nau-tom/,Món Ngon Mỗi Ngày
canh_nam_kim_cham_thit_bam,940389d4c9a08a82,https://cookpad.com/vn/cong-thuc/24756992,QUÂN NGUYỄN
canh_ngao_nau_chua,2b1c08e7bd6858c6,https://cookpad.com/vn/cong-thuc/16167514-canh-ngao-chua,Pham Huyen
canh_ngheu_nau_rau_ngot,24fe8a33272d9187,https://cookpad.com/vn/cong-thuc/5651446,Ha Nguyen
canh_rau_den_nau_tom,5a03d373427b4f90,https://cookpad.com/vn/cong-thuc/17081220,Dibee
canh_rau_lang,6a1f640b07a20deb,https://cookpad.com/vn/cong-thuc/16088018,Phan Bao Van
canh_rau_ngot_thit_bam,9da272e1b81a4cba,https://cookpad.com/vn/cong-thuc/17303468,QUÂN NGUYỄN
canh_rong_bien_dau_hu,a79bccb7d311ede0,https://cookpad.com/vn/cong-thuc/16061775-canh-rong-bi%E1%BB%83n-n%E1%BA%A5u-d%E1%BA%ADu-h%E1%BB%A7-va-th%E1%BB%8Bt-b%E1%BA%B1m,Phan Bao Van
canh_rong_bien_thit_bam,9999de1f5544b87c,https://cookpad.com/vn/cong-thuc/25746909,Annie Vo
canh_su_hao_nau_suon,13d68ffdd9fbd5bf,https://cookpad.com/vn/cong-thuc/14787331,Minh Hayes
canh_su_su_ca_rot_thit_bam,e6ef69cc5f5716af,https://cookpad.com/vn/cong-thuc/11061372-canh-susu-ca-r%E1%BB%91t-n%E1%BA%A5u-th%E1%BB%8Bt-bam,QUÂN NGUYỄN
canh_suon_khoai_ca_rot,f9625c4e07374563,https://cookpad.com/vn/cong-thuc/13238803,Nguyen Thanh Ha
canh_suon_nau_ngo,1f17daebb1adc71f,https://cookpad.com/vn/cong-thuc/5594429,Đông Đặng
canh_tom_nau_thom,4136693a47b70691,https://cookpad.com/vn/cong-thuc/1217108,Khổng Kiều
canh_trung_ca_chua,803c669f2e9e0f44,https://cookpad.com/vn/cong-thuc/13218421,An Minh Nguyễn Ngọc
cha_ca_sot_ca_chua,f0343489903b3f1e,https://cookpad.com/vn/cong-thuc/16917510,Phô Mai
cha_ca_thu_chien,5ab72cdded029f03,https://cookpad.com/vn/cong-thuc/647465-ch%E1%BA%A3-ca-thu-chien,Vân Trần
cha_gio_re,e844c9a515b4749a,https://cookpad.com/vn/cong-thuc/8482066,NPNQ
cha_la_lot,https://monngonmoingay.com/wp-content/uploads/2019/05/cha-thit-la-lot-300.jpg,https://monngonmoingay.com/cha-thit-la-lot/,Món Ngon Mỗi Ngày
cha_muc,ad4fbc05177619fa,https://cookpad.com/vn/cong-thuc/16939202,Hoàng Thị Tố Hà
cha_trung_hap_thit_bam,1cf68e76e462eb8c,https://cookpad.com/vn/cong-thuc/24286744,Huỳnh Phát
cha_uc_ga_nam_huong,66395fabaf8b56d0,https://cookpad.com/vn/cong-thuc/25218609,Bòn Bon
chao_ca_thu,71527b1d128ec051,https://cookpad.com/vn/cong-thuc/12425029-chao-ca-thu,Rose Truong
chao_ech,https://monngonmoingay.com/wp-content/uploads/2015/09/ChaoEch_305.jpg,https://monngonmoingay.com/chao-ech/,Món Ngon Mỗi Ngày
chao_ga,528aca2f4c643358,https://cookpad.com/vn/cong-thuc/25473627,Annie Vo
chao_ngao,1e231bac6d310261,https://cookpad.com/vn/cong-thuc/9009432,Nguyen Hai Anh
chao_suon,5771c237d3d29a2c,https://cookpad.com/vn/cong-thuc/15436394,eatwithnhi
chao_tom_hum_binh_ba,cfdf64bce1eba34b,https://cookpad.com/vn/cong-thuc/15137842-chao-tom-hum,July.247
chao_trung_thit_bam,https://monngonmoingay.com/wp-content/uploads/2015/08/chao-trung-thit-bam-305-150.jpg,https://monngonmoingay.com/chao-trung-thit-bam/,Món Ngon Mỗi Ngày
che_bap,d120f977e0b59989,https://cookpad.com/vn/cong-thuc/15125923,Kim Dung .
che_bo,d84ce0ef410282b3,https://cookpad.com/vn/cong-thuc/5735046,Ruby Nguyen
che_buoi,9e7496a0d286c144,https://cookpad.com/vn/cong-thuc/6100180,Trang Nhung
che_chuoi,dc7ff09c41839565,https://cookpad.com/vn/cong-thuc/24781923,Annie Vo
che_dau_do,94fbd1f50687fc00,https://cookpad.com/vn/cong-thuc/25207225,Annie Vo
che_dau_xanh_bot_bang,75f2d26717ca9007,https://cookpad.com/vn/cong-thuc/2214716,Rose Truong
che_hat_sen_duong_phen,23f68f1819ce844c,https://cookpad.com/vn/cong-thuc/5439299,Trần Thị Ngọc Ý
che_troi_nuoc,acefaf62f8dbe464,https://cookpad.com/vn/cong-thuc/9152377,Apple's Kitchen
che_xoai,03b7401f00b3766e,https://cookpad.com/vn/cong-thuc/22595809-che-xoai,Nhà Vân
chim_cut_ro_ti,https://monngonmoingay.com/wp-content/uploads/2015/08/31.png,https://monngonmoingay.com/chim-cut-ro-ti/,Món Ngon Mỗi Ngày
com_chien_kim_chi,https://monngonmoingay.com/wp-content/uploads/2023/12/com-chien-kim-chi-3.jpg,https://monngonmoingay.com/com-chien-kim-chi/,Món Ngon Mỗi Ngày
com_chien_trung,ce7375dbb05562fd,https://cookpad.com/vn/cong-thuc/16146975,Huỳnh Phát
com_ga_hoi_an,7079ab012e15f712,https://cookpad.com/vn/cong-thuc/24843051,chillylinh
com_ga_pr,1c94e67c84d019ac,https://cookpad.com/vn/cong-thuc/5338422,Pi Ha
com_rang_thap_cam,402fdc28806ec69c,https://cookpad.com/vn/cong-thuc/15191884,diem my
com_tam_suon,630a5b24ef3fdf90,https://cookpad.com/vn/cong-thuc/6463825,Nữ Gốm Nhật
cua_rang_me,843bb372aa160f1c,https://cookpad.com/vn/cong-thuc/3009864-cua-rang-me,Hoàng Ngọc
cuu_nuong,089f7303c43323d3,https://cookpad.com/vn/cong-thuc/15693341,Stella Nguyen
dau_bap_luoc,cfea891a62b9d18c,https://cookpad.com/vn/cong-thuc/16496669,Nguyễn Quỳnh
dau_bap_xao_toi,9dd63c3801a990b8,https://cookpad.com/vn/cong-thuc/24238935,Pham Huyen
dau_co_ve_xao_thit,7fd5753203920372,https://cookpad.com/vn/cong-thuc/17216547,QUÂN NGUYỄN
dau_co_ve_xao_toi,9143734ba9f75fa5,https://cookpad.com/vn/cong-thuc/9796672,Ngọc Bích
dau_ha_lan_xao_tau_hu_ky_nam_meo,da8771f1ee05ab2d,https://cookpad.com/vn/cong-thuc/26646759,Bảo Bình
dau_hap_tom_thit_sot_chua_ngot,26db216cea5e15c0,https://cookpad.com/vn/cong-thuc/12574962,Thoa Nguyen
dau_hu_nhoi_thit_sot_ca_chua,31fc7c8d148a07d9,https://cookpad.com/vn/cong-thuc/26656584,Bean JP
dau_hu_non_sot_thit_bam,af4a00ea96579b35,https://cookpad.com/vn/cong-thuc/16785833,Kim Dung .
dau_hu_trung_sot_nam,35473510d2810899,https://cookpad.com/vn/cong-thuc/16401406,Huỳnh Phát
dau_phu_ran_cham_mam_hanh,279f75f59af5f1e7,https://cookpad.com/vn/cong-thuc/11029910,Nguyen Lan Chi
dau_phu_sot_ca_chua,1ca0f4fc145eb7e1,https://cookpad.com/vn/cong-thuc/827516,Ha Nguyen Thi Thanh
dau_que_luoc_cham_muoi_me,59792a3e765ed6a2,https://cookpad.com/vn/cong-thuc/1564858,Hải Như
de_nuong,799eed37c0aec260,https://cookpad.com/vn/cong-thuc/15124350,Thu Mèo
de_xao_lan,9024d692e4f0d2c0,https://cookpad.com/vn/cong-thuc/15747616,Huỳnh Phát
do_chua_ca_rot_cu_cai,54d47519ee26d02a,https://cookpad.com/vn/cong-thuc/16228596,Dory
dot_su_su_xao_toi,b5741c600039f401,https://cookpad.com/vn/cong-thuc/15411295,Bếp nhà Dĩm
dua_cai_muoi_chua,59c8d388b3b3b4af,https://cookpad.com/vn/cong-thuc/16691531,Bòn Bon
dua_gop_su_hao,71f002936dc6ea18,https://cookpad.com/vn/cong-thuc/16015119,Dory
dua_leo_tron,e3743fd00eeedc8a,https://cookpad.com/vn/cong-thuc/25879494,Hoàng Thị Tố Hà
dui_ga_rut_xuong_ap_chao,934e7b6c1358ab23,https://cookpad.com/vn/cong-thuc/25759126,EatWell
ech_chien_gion,d38bb2079b624ebf,https://cookpad.com/vn/cong-thuc/875414,Thanh Huynh
ech_om_chuoi_dau,867d2be2888df9c7,https://cookpad.com/vn/cong-thuc/10331747,Nhu Anh Nguyen
ech_xao_mang_cay,068fd95b2e0dd3e9,https://cookpad.com/vn/cong-thuc/13942449,hương
ech_xao_sa_ot,20376b943dc64964,https://cookpad.com/vn/cong-thuc/11872707,Trần Thanh Hương
ga_ham_nam,de7adb4a6e90d218,https://cookpad.com/vn/cong-thuc/7232286,Mai Ro
ga_ham_sa,49a066163a2087db,https://cookpad.com/vn/cong-thuc/24018723,Huỳnh Phát
ga_hap_mam_nhi,ec74dfef5d46b796,https://cookpad.com/vn/cong-thuc/9552340,Hoàng Thị Tố Hà
ga_kho_gung,c6d87648fafc5f83,https://cookpad.com/vn/cong-thuc/24631325,Annie Vo
ga_kho_sa,d4d05e5fb638bf59,https://cookpad.com/vn/cong-thuc/17016218,Trang Nguyen
ga_luoc_la_chanh,a1dbb43c1132ecbe,https://cookpad.com/vn/cong-thuc/24196817,Annie Vo
ga_om_nam,1fc4f5184abcf546,https://cookpad.com/vn/cong-thuc/11139096,Tường Vi
ga_rang_gung,55c497e801dcf0ce,https://cookpad.com/vn/cong-thuc/15338144,Nguyễn Văn Đạt
ga_rang_muoi,https://monngonmoingay.com/wp-content/uploads/2016/03/Ga-rang-muoi_305-e1457652760506.jpg,https://monngonmoingay.com/ga-rang-muoi/,Món Ngon Mỗi Ngày
ga_tiem_thuoc_bac,5e9920e6baf65429,https://cookpad.com/vn/cong-thuc/15237558,Bếp mợ Tým
ga_xao_ngo,df25f93eb1076300,https://cookpad.com/vn/cong-thuc/26061108,qwn.ahn
ga_xao_sa_ot,63aabfc982e14d58,https://cookpad.com/vn/cong-thuc/24359946,Bòn Bon
gan_heo_xao_hanh,d79a90bc73dc48c5,https://cookpad.com/vn/cong-thuc/17096888,Hồng Hiếu Nguyễn
ghe_hap_gung_sa,18fd8d2499a8c866,https://cookpad.com/vn/cong-thuc/15804786-gh%E1%BA%B9-h%E1%BA%A5p,Rose Truong
gia_cay_chan_gio,bc778724750d224c,https://cookpad.com/vn/cong-thuc/24311710,Trang Anh
gia_xao_he,9649406bf902732f,https://cookpad.com/vn/cong-thuc/25651895,Annie Vo
goi_buoi,3f1d0c747531901f,https://cookpad.com/vn/cong-thuc/301379,John Phước
goi_ca_mai,50e5a76df5ec2548,https://cookpad.com/vn/cong-thuc/11056866,Địu Đàng
goi_cuon,cd31c387f53c0ffa,https://cookpad.com/vn/cong-thuc/6399579,DiepngocNguyen
goi_du_du_tom_thit,47482e32137cc16a,https://cookpad.com/vn/cong-thuc/16309298,Phương Võ (Mẹ Măng)
goi_rong_sun,a899c85607de508a,https://cookpad.com/vn/cong-thuc/24745143,Hoàng Thị Tố Hà
goi_tao_xanh,5618d75580463c3e,https://cookpad.com/vn/cong-thuc/16755224,Bòn Bon
goi_xoai_tom_kho,14f8febe4a7ea1ec,https://cookpad.com/vn/cong-thuc/24589988,Bòn Bon
hai_san_nuong_mo_hanh,40d93404ffc75cd2,https://cookpad.com/vn/cong-thuc/16222488,katomi
hau_nuong_mo_hanh,2cca61627e68cd8b,https://cookpad.com/vn/cong-thuc/16991586,Hồng Hiếu Nguyễn
hong_gion_tron_sua_chua,450227ff39dbf99d,https://cookpad.com/vn/cong-thuc/14678993,Thu Mèo
hu_tieu_kho,b8be28caa5e732f4,https://cookpad.com/vn/cong-thuc/16806678,Trung Nguyen
kho_ca_chi_vang_rim_chua_ngot,624d56fe818eb73a,https://cookpad.com/vn/cong-thuc/17066255,Nhà Vân
kho_qua_nhoi_thit_hap,afc0c999a33e12eb,https://cookpad.com/vn/cong-thuc/26351790,QUÂN NGUYỄN
kho_qua_xao_trung,b3982f454d2c388e,https://cookpad.com/vn/cong-thuc/16968433,Hường Lê
khoai_lang_chien,fe5ee1c2f70f0d43,https://cookpad.com/vn/cong-thuc/563082,Vũ Hương Giang
khoai_tay_xao_bo,https://monngonmoingay.com/wp-content/uploads/2015/08/IMG_0460_khoai-tay-xao-thit-bo.jpg,https://monngonmoingay.com/khoai-tay-xao-thit-bo/,Món Ngon Mỗi Ngày
khoai_tay_xao_thit_bam,8aa87d596cac8672,https://cookpad.com/vn/cong-thuc/24754176,Linh Nguyễn
lau_de,752ea91d6395c70c,https://cookpad.com/vn/cong-thuc/10431495,Phương Dung
lau_ga_la_e,b7a1d82e84050074,https://cookpad.com/vn/cong-thuc/17047170,Emily Luu
lau_hai_san,3c18cd6162f0ceff,https://cookpad.com/vn/cong-thuc/10819832,Nguyễn Hạnh Nhân
lau_kim_chi_hai_san,3ce527efd86c68fe,https://cookpad.com/vn/cong-thuc/6391031,Xuân Đặng
lau_muc,e9b18db114d9bac4,https://cookpad.com/vn/cong-thuc/2968284-l%E1%BA%A9u-m%E1%BB%B1c,Rose Truong
lau_nam_thap_cam,22d262c6fdc48e57,https://cookpad.com/vn/cong-thuc/26573034,QUÂN NGUYỄN
lau_rieu_cua,7ceaee3d1fddedcf,https://cookpad.com/vn/cong-thuc/17195165,Nhà Vân
lau_thai,e7dacaa60bf1f104,https://cookpad.com/vn/cong-thuc/17139562,Bòn Bon
lau_vit_nau_chao,741c6671a32e395e,https://cookpad.com/vn/cong-thuc/15259003,Phương Phương (BiPu)
long_ga_xao_gia_dua,https://monngonmoingay.com/wp-content/uploads/2015/08/1142.jpg,https://monngonmoingay.com/gia-he-xao-long-ga/,Món Ngon Mỗi Ngày
long_heo_luoc,ad9d65a7d6e884af,https://cookpad.com/vn/cong-thuc/6132048,Tình Em Miền Tây TV
long_heo_xao_dua_cai,54be625b55a1b9f2,https://cookpad.com/vn/cong-thuc/25298671,Hoàng Thị Tố Hà
luoi_heo_luoc,65c5dddaf809c06e,https://cookpad.com/vn/cong-thuc/25057956,Annie Vo
luon_om_chuoi_dau,https://monngonmoingay.com/wp-content/uploads/2015/08/201208230628100000008_mn-ngon-mi-ngy-luon-om-chuoi-dau-11.jpg,https://monngonmoingay.com/luon-om-chuoi-dau/,Món Ngon Mỗi Ngày
luon_xao_sa_ot,350f6f62e8960e22,https://cookpad.com/vn/cong-thuc/13953473,Bí đỏ 👩‍🍳
mang_tay_luoc_cham_xi_dau_trung,9b57144da44c42f0,https://cookpad.com/vn/cong-thuc/13194168,Rose Truong
mang_tay_xao_toi,77461c645d2e4beb,https://cookpad.com/vn/cong-thuc/16555579,Minh Hayes
mang_tay_xao_tom,89e42a886346e3b5,https://cookpad.com/vn/cong-thuc/16494256,Lan Vy
mang_xao_long_vit,14b89997008a3538,https://cookpad.com/vn/cong-thuc/17026149,Kim Dung .
me_ga_xao_dua_chua,f0e94a6faffd95a2,https://cookpad.com/vn/cong-thuc/13287916,Tâm Hoa Nguyễn
mi_hoanh_thanh,88931f8c3aed8984,https://cookpad.com/vn/cong-thuc/9099445,Bòn Bon
mi_quang_ga,2d370be345884dad,https://cookpad.com/vn/cong-thuc/26648644,QUÂN NGUYỄN
mien_ga,97b06608c7402daa,https://cookpad.com/vn/cong-thuc/14221863,Linh Thùy
mien_luon,0d96d31b187d51f4,https://cookpad.com/vn/cong-thuc/17289609,Bếp của Quỳnh
mien_xao_long_ga,14d7290251d05948,https://cookpad.com/vn/cong-thuc/26527242,Hoàng Thị Tố Hà
mong_gio_ham_mang,2e84c39f22fc5a96,https://cookpad.com/vn/cong-thuc/24609462,Rose Truong
mong_toi_xao_toi,a3e433625625f10b,https://cookpad.com/vn/cong-thuc/24803435,Huyen le Tran
muc_chien_gion,a7ad5cdeeaab57e4,https://cookpad.com/vn/cong-thuc/15289129,Rose Truong
muc_hap_hanh_gung,46e97a7a70e9d36b,https://cookpad.com/vn/cong-thuc/7404028,Hoàng Thị Tố Hà
muc_mot_nang_nuong,ec7907ed36ccb1ad,https://cookpad.com/vn/cong-thuc/22554074,Bếp của Quỳnh
muc_ong_nhoi_thit_sot_ca,aa15c623a34165dd,https://cookpad.com/vn/cong-thuc/11770565,Annie Vo
muc_rim_me,8fbed227c9f5bd73,https://cookpad.com/vn/cong-thuc/16660701,Hà Lê
muc_xao_can_toi,689346b16e7a9f36,https://cookpad.com/vn/cong-thuc/22625767,Nhà Vân
muc_xao_dua,d855205c393a4905,https://cookpad.com/vn/cong-thuc/16722414,Pham Diep
muop_xao,de777552044263ad,https://cookpad.com/vn/cong-thuc/25047120,Minh Hayes
nam_bao_ngu_xao_hanh_tay,0b284515b849541d,https://cookpad.com/vn/cong-thuc/13468612,Tâm Hoa Nguyễn
nam_dui_ga_xao_toi,1c90a4717df163f9,https://cookpad.com/vn/cong-thuc/25183759,chillylinh
nam_huong_nhoi_thit_hap,ff63c86629dac441,https://cookpad.com/vn/cong-thuc/6610195,DiepngocNguyen
nam_kho_tieu,f5a226b46d0dc96d,https://cookpad.com/vn/cong-thuc/16048405,Nhà Vân
nam_rom_kho_dau_hu,8b0dd51ae50cafb4,https://cookpad.com/vn/cong-thuc/24570935,Rose Truong
nam_rom_xao_thit_bo,ab5f5a46c46622e3,https://cookpad.com/vn/cong-thuc/10502400,Bòn Bon
nem_nam_dui_ga,0c832609bfb897bd,https://cookpad.com/vn/cong-thuc/24707092,Selena Nguyễn
nem_nuong,feb68845e34fafda,https://cookpad.com/vn/cong-thuc/24967972,Huyen le Tran
nem_ran_ha_noi,c30110c5e009722c,https://cookpad.com/vn/cong-thuc/24109052-nem-ran-ha-n%E1%BB%99i,Yuri
ngan_xao_sa_ot,9c8e582f22813e0d,https://cookpad.com/vn/cong-thuc/25750122,Thu Mèo
ngheu_hap_sa,43ed70d1bd11f533,https://cookpad.com/vn/cong-thuc/7300663,Xuân Đặng
ngheu_xao_sa_ot,7e751f48e2ef8d83,https://cookpad.com/vn/cong-thuc/9800537,NPNQ
ngo_nuong_mo_hanh,b0e2c80bb6d96a53,https://cookpad.com/vn/cong-thuc/6050015,Bòn Bon
ngo_xao_tom_kho,80a63584b60966ea,https://cookpad.com/vn/cong-thuc/13675793,Hoàng Ngọc
nom_dua_chuot_ca_rot,c6e54c8e0e844f5c,https://cookpad.com/vn/cong-thuc/7438608,Thu Mèo
nom_ga_rau_thom,690b97790584b124,https://cookpad.com/vn/cong-thuc/25130523,Shan Wu
nom_hoa_chuoi,ce067fe740d4279a,https://cookpad.com/vn/cong-thuc/16709283,Thu Mèo
nom_rau_muong_tai_heo,ba1ac9764ea5384a,https://cookpad.com/vn/cong-thuc/11239372,Quyên Bùi
nui_xao_bo,https://monngonmoingay.com/wp-content/uploads/2015/08/1227.jpg,https://monngonmoingay.com/nui-xao-bo/,Món Ngon Mỗi Ngày
nuoc_bi_dao,31a7f235bf3cd3b0,https://cookpad.com/vn/cong-thuc/12194918-n%E1%BB%9Bc-sam-bi-dao,Cẫm Huyền
nuoc_chanh_muoi,b7b0ac9df5ddbccb,https://cookpad.com/vn/cong-thuc/10523004,Tiểu Hoa
nuoc_ep_ca_rot_tao,100043896330f59a,https://cookpad.com/vn/cong-thuc/14656301,Trangket
nuoc_ep_dua_hau,e0a7150019f2a0f0,https://cookpad.com/vn/cong-thuc/24703752,Pham Huyen
nuoc_ep_nho,88d9b7ec9437b276,https://cookpad.com/vn/cong-thuc/16647657,玉儿 - Ngọc Nhi
nuoc_ep_oi,6ca2dff8dd9ecf42,https://cookpad.com/vn/cong-thuc/16433780,Nhà Vân
nuoc_mia_lau_re_tranh,db8d608dd31c519c,https://cookpad.com/vn/cong-thuc/13192528,Huyen le Tran
nuoc_nha_dam_la_dua,f1932ee944a4b426,https://cookpad.com/vn/cong-thuc/2966268,Thu Hằng 1224
nuoc_rau_ma,7b7ed2ea9598b530,https://cookpad.com/vn/cong-thuc/7927145,Bếp của Quỳnh
nuong_kieu_han_kim_chi,bdb3a64da9699774,https://cookpad.com/vn/cong-thuc/24169322,Yuri
nuong_thap_cam_kieu_viet,252d26ca73328b46,https://cookpad.com/vn/cong-thuc/22549450,Annie Vo
oc_huong_luoc,ac51faf5fe8e7486,https://cookpad.com/vn/cong-thuc/13242489,Bếp của Quỳnh
oc_nau_chuoi_dau,4d6f2fd722f0069d,https://cookpad.com/vn/cong-thuc/17116216,Kim Dung .
oi_cham_muoi_ot,c49136710d2368ab,https://cookpad.com/vn/cong-thuc/25242632,Bảo Bình
pad_thai,b9d77ca33cd7e07f,https://cookpad.com/vn/cong-thuc/26547815,Hoàng Nga
pho_bo_tai_chin,e902c857b9d3bb9b,https://cookpad.com/vn/cong-thuc/24317699,Pham Huyen
pho_ga,https://monngonmoingay.com/wp-content/uploads/2015/08/2.phoga3_.jpg,https://monngonmoingay.com/pho-ga/,Món Ngon Mỗi Ngày
rau_bi_xao_toi,3564569984527359,https://cookpad.com/vn/cong-thuc/24728320,Rose Truong
rau_cau_dua,1ab33a59cccb4f64,https://cookpad.com/vn/cong-thuc/9640692,Hoàng Thị Tố Hà
rau_den_luoc,49ad4da395d59835,https://cookpad.com/vn/cong-thuc/16150297,Dory
rau_lang_luoc_cham_kho_quet,f5651ff87428aff0,https://cookpad.com/vn/cong-thuc/4549647-rau-lu%E1%BB%99c-ch%E1%BA%A5m-kho-qu%E1%BA%B9t,Nguyễn Trang
rau_muong_luoc,1cb5d239b87f344e,https://cookpad.com/vn/cong-thuc/17059070,QUÂN NGUYỄN
rau_muong_xao_bo,3137b4f274e17a3d,https://cookpad.com/vn/cong-thuc/15409009,Anne Tran
rau_muong_xao_toi,a636bcecd614ec90,https://cookpad.com/vn/cong-thuc/14845984-rau-mu%E1%BB%91ng-xao-t%E1%BB%8Fi,Nhà Vân
ruoc_thit_heo,4a9906ff4a3525c7,https://cookpad.com/vn/cong-thuc/16686727,Huyền nguyễn Khánh
sinh_to_bo,88c6f6a956c95233,https://cookpad.com/vn/cong-thuc/26435337,QUÂN NGUYỄN
sinh_to_gac,fa66951ad94756e9,https://cookpad.com/vn/cong-thuc/10811413,Nguyễn Bá Tùng
sinh_to_thanh_long_chuoi,10127262e3039197,https://cookpad.com/vn/cong-thuc/12262428,Bảo Loan
sinh_to_xoai,561fa1032c60b322,https://cookpad.com/vn/cong-thuc/6538893,DiepngocNguyen
so_diep_nuong_mo_hanh,40d93404ffc75cd2,https://cookpad.com/vn/cong-thuc/16222488,katomi
su_hao_xao_bo,eac399345e372b75,https://cookpad.com/vn/cong-thuc/16795923,Kim Dung .
su_hao_xao_ca_rot_nam_meo,de19ecd68aa24d6b,https://cookpad.com/vn/cong-thuc/25351490,Bảo Bình
su_su_luoc_cham_muoi_vung,bf697449302449ed,https://cookpad.com/vn/cong-thuc/6133642,Huyền Dương
su_su_xao_thit_bo,4b735d82b8f2014f,https://cookpad.com/vn/cong-thuc/25055686,Khanh Tran
su_su_xao_trung,557d6c0fac5074eb,https://cookpad.com/vn/cong-thuc/24286175,Bòn Bon
sua_chua_dau_tay,435d879d792bbfe1,https://cookpad.com/vn/cong-thuc/17049946,Emily Luu
sua_chua_nep_cam,93edb4d7acb45ab0,https://cookpad.com/vn/cong-thuc/17098815,Rose Truong
sua_chua_nha_lam,5b5ee18eff5e9fa9,https://cookpad.com/vn/cong-thuc/16376217,Hoàng Ngọc
sua_dau_xanh,b6e4671d3a22eeae,https://cookpad.com/vn/cong-thuc/24541869,Hoàng Thị Tố Hà
sua_ngo,32183c4be359d046,https://cookpad.com/vn/cong-thuc/15374631,Bếp Thị Say
sua_tron_mam_nhi,5fac993933a6df3f,https://cookpad.com/vn/cong-thuc/23939150,Rose Truong
suon_non_kho_thom,11f71bbbc0c1c6fd,https://cookpad.com/vn/cong-thuc/24839862,Bòn Bon
suon_nuong_mat_ong,a9d7a58bb461b199,https://cookpad.com/vn/cong-thuc/16200509,Ruby like cook
suon_ram_man_ngot,https://monngonmoingay.com/wp-content/uploads/2015/08/Suon-ram-man-305-150.jpg,https://monngonmoingay.com/suon-ram-man/,Món Ngon Mỗi Ngày
suon_xao_chua_ngot,https://monngonmoingay.com/wp-content/uploads/2015/08/suon-xao-chua-ngot4.jpg,https://monngonmoingay.com/suon-xao-chua-ngot/,Món Ngon Mỗi Ngày
suong_sao,2817058270df0df7,https://cookpad.com/vn/cong-thuc/4997091,Mingdunh
sup_ga_ngo_nam,cf82dfae99d2c8f1,https://cookpad.com/vn/cong-thuc/2831922,Huyền Dương
sup_ga_ngo_ngot,21e058763a307f87,https://cookpad.com/vn/cong-thuc/10702363,Duyên Kiều
sup_lo_trang_xao_bo,f4a682c36216f5fd,https://cookpad.com/vn/cong-thuc/25269890,Khanh Tran
sup_lo_xao_nam,f5c91b60c79ab707,https://cookpad.com/vn/cong-thuc/25413787,Bảo Bình
sup_tom_ngo_nam,ef9c872f331a67d8,https://cookpad.com/vn/cong-thuc/5714681,Trần Lan Anh
tau_hu_ky_cuon_thit,56b5b2a50144d7cc,https://cookpad.com/vn/cong-thuc/6060014,Joyce Ch
thach_nho_ninh_thuan,95f837dee9e5def7,https://cookpad.com/vn/cong-thuc/14533744,linh cooking
thach_rau_cau_bo,201a7601a85bb53e,https://cookpad.com/vn/cong-thuc/13941497,Bích Trâm
thit_ba_chi_rim_man_ngot,232f3ef0d0042fae,https://cookpad.com/vn/cong-thuc/25729384,Nước Mắm Tĩn
thit_ba_chi_sot_ca_chua,1b10cf60e872a02e,https://cookpad.com/vn/cong-thuc/5222899,Jung Bubii
thit_bam_rang_man_ngot,664f6ec623aa2557,https://cookpad.com/vn/cong-thuc/16351277,Phan Bao Van
thit_bam_xao_kieu_thai,85b4828e3dca5c56,https://cookpad.com/vn/cong-thuc/3889988,My Kitchies
thit_chung_mam_tep,2c5ebf7bfaf5c52d,https://cookpad.com/vn/cong-thuc/25031787,Quyen Nguyen
thit_dong,62d28319286da545,https://cookpad.com/vn/cong-thuc/16739766,Annie Vo
thit_ga_sot_chua_ngot,56ef823badceb27c,https://cookpad.com/vn/cong-thuc/25799674,Bòn Bon
thit_heo_gia_bo_kho,21351068528084ba,https://cookpad.com/vn/cong-thuc/1929687,Ngọc Trung
thit_heo_kho_tieu,5f4ffa31f8171058,https://cookpad.com/vn/cong-thuc/13820757,Hồ Loan
thit_heo_mot_nang_chien,acc386e22187716d,https://cookpad.com/vn/cong-thuc/22562519,Kim Dung .
thit_kho_cu_cai,230ac350d960bfda,https://cookpad.com/vn/cong-thuc/16899696,Kim Dung .
thit_kho_dua_cai,5d40dc5324c49668,https://cookpad.com/vn/cong-thuc/7372762,Andy Nguyen
thit_kho_trung,c17fc7d4a6906590,https://cookpad.com/vn/cong-thuc/1069610-th%E1%BB%8Bt-kho-tr%E1%BB%A9ng-th%E1%BB%8Bt-kho-tau,Hoàng Ngọc
thit_luoc_cham_mam_dua_leo,acbd29273dcb1da6,https://cookpad.com/vn/cong-thuc/22560971,Annie Vo
thit_quay_gion_bi,602f908c4c87fe39,https://cookpad.com/vn/cong-thuc/17154402,Phương Anh Nguyễn
thit_vien_sot_ca_chua,a72be0368501cf56,https://cookpad.com/vn/cong-thuc/12222398,Ngọc Liên
tim_cat_xao_can_toi,920e158ac0c0c56b,https://cookpad.com/vn/cong-thuc/15991606,Thu Mèo
tom_chien_xu,1b2640c6d90b928e,https://cookpad.com/vn/cong-thuc/25178107,YumMy
tom_hap_nuoc_dua,03d1a34b8f865486,https://cookpad.com/vn/cong-thuc/5739759,Kiều Nhung
tom_rang_chay_canh,4e41cd9f739e8aad,https://cookpad.com/vn/cong-thuc/16931774,Ngô Thị Hường
tom_rang_gion,d6610a461e9360d5,https://cookpad.com/vn/cong-thuc/470734,Nguyen Eri
tom_rang_muoi,027d33c80d2e7c87,https://cookpad.com/vn/cong-thuc/25299365,QUÂN NGUYỄN
tom_thit_kho_thom,bc50aeb70f14c0b1,https://cookpad.com/vn/cong-thuc/26500239,Annie Vo
tom_thit_rim_man_ngot,59e50edb95dbe0aa,https://cookpad.com/vn/cong-thuc/13190014,Phan Bao Van
tra_chanh_day,763e2847e0755ad3,https://cookpad.com/vn/cong-thuc/25696572,Khanh Tran
tra_dao_cam_sa,676fcb52f1f49531,https://cookpad.com/vn/cong-thuc/15448613,My Nguyễn
trai_cay_lac,5db161ef396031c2,https://cookpad.com/vn/cong-thuc/24618506,Uyen Ngoc Bui
trung_chien_nuoc_mam,f1a24f405d35a6ed,https://cookpad.com/vn/cong-thuc/23958089,Kim Dung .
trung_chung_ca_chua,d4265bb1e4dc7f57,https://cookpad.com/vn/cong-thuc/2573005,My Kitchies
trung_cut_rim_nuoc_mam,1392bcbd918e4f9f,https://cookpad.com/vn/cong-thuc/11951685,Kieu Mi Vo
trung_duc_thit,2ead1764975c2bb4,https://cookpad.com/vn/cong-thuc/25062394,Bòn Bon
trung_hap_van,623761a093ba72ac,https://cookpad.com/vn/cong-thuc/13861574,Nguyễn Văn Linh
trung_ran_hanh,2c13c5ddb1c0c574,https://cookpad.com/vn/cong-thuc/12483186,Rose Truong
trung_xao_ca_chua,9f4b99cbbf86769a,https://cookpad.com/vn/cong-thuc/17002795,Hồng Hiếu Nguyễn
vit_chay_toi,81862b9c43d242af,https://cookpad.com/vn/cong-thuc/15614258,Kim Dung .
vit_kho_gung,9ad111678b5efdd1,https://cookpad.com/vn/cong-thuc/25091702,chillylinh
vit_luoc_cham_mam_gung,df2ee1707e6d949d,https://cookpad.com/vn/cong-thuc/24337187,Annie Vo
vit_nau_mang,8d5fe2972a0a44a6,https://cookpad.com/vn/cong-thuc/26262011,Tú Ngân
vit_nau_thom,https://monngonmoingay.com/wp-content/uploads/2015/08/813.jpg,https://monngonmoingay.com/vit-nau-thom/,Món Ngon Mỗi Ngày
vit_om_sau,3cc03ba8adb8d4af,https://cookpad.com/vn/cong-thuc/15466403,Mẹ PiPi
xa_lach_tron_dau_giam,d894c3922d1d95ce,https://cookpad.com/vn/cong-thuc/941225,Nguyễn Tiến Trung
xiu_mai_sot_ca,3072bc9d80ad3dc4,https://cookpad.com/vn/cong-thuc/24287970,Pham Huyen
xoi_dau_den,274bec5b27629b2b,https://cookpad.com/vn/cong-thuc/25381905,Bòn Bon
xoi_gac,58a8326bce144f76,https://cookpad.com/vn/cong-thuc/16791230,Kim Dung .
xoi_lac,d4b785d491466eaa,https://cookpad.com/vn/cong-thuc/24578546,Bòn Bon
xoi_man,7fa99aa6930859f0,https://cookpad.com/vn/cong-thuc/12130506,Phan Bao Van
tom_nuong_muoi_ot,https://monngonmoingay.com/wp-content/uploads/2015/08/18.png,https://monngonmoingay.com/tom-nuong-muoi-ot/,Món Ngon Mỗi Ngày
ca_liet_kho_ca_chua,https://monngonmoingay.com/wp-content/uploads/2015/08/CaDoiKhoCaChua_CQC9514.jpg,https://monngonmoingay.com/ca-doi-kho-ca-chua/,Món Ngon Mỗi Ngày
canh_bo_nau_dua_ca_chua,517ba38a507a9668,https://cookpad.com/vn/cong-thuc/16801944,Lan Vy
ca_song_mui_chien,f0eab0e7a60ac6fb,https://cookpad.com/vn/cong-thuc/23979472,Pham Huyen
ca_song_mui_kho_tieu,cdd658cfbf7fe3ee,https://cookpad.com/vn/cong-thuc/3557373,Jimmy Nguyen
nuoc_voi,https://www.vinmec.com/static/uploads/20220407_091536_680063_tac_dung_cua_la_voi_max_1800x1800_jpg_4bd5bda85f.jpg,https://www.vinmec.com/vie/bai-viet/cac-tac-dung-cua-la-voi-vi,Vinmec
tra_gao_lut_dau_den,c7ba9a963d61de39,https://cookpad.com/vn/cong-thuc/4033571,Bòn Bon
tra_hoa_cuc,1d9da6e3e07c0b66,https://cookpad.com/vn/cong-thuc/15885635,Dory
tra_tao_do_ky_tu,2f7f9dec7940eee1,https://cookpad.com/vn/cong-thuc/9272849,Mẹ MonMin
tra_gung_sa,bd9a1c5aa8525b77,https://cookpad.com/vn/cong-thuc/16076030,Nhà Vân
tra_atiso,e95e4dcd6979e9eb,https://cookpad.com/vn/cong-thuc/2299972,Rose Truong
nuoc_rau_ngo,47fab2a39023d29a,https://cookpad.com/vn/cong-thuc/26397258,Khanh Tran
