ma,chon,tranh,bao_quan,mat,da
nho_nt,"Chùm có cuống xanh tươi, quả căng bám chắc cuống, còn lớp phấn trắng mờ.","Lắc nhẹ thấy rụng nhiều quả, cuống khô thâm, quả nhũn chảy nước.","Không rửa trước khi cất; để nguyên chùm trong hộp có lỗ ở ngăn mát, ăn đến đâu rửa đến đó.",7,0
tao_xanh,"Quả cầm nặng tay, vỏ xanh bóng, cứng, có đốm trắng li ti.","Vỏ nhăn, có vết dập nâu, ấn thấy mềm.","Túi có lỗ ở ngăn mát, để riêng xa rau (táo làm rau mau úa).",14,0
thanh_long,"Quả tròn đầy, vỏ đỏ tươi, tai (vảy) còn xanh cứng, ấn hơi đàn hồi.","Tai vàng héo, vỏ có đốm thâm, quả mềm nhũn.","Nguyên quả để chỗ thoáng 3–4 ngày hoặc ngăn mát khoảng 10 ngày; đã bổ thì bọc kín, ăn trong ngày.",10,0
sau_rieng_ks,"Gai to đều, cuống còn tươi có nhựa, mùi thơm dịu, gõ nghe bộp (cơm ráo), rãnh múi rõ.","Cuống khô đen, vỏ có lỗ sâu, mùi chua hoặc nồng như lên men.","Chưa chín để ngoài cho tự nứt; múi đã tách cho hộp kín ngăn mát 2–3 ngày, ngăn đá được 2 tháng.",3,60
sau_rieng_dl,"Gai to đều, cuống còn tươi có nhựa, mùi thơm dịu, gõ nghe bộp, rãnh múi rõ.","Cuống khô đen, vỏ có lỗ sâu, mùi chua hoặc nồng như lên men.","Chưa chín để ngoài cho tự nứt; múi đã tách cho hộp kín ngăn mát 2–3 ngày, ngăn đá được 2 tháng.",3,60
mang_cut,"Tai xanh tươi, vỏ tím sẫm, bóp nhẹ thấy hơi lún; số cánh hoa ở đáy bằng số múi.","Vỏ cứng như gỗ (ruột sượng), chảy mủ vàng ra vỏ.","Để chỗ thoáng 2–3 ngày; ngăn mát giữ được khoảng 5 ngày nhưng vỏ cứng dần, nên ăn sớm.",5,0
bo_booth,"Quả to nặng tay, vỏ xanh bóng, còn cuống; bóp nhẹ đầu cuống hơi mềm là vừa chín.","Vỏ có chỗ thâm lõm, ấn nhũn cả quả.","Bơ còn cứng để ngoài 2–4 ngày cho chín, chín rồi mới cho ngăn mát 3–4 ngày; bơ đã cắt giữ hạt, bọc kín.",4,60
bo_sap,"Vỏ xanh láng, quả thon, cuống nhỏ; ấn đầu cuống hơi lún là chín, cơm vàng dẻo.","Vỏ thâm loang, chỗ lõm mềm nhũn, cuống mốc.",Để ngoài cho chín rồi mới cho ngăn mát 3–4 ngày; bơ nghiền trộn ít chanh có thể để ngăn đá.,4,60
xoai_uc,"Vỏ đỏ hồng ngả vàng, thơm ở cuống, ấn hơi mềm.","Vỏ nhăn, đốm đen lan rộng, mùi lên men.",Chín ở nhiệt độ phòng rồi mới vào ngăn mát 4–5 ngày; xoài cắt miếng để ngăn đá làm sinh tố.,5,90
chom_chom,"Râu tươi cứng, đầu râu còn xanh, vỏ đỏ đều.","Râu đen héo, vỏ thâm, có mùi chua.","Túi kín ở ngăn mát, ăn trong 3–4 ngày.",4,0
dua_hau,"Quả tròn đều, vỏ xanh đậm bóng, vết nằm đất màu vàng kem, gõ nghe bộp vang.","Vỏ nhạt màu, có vết nứt, quả lệch nặng một đầu.","Nguyên quả để chỗ mát cả tuần; đã bổ thì bọc màng, ngăn mát 3–4 ngày.",4,0
chanh_day,"Cầm nặng tay, vỏ hơi nhăn là ruột chín thơm, nhiều nước.","Vỏ mềm nhũn, có mốc trắng.","Để ngoài 3–5 ngày, ngăn mát khoảng 10 ngày; ruột nạo ra cho hộp để ngăn đá, pha nước dần.",10,120
dau_tay,"Quả đỏ đều tới cuống, lá đài xanh tươi, thơm.","Quả dập, có lông mốc trắng, đáy hộp đọng nước.","Không rửa; trải một lớp trong hộp lót giấy ăn, ngăn mát 2–3 ngày; nhặt bỏ quả hỏng ngay.",3,90
man_dl,"Quả căng chắc, còn lớp phấn trắng, màu đều.","Quả nứt, nhũn, chảy nhựa.",Ngăn mát 4–5 ngày.,5,0
hong_gion,"Quả vàng cam đều, vỏ láng, cứng giòn, tai xanh dính chặt.","Có đốm đen, ấn thấy mềm.",Ngăn mát khoảng 1 tuần.,7,0
hong_treo_gio,"Phủ lớp phấn đường trắng mịn đều, quả dẻo mềm màu nâu đỏ.","Mốc xanh hoặc đen, mùi chua, khô cứng như đá.",Hộp kín ở ngăn mát 1 tháng; ngăn đá để được lâu hơn.,30,180
chuoi_xanh,"Quả xanh đều, chắc, cứng, nải còn tươi.","Quả đã ngả vàng (nấu bở và ngọt), vỏ thâm.","Để chỗ thoáng, không cho tủ lạnh (vỏ thâm đen), dùng trong 2–3 ngày; gọt xong ngâm nước muối loãng cho khỏi thâm.",3,0
buoi,"Quả nặng tay so với cỡ, vỏ mỏng, túi tinh dầu nhỏ mịn, ấn đáy hơi mềm.","Vỏ dày bùng nhùng, nhẹ tay (ít nước), có đốm nâu.","Nguyên quả để chỗ thoáng 2 tuần; múi đã bóc cho hộp kín, ngăn mát 3–4 ngày.",14,0
dua,"Lắc nghe óc ách nhiều nước, mắt dừa không mốc, vỏ không nứt; dừa nạo cơm thì chọn trái già vỏ nâu.","Mắt dừa mốc, vỏ nứt rỉ nước.",Nguyên trái để chỗ mát 1 tuần; nước dừa đã mở để ngăn mát 1–2 ngày; cơm dừa nạo để ngăn đá.,5,90
thom,"Thơm nhẹ ở đáy, mắt to nở đều, vỏ ngả vàng từ dưới lên, lá ngọn còn tươi.","Mùi chua như lên men, đáy mềm nhũn, mốc.","Để ngoài 1–2 ngày; gọt rồi cho hộp kín, ngăn mát 3–4 ngày.",4,90
mang_cau_ta,"Mắt nở to, kẽ mắt ngả vàng kem, ấn hơi mềm là ăn được.","Vỏ thâm đen, nứt chảy nước.","Chín ở ngoài, chín rồi để ngăn mát 1–2 ngày.",2,60
xoai_cat,"Xoài chín: vỏ vàng đều, mịn, thơm, nặng tay. Xoài làm gỏi: vỏ xanh đậm, cứng chắc.","Đốm đen lan rộng, vết dập, chảy mủ ở cuống.","Xoài chín ngăn mát 4–5 ngày; xoài xanh để ngoài, gọt đến đâu dùng đến đó.",5,90
chuoi_chin,"Vỏ vàng có vài chấm nâu là ngọt, cuống còn chắc.","Vỏ thâm đen nhũn, cuống mốc.","Treo chỗ thoáng, để xa trái cây khác; chín quá thì bóc vỏ cho ngăn đá làm sinh tố.",3,60
du_du,"Đu đủ chín: vỏ vàng quá nửa quả, ấn hơi mềm, thơm. Đu đủ xanh: vỏ xanh bóng, cứng, cạo thấy nhựa trắng.","Đốm thâm lõm trên vỏ, mốc ở cuống.",Đu đủ chín ngăn mát 3–4 ngày; đu đủ xanh để ngoài khoảng 1 tuần.,4,0
oi,"Vỏ xanh nhạt hơi ngả vàng, láng, cứng giòn, thơm.","Vết thâm, lỗ nhỏ trên vỏ (sâu đục), quá mềm.",Ngăn mát 4–5 ngày.,5,0
cha_la,"Chà là tươi căng bóng, vàng nâu; chà là sấy dẻo, nâu đều, không dính bết.","Có mốc, mùi chua, đường kết tinh trắng nhiều.",Chà là tươi ngăn mát 1 tuần; sấy cho hũ kín để được vài tháng.,7,0
toi_pr,"Tép nhỏ, vỏ trắng ngà ánh tím, củ chắc khô, mùi hăng thơm.","Củ mọc mầm xanh, mềm, có mốc đen dưới vỏ.","Treo chỗ khô thoáng, không để tủ lạnh (dễ mọc mầm, ẩm mốc).",60,0
hanh_tim,"Củ chắc, vỏ khô bóng màu tím đỏ, cổ nhỏ khô.","Củ mềm, mọc mầm, vỏ ẩm mốc.","Rổ thoáng ở chỗ mát, không đựng túi kín.",45,0
mam_ca_na,"Nước mắm màu cánh gián trong, không cặn đục, mùi thơm đậm; pha nước chấm chọn loại độ đạm từ 30N.","Có váng trắng, mùi khai lạ, chai phồng nắp.","Đậy kín, để chỗ mát tránh nắng; mắm cái đã mở cho ngăn mát.",365,0
muoi_ca_na,"Hạt to đều, trắng hơi ngà, khô rời, vị mặn có hậu ngọt.","Muối ẩm vón cục, lẫn sạn.","Hũ kín, để chỗ khô.",365,0
dau_phong,"Hạt đều chắc, vỏ lụa hồng bóng, mùi bùi.","Hạt teo, có đốm mốc xanh đen hoặc vị đắng – bỏ ngay (mốc sinh độc tố).",Hũ kín; để ngăn mát thì lâu ôi dầu.,90,180
khe_me,"Khế chua xanh ngả vàng, cạnh dày, cứng; me chín vỏ giòn, cơm dẻo.","Khế dập thâm, me có mốc.","Khế ngăn mát 1 tuần; me chín bóc vỏ cho hũ kín, để ngăn đá dùng dần.",7,90
sa_ot,"Sả cây gốc to trắng, bóp thấy thơm; ớt căng bóng, cuống xanh; gừng già vỏ mỏng, thơm cay.","Sả khô xác, ớt nhũn thâm cuống, gừng nhăn mốc hay mọc mầm.","Sả, ớt bọc giấy ăn cho túi kín, ngăn mát 1–2 tuần; sả băm, ớt nguyên quả để ngăn đá dùng dần; gừng để chỗ khô.",10,90
tieu_moi,"Hạt to, chắc, đều màu, cắn thấy cay thơm; tiêu xanh chùm hạt căng.","Hạt lép, ẩm mốc, nhiều bụi.","Hũ kín, xay lượng nhỏ dùng dần; tiêu xanh để ngăn đá.",180,0
mang_tay,"Thân thẳng, xanh tươi, búp ngọn khép chặt, gốc cắt còn ẩm.","Ngọn nở xòe, thân nhăn, gốc khô xơ.","Cắm gốc vào cốc nước, trùm túi, để ngăn mát 3–4 ngày.",4,0
bap_cai,"Bắp chắc nặng tay, lá ôm chặt, lá ngoài còn xanh; bắp hơi dẹt thường ngọt.","Lá ngoài vàng úa, bắp nứt, nhiều lỗ sâu.","Nguyên bắp bọc túi, ngăn mát 1–2 tuần; cắt dở thì bọc màng kín mặt cắt.",10,0
ca_rot,"Củ thẳng, cam đậm, vỏ trơn, cứng.","Củ mềm cong, nứt, nhiều rễ con, đầu cuống thâm.","Cắt bỏ lá, cho túi, ngăn mát 2–3 tuần.",14,0
sup_lo,"Bông xanh đậm, nụ nhỏ khít, cuống chắc, nặng tay.","Nụ ngả vàng hoặc đã nở hoa, có đốm thâm.",Túi có lỗ ở ngăn mát 3–5 ngày; chần sơ rồi để ngăn đá được lâu.,4,90
cai_thao,"Bắp chắc, lá trắng xanh ôm chặt.","Lá úa, bẹ nhiều đốm đen, gốc nhũn.","Ngăn mát khoảng 1 tuần, bóc lá ngoài dùng dần.",7,0
xa_lach,"Lá giòn, xanh tươi, không dập.","Lá héo, nhớt, thâm mép.","Không rửa; bọc giấy ăn cho hộp kín, ngăn mát 3–4 ngày.",3,0
khoai_tay,"Củ chắc, vỏ mỏng mịn, chưa mọc mầm.","Vỏ ngả xanh hoặc mọc mầm (có chất độc, phải bỏ), củ mềm nhăn.","Chỗ tối thoáng, không để tủ lạnh, không để cạnh hành.",21,0
su_su,"Quả nhỏ vừa, xanh nhạt tươi, gai mềm, cứng chắc.","Quả to già, gai cứng, xơ, đã nảy mầm ở đầu.",Ngăn mát khoảng 1 tuần.,7,0
ca_chua,"Quả đỏ đều, căng bóng, chắc, còn cuống xanh.","Quả nứt, dập nhũn, méo lạ.","Chưa chín để ngoài cho chín; tủ lạnh làm nhạt vị nên chỉ cất khi đã chín kỹ, dùng trong vài ngày.",5,0
nam,"Mũ nấm khô ráo, chắc, mép mũ cuộn vào; nấm kim châm trắng tươi, chân không nhớt.","Nấm nhớt, thâm vàng, mùi chua.",Không rửa trước khi cất; túi giấy ở ngăn mát 3–5 ngày.,4,0
atiso,"Bông chắc nặng, lá bắc ôm khít, màu tươi.","Bông nở bung, lá khô thâm mép.",Túi kín ở ngăn mát 4–5 ngày; cắt xong ngâm nước chanh cho khỏi thâm.,5,0
mang_rung,"Măng tươi củ chắc, thịt trắng ngà; măng chua màu vàng tự nhiên, mùi chua dịu.","Măng trắng bóng bất thường, mùi hắc lạ.","Luộc kỹ, đổ nước vài lần cho hết đắng; măng luộc ngâm nước ở ngăn mát, thay nước mỗi ngày, dùng trong 3–4 ngày.",3,60
rau_thom,"Lá tươi, vò thấy thơm, không dập úng.","Lá thâm đen, nhớt.","Nhặt bỏ lá úa, bọc giấy ăn hơi ẩm cho hộp kín, ngăn mát; húng quế không ưa lạnh sâu.",5,0
rau_muong,"Cọng ngắn mập, lá xanh vừa phải, bẻ nghe giòn.","Cọng dài to bất thường, lá xanh đậm quá mức hoặc rũ vàng.","Ngăn mát 1–2 ngày, nhặt rồi thì bọc kín.",2,0
mong_toi,"Lá xanh dày, cọng mập non, bẻ giòn có nhớt.","Lá héo, thủng nhiều lỗ, cọng già xơ.",Ngăn mát 1–2 ngày.,2,0
rau_day,"Lá non xanh, ngọn mềm, chưa ra hoa.","Lá già vàng, cọng tím xơ.","Ngăn mát 1–2 ngày, nấu sớm mới ngon.",2,0
rau_ngot,"Lá nhỏ xanh đậm, cọng non mềm.","Lá vàng rụng, lá đốm.","Để nguyên cọng (tuốt lá sẵn mau hỏng), ngăn mát 2–3 ngày.",3,0
la_lot,"Lá to đều, xanh bóng, không rách, thơm.","Lá úa vàng, thủng.","Bọc giấy ăn cho túi kín, ngăn mát 3–4 ngày.",4,0
ngo,"Râu nâu sẫm hơi khô, lá bao xanh ôm sát, bấm hạt căng có sữa.","Râu đen ướt, hạt lép, có sâu ở đầu bắp.",Để nguyên vỏ ở ngăn mát 2–3 ngày (để lâu mất ngọt); luộc xong tách hạt để ngăn đá.,3,90
khoai_mon,"Củ nặng tay, chắc, chỗ cắt cuống không thối; khoai sọ lông mịn.","Củ mềm, mốc, mọc mầm.","Chỗ khô thoáng, không rửa trước khi cất; đeo găng khi gọt để khỏi ngứa.",10,0
khoai_lang,"Củ thon đều, vỏ láng, không có lỗ nhỏ.","Lỗ chấm đen nhỏ trên vỏ (khoai hà, đắng), mọc mầm, mềm.","Chỗ khô thoáng, không để tủ lạnh.",14,0
dau_bap,"Quả nhỏ dài 7–10 cm, xanh tươi, bẻ đầu nghe giòn.","Quả to già xơ, đầu thâm đen.",Túi giấy ở ngăn mát 2–3 ngày.,3,0
dau_co_ve,"Quả thon đều, xanh tươi, bẻ giòn, hạt chưa lồi.","Quả căng hạt to (già), héo nhăn, có đốm.",Ngăn mát 4–5 ngày.,5,0
sup_lo_trang,"Bông trắng ngà, nụ khít, lá bao xanh tươi.","Đốm nâu đen trên bông, nụ rời rạc.",Ngăn mát 4–5 ngày.,5,0
su_hao,"Củ nhỏ vừa, vỏ mỏng xanh, cuống lá non.","Củ to vỏ dày (xơ), nứt.","Cắt lá, cho túi, ngăn mát 1–2 tuần.",10,0
cu_cai,"Củ thẳng, trắng mịn, nặng tay, lá còn xanh.","Củ nhẹ (xốp ruột), nứt, nhũn.","Cắt lá, ngăn mát 1–2 tuần.",10,0
can_tay,"Cọng thẳng, xanh nhạt bóng, bẻ giòn, lá tươi.","Cọng mềm dẻo, lá vàng, ruột rỗng.","Bọc khăn giấy cho túi, ngăn mát 1–2 tuần.",10,0
bi_dao,"Quả còn phấn trắng, có lông tơ, cứng, nặng tay.",Vỏ có vết thâm mềm.,"Nguyên quả để ngoài 1–2 tuần; cắt dở bọc màng, ngăn mát 3–4 ngày.",7,0
bi_do,"Bí già vỏ cứng, cuống khô chắc, nặng tay; bí non vỏ xanh, lông tơ, móng tay ấn lún.","Có chỗ mềm, cuống mốc.","Bí già nguyên quả để ngoài được hàng tháng; cắt dở thì bỏ hạt, bọc màng, ngăn mát khoảng 5 ngày.",7,0
bau,"Quả thon đều, vỏ xanh nhạt còn lông tơ, móng tay bấm lún là non.","Vỏ cứng (già), dập thâm.",Ngăn mát 4–5 ngày.,5,0
muop,"Quả thẳng, vỏ xanh đậm, chắc, nặng tay.","Quả mềm, vỏ nhăn, nhẹ tay (xơ).",Ngăn mát 2–3 ngày.,3,0
ca_tim,"Vỏ tím bóng căng, tai xanh, ấn thấy đàn hồi.","Vỏ nhăn, đốm nâu, nhẹ tay (nhiều hạt).",Ngăn mát 4–5 ngày; cắt xong ngâm nước muối loãng cho khỏi thâm.,5,0
dua_leo,"Quả thẳng, xanh đều, còn gai, cứng.","Quả ngả vàng (già), mềm đầu.","Ngăn mát khoảng 1 tuần, để xa cà chua và chuối.",7,0
cai_xanh,"Lá xanh tươi, cọng mập giòn; cải ngồng chọn ngồng mập, nụ chưa nở.","Lá vàng úa, cọng xơ, hoa đã nở nhiều.",Ngăn mát 2–3 ngày.,3,0
rau_bi,"Ngọn non, lông tơ mềm, cọng bẻ giòn, có nhiều nụ.","Cọng già xơ, lá to.",Tước bỏ lớp xơ ở cọng; ngăn mát 1–2 ngày.,2,0
rau_den,"Cây nhỏ lá non, cọng mềm.",Cây già đã ra hoa hạt.,Ngăn mát 1–2 ngày.,2,0
rau_lang,"Ngọn non mập, lá xanh nhạt, bẻ giòn.","Lá già, cọng dai.",Ngăn mát 1–2 ngày.,2,0
rau_ma,"Lá tròn xanh, cuống ngắn, không lẫn cỏ.",Lá úa nát.,Rửa kỹ nhiều nước (rau mọc sát đất); ngăn mát 1–2 ngày.,2,0
gia_do,"Thân trắng ngà, mập vừa, rễ ngắn tự nhiên, còn vỏ hạt xanh.","Giá mập trắng bóng bất thường, không có rễ, mùi hắc.","Ngăn mát, dùng trong 1–2 ngày.",2,0
ca_phao,"Quả trắng xanh, tròn đều, cứng; cà muối chọn quả vàng, giòn.","Quả già hạt cứng; cà muối xổi còn tím, đắng là chưa chua tới – chưa ăn được.",Cà tươi ngăn mát khoảng 5 ngày; cà muối để hũ kín ngăn mát.,5,0
nha_dam,"Bẹ dày mọng, xanh, gai cứng.","Bẹ teo, ngả vàng.","Gọt vỏ, rửa sạch nhựa vàng (đắng, dễ nhuận tràng); bẹ nguyên bọc màng, ngăn mát khoảng 1 tuần.",7,0
hoa_chuoi,"Bắp thon, bẹ ngoài tím đỏ ôm chặt, cứng.","Bắp mềm, bẹ héo thâm.",Nguyên bắp ngăn mát 2–3 ngày; thái xong ngâm ngay nước pha chanh hoặc giấm cho khỏi thâm.,3,0
kho_qua,"Quả xanh tươi, gai to đều (thường ít đắng hơn), cứng.","Quả ngả vàng (chín, mềm), dập.",Ngăn mát 4–5 ngày; chần qua nước sôi có muối cho bớt đắng.,5,0
sau_dau,"Đọt non màu đỏ tím, nhiều bông.","Lá già xanh đậm, quá đắng.",Ngăn mát 1–2 ngày; chần qua nước sôi trước khi ăn.,2,0
cu_kieu,"Củ trắng ngà, tròn đều, chắc; kiệu muối giòn, trắng, không nhớt.","Củ mọc mầm xanh dài, mềm; kiệu muối nhớt, mùi lạ.",Kiệu muối để hũ kín ở ngăn mát được cả tháng.,30,0
nam_moi,"Mũ nấm còn búp, cuống dài trắng, tươi.","Nấm nở bung, thâm, nhớt; nấm hái lạ không rõ loại – không mua.",Nấu trong ngày; hoặc luộc sơ rồi để ngăn đá.,1,60
sau,"Sấu tươi quả xanh đều, cứng, không thâm; sấu đông lạnh còn nguyên quả, không chảy nước.","Quả dập, mềm nhũn, vỏ thâm đen.",Sấu tươi ngăn mát 3–4 ngày; gọt sẵn chia túi để ngăn đá dùng quanh năm.,3,180
thien_ly,"Chùm hoa còn nụ nhiều, xanh tươi, hoa vừa hé; cuống non bẻ giòn.","Hoa nở bung, ngả vàng, rụng nhiều.",Hoa rất mau héo – mua trong ngày; bọc giấy ăn để ngăn mát được 1–2 ngày.,2,0
dua_cai_chua,"Dưa vàng ươm đều, giòn, chua dịu, mùi thơm của dưa muối.","Dưa nhũn, có váng trắng dày, mùi hắc hoặc khai; dưa xanh tái là chưa chua tới.","Đậy kín ngăn mát, gắp bằng đũa sạch, dùng trong 1–2 tuần.",14,0
kim_chi,"Kim chi màu đỏ tươi, lá cải còn giòn, mùi chua thơm; xem hạn dùng trên hộp.","Hộp phồng căng, lá nhũn, mùi lạ.","Đậy kín ngăn mát; kim chi chua dần theo ngày – càng chua càng hợp để nấu canh, xào.",30,0
thit_de,"Thịt đỏ sẫm, thớ nhỏ, mỡ trắng, da mỏng; dê non thịt hồng hơn.","Thịt nhớt, mùi hôi gắt, màu tím tái.","Khử mùi bằng gừng, rượu, sả; ngăn mát 1–2 ngày, ngăn đá 3–4 tháng.",2,120
thit_cuu,"Thịt đỏ hồng, mỡ trắng chắc, thớ mịn; cừu non mùi nhẹ.","Mỡ vàng (cừu già, hăng), thịt nhớt.","Ngăn mát 1–2 ngày, ngăn đá 3–4 tháng.",2,120
thit_heo,"Món chỉ ghi ""thịt heo"" thì mua thịt nạc hoặc ba chỉ. Thịt hồng tươi, mỡ trắng, mặt thịt khô, ấn ngón tay thấy đàn hồi; da mỏng, lỗ chân lông nhỏ.","Thịt tái nhợt rỉ nước, đỏ sẫm bầm, mỡ vàng, có hạt trắng như hạt gạo trong thớ thịt.","Chia phần từng bữa trước khi cất; ngăn mát 1–2 ngày, ngăn đá 3–4 tháng. Mỡ heo (mỡ sống, mỡ nước) luôn để ngăn mát, không cấp đông.",2,120
ba_chi,"Miếng ba chỉ có lớp nạc mỡ xen đều (3–5 lớp), bì mỏng, thịt hồng, mỡ trắng; ấn thấy đàn hồi.","Mỡ quá dày, nạc mỏng; bì dày cứng; thịt tái nhợt rỉ nước.","Chia miếng theo bữa; ngăn mát 1–2 ngày, ngăn đá 3–4 tháng.",2,120
suon_heo,"Sườn non xương nhỏ dẹt, thịt dày bám xương, màu hồng tươi; sườn già xương to hợp ninh nước dùng.","Xương to nhiều mà thịt mỏng, thịt thâm, mùi lạ.","Chặt sẵn khúc theo món, chia túi; ngăn mát 1–2 ngày, ngăn đá 3 tháng.",2,90
chan_gio,"Chân giò trước nhiều thịt hơn chân sau; bì mỏng, trắng hồng, không còn lông; ấn thịt săn.","Bì có vết bầm, móng thâm, mùi hôi.","Thui hoặc cạo sạch rồi chặt sẵn; ngăn mát 1–2 ngày, ngăn đá 3 tháng.",2,90
xuong_heo,"Xương ống còn tủy hồng, xương sườn còn ít thịt bám, màu tươi.","Xương thâm, tủy đen, mùi hôi.","Chần qua nước sôi rồi mới ninh; ngăn mát 1–2 ngày, ngăn đá 3 tháng.",2,90
thit_bam,"Thịt băm thường là nửa nạc nửa mỡ: chọn miếng nạc vai hoặc ba chỉ ít mỡ rồi nhờ xay tại chỗ; thịt xay màu hồng tươi, có lấm tấm mỡ trắng.","Thịt xay sẵn thâm, nhớt hoặc không rõ xay từ phần nào.","Thịt xay mau hỏng hơn thịt miếng: ngăn mát trong ngày, ép dẹt túi để ngăn đá 2–3 tháng (rã nhanh).",1,90
nac_vai,"Nạc vai (nạc dăm) có vân mỡ mảnh xen trong thớ, màu hồng tươi – mềm, không khô, hợp xay, rim, nướng.","Thịt thâm, rỉ nước, mỡ vàng.","Ngăn mát 1–2 ngày, ngăn đá 3–4 tháng.",2,120
thit_nac,"Thăn hoặc nạc đùi màu hồng nhạt, thớ mịn, mặt khô; thăn mềm nhất, hợp làm ruốc, áp chảo.",Thịt tái nhợt rỉ nước hoặc đỏ sẫm bầm.,"Ngăn mát 1–2 ngày, ngăn đá 3–4 tháng.",2,120
mo_heo,"Mỡ phần (mỡ lưng) trắng, dày, chắc; mỡ lá mềm hơn, hợp thắng mỡ nước.","Mỡ ngả vàng, mùi ôi.","Luôn để ngăn mát, không cấp đông: mỡ sống dùng trong 3–4 ngày; mỡ nước đã thắng đựng hũ kín dùng được vài tuần.",4,0
tai_heo,"Tai dày, sụn giòn, da trắng hồng, không còn lông.","Da thâm, có đốm, nhớt, mùi hôi.","Cạo sạch, chần qua nước sôi rồi cất; ngăn mát 1–2 ngày, ngăn đá 2 tháng.",2,60
luoi_heo,"Lưỡi dày, màu hồng nhạt, mặt lưỡi tươi, ấn thấy đàn hồi.","Lưỡi thâm tím, có vết bầm, mùi hôi.","Chần nước sôi để cạo lớp màng trắng; ngăn mát 1 ngày, ngăn đá 2 tháng.",1,60
da_heo,"Bì dày đều, trắng ngà, đã cạo sạch lông, ít mỡ bám.","Bì thâm, có đốm đỏ, nhớt, mùi hôi.","Luộc sơ, lạng bớt mỡ rồi cất; ngăn mát 1–2 ngày, ngăn đá 2 tháng.",2,60
thit_hop,"Hộp nguyên vẹn, không móp méo, không phồng nắp, còn hạn dùng.","Hộp phồng, rỉ sét, móp ở mép, đã quá hạn.","Hộp chưa mở để chỗ khô mát; đã mở thì chuyển sang hộp kín, ngăn mát dùng trong 2–3 ngày.",365,0
tao_do,"Quả to đều, vỏ đỏ sẫm bóng hơi nhăn, cùi dày, ngọt thơm.","Quả có mốc trắng hoặc lỗ mọt, vị chua, mùi lạ.",Hũ kín chỗ khô; mùa ẩm để ngăn mát cho khỏi mốc.,180,0
long_heo,"Lòng non trắng hồng, dày, dai, còn màng mỡ; tim gan đỏ nâu bóng.","Lòng thâm xanh, nhớt, mùi hôi.","Sơ chế kỹ với muối và giấm hoặc chanh; nấu trong ngày, ngăn đá được 1–2 tháng.",1,60
ga_ta,"Da vàng mỏng, có ít mỡ vàng dưới da, chân nhỏ, thịt săn, ức đầy.","Da thâm có nốt, thịt nhớt, mắt đục.",Ngăn mát 1–2 ngày; gà nguyên con ngăn đá được vài tháng.,2,180
ga_nguyen_con,"Gà ta da vàng mỏng, chân nhỏ, ức đầy, thịt săn; nhờ chặt sẵn theo món: chân cổ để canh, cánh để chiên, ức để xào hoặc súp, còn lại rang, om.","Da thâm có nốt, thịt nhớt, mắt đục, bụng phình.","Chặt và chia túi theo món ngay khi về; ngăn mát 1–2 ngày, ngăn đá 3–6 tháng (nguyên con để được lâu hơn chặt nhỏ).",2,180
canh_ga,"Cánh mập, da vàng căng, không trầy, không còn lông tơ.","Da nhớt, đầu cánh thâm, mùi hôi.","Rửa, để ráo rồi chia túi; ngăn mát 1–2 ngày, ngăn đá 3 tháng.",2,90
uc_ga,"Ức dày, thịt hồng nhạt, mặt khô, ấn đàn hồi.","Thịt tái trắng rỉ nước, có sọc trắng dày (thịt bở), mùi lạ.","Thái hoặc để nguyên miếng, chia túi phẳng; ngăn mát 1–2 ngày, ngăn đá 3 tháng.",2,90
chan_co_ga,"Chân to, da trắng ngà, không vết bầm; cổ, khung xương còn ít thịt bám, màu tươi.","Chân thâm, móng đen, da trầy nhớt; xương có mùi.","Chặt móng, chần sơ rồi cất; ngăn mát 1 ngày, ngăn đá 2–3 tháng – gom dần đủ một nồi canh hầm.",1,90
long_ga,"Mề chắc, gan nâu đỏ bóng, tim đỏ tươi.","Gan tái xám hoặc có đốm xanh, mề nhớt, mùi hôi.","Sơ chế với muối, rượu trắng; nấu trong ngày, ngăn đá 1–2 tháng.",1,60
nam_meo,"Tai mộc nhĩ khô đều, mặt trên nâu đen, mặt dưới xám, khô giòn, ngâm nở to và dai.","Tai vụn, ẩm mềm, có đốm mốc trắng hoặc mùi hắc.","Đồ khô: túi kín hoặc hũ kín chỗ khô ráo, để được 6–12 tháng; đã ngâm nở thì để ngăn mát, dùng trong 1–2 ngày.",180,0
nam_huong,"Nấm hương khô mũ dày, nứt hoa trắng trên mặt, chân ngắn, thơm đậm.","Mũ mỏng, vụn, ẩm, có mọt hoặc mùi mốc.","Đồ khô: hũ kín chỗ khô ráo 6–12 tháng (mùa ẩm để ngăn mát); ngâm nở rồi thì dùng trong ngày, giữ nước ngâm để nêm.",180,0
ca_dieu_hong,"Cá còn bơi khỏe, thân hồng tươi, mắt trong, mang đỏ; cá làm sẵn thịt trắng hồng, ấn đàn hồi.","Mang thâm, bụng phình, mùi bùn nồng.","Làm sạch, khứa, để ráo rồi chia túi; ngăn mát trong ngày, ngăn đá 2–3 tháng.",1,90
ca_ro_phi,"Cá còn sống, vảy bám chắc, mắt trong, mang đỏ.","Vảy tróc, bụng mềm, mùi bùn.","Làm sạch, để ráo, chia túi; ngăn mát trong ngày, ngăn đá 2–3 tháng.",1,90
ca_hoi,"Phi lê màu cam đỏ tươi, vân mỡ trắng rõ, mặt bóng, ấn đàn hồi; khay còn hạn, không đọng nước.","Thịt nhạt màu, khô mép, vân mỡ mờ, khay đọng nước, mùi tanh.",Để nguyên khay ngăn mát 1–2 ngày; ngăn đá 2–3 tháng (cắt phần từng bữa trước khi cấp đông).,1,90
cha_ca,"Chả dai, mặt vàng đều, thơm mùi cá và thì là, ấn đàn hồi.","Chả bở, nhớt, chua hoặc có mùi lạ.",Ngăn mát 2–3 ngày; ngăn đá 1–2 tháng.,2,60
tom_kho,"Tôm khô màu cam đỏ tự nhiên, thịt chắc, khô ráo, thơm ngọt.","Màu đỏ chói bất thường (nhuộm), ẩm, mốc, mùi khai.","Hũ kín chỗ khô hoặc ngăn mát, để được vài tháng.",120,180
gio_song,"Giò sống hồng tươi, dẻo, quết mịn, thơm mùi nước mắm.","Màu tái, nhớt, chua.",Dùng trong ngày; ngăn đá 1 tháng (ép dẹt túi cho nhanh rã).,1,30
lap_xuong,"Lạp xưởng khô, đỏ tươi tự nhiên, mỡ trắng trong, thơm mùi rượu.","Mỡ vàng, mốc, chảy dầu, mùi ôi.","Ngăn mát 1–2 tháng, ngăn đá 6 tháng.",30,180
he,"Lá hẹ xanh đậm, thẳng, không dập, gốc trắng.","Lá vàng úa, nhũn gốc.","Bọc giấy, cho túi, ngăn mát 3–4 ngày.",3,0
la_chanh,"Lá xanh đậm, dày, bóng, vò thơm.","Lá vàng, khô quắt.",Túi kín ngăn mát 1–2 tuần; ngăn đá được vài tháng.,10,120
ot_chuong,"Quả chắc, vỏ bóng căng, cuống xanh tươi, cầm nặng tay.","Vỏ nhăn, có vết thâm mềm, cuống héo.","Ngăn mát 5–7 ngày, để nguyên quả, không rửa trước.",6,0
doc_mung,"Dọc mùng thẳng, xanh nhạt, vỏ căng, bẻ giòn.","Dọc héo, nhũn, có vết thâm.","Bọc giấy ngăn mát 3–4 ngày; tước vỏ, bóp muối trước khi nấu cho đỡ ngứa.",3,0
cu_dau,"Củ tròn, vỏ mỏng, căng, cầm nặng tay.","Vỏ nhăn, có vết nứt, thâm.",Để chỗ thoáng mát 1–2 tuần; đã gọt thì ngăn mát 2 ngày.,10,0
toi_tay,"Thân trắng dài, lá xanh đậm thẳng, không dập.","Lá vàng, thân nhũn.",Bọc giấy ngăn mát 1 tuần.,7,0
cu_den,"Củ tròn, chắc, vỏ đỏ sẫm trơn, còn cuống lá tươi.","Củ mềm, nhăn, có vết thâm.","Cắt bỏ lá, ngăn mát 2–3 tuần.",14,0
mang_chua,"Măng vàng tươi, giòn, chua dịu, nước ngâm trong.","Màu trắng bệch (tẩy), nước đục, mùi hắc.","Ngâm trong nước muối chua, ngăn mát 1–2 tuần.",10,0
ky_tu,"Hạt đỏ cam tự nhiên, khô, mềm dẻo, ngọt nhẹ.","Đỏ chói bất thường, dính bết, mốc.",Hũ kín ngăn mát vài tháng.,120,0
sua_tuoi,"Hộp/chai còn hạn, không phồng, bao bì nguyên vẹn.","Hộp phồng, móp, quá hạn.",Ngăn mát; đã mở dùng trong 2–3 ngày.,5,0
sua_dac,"Hộp nguyên vẹn, còn hạn.","Hộp phồng, rỉ sét.","Chưa mở để chỗ khô; đã mở đậy kín, ngăn mát 2 tuần.",180,0
sua_chua,"Hũ còn hạn, mặt sữa chua mịn, mùi thơm chua nhẹ.","Hũ phồng, có nước vàng nhiều, mốc, mùi hăng.","Ngăn mát, dùng trước hạn in trên hũ.",7,0
gac,"Quả đỏ cam đều, gai to, tròn đầy, cuống còn tươi, cầm nặng tay; bổ ra ruột đỏ thắm, nhiều thịt quanh hạt.","Quả dập, chảy nước, có chỗ thâm đen; vỏ còn xanh nhiều (chưa chín, ruột nhạt màu).","Quả chín để chỗ thoáng mát 3–5 ngày hoặc ngăn mát khoảng 1 tuần; dùng dần thì lấy ruột, trộn chút rượu trắng (hoặc đường), chia túi để ngăn đá được vài tháng.",7,120
sa,"Cây sả to, gốc trắng mập, chắc, thơm khi bóp; lá còn xanh.","Gốc khô xốp, héo, thâm.","Cắt bỏ phần lá, bọc túi ngăn mát 1–2 tuần; sả băm sẵn chia túi để ngăn đá được vài tháng.",10,90
gung,"Củ gừng già vỏ nâu, chắc, nhiều xơ, thơm cay; gừng non vỏ mỏng hồng nhạt.","Củ mềm, nhăn, mọc mầm, có đốm mốc.",Để chỗ khô thoáng 2–3 tuần hoặc túi giấy ngăn mát; không để ẩm dễ mốc.,21,90
ot,"Quả căng bóng, cuống xanh tươi, màu đều.","Quả nhăn, thâm, cuống héo đen.","Ngăn mát 1 tuần; để lâu thì cấp đông nguyên quả, dùng dần.",7,120
hanh_tay,"Củ chắc, tròn, vỏ khô bóng, cổ củ nhỏ và khô, không mọc mầm.","Củ mềm, cổ ướt, có đốm mốc đen dưới vỏ, mọc mầm.","Để chỗ khô thoáng, không để chung với khoai tây, được 2–3 tuần; đã cắt thì bọc kín ngăn mát 2–3 ngày.",21,0
ba_chi_bo_my,"Lát ba chỉ bò Mỹ mỏng đều, thịt đỏ hồng xen mỡ trắng, cuộn còn đông cứng, khay không đọng nước.","Mỡ ngả vàng, thịt thâm, khay đọng nhiều nước hồng (đã rã đông rồi đông lại).","Để nguyên khay trong ngăn đá đến hôm nấu; rã đông rồi thì nấu trong ngày, không cấp đông lại.",1,90
thit_bo,"Thịt đỏ tươi, thớ nhỏ mịn, mỡ vàng nhạt, mặt khô.","Thịt đỏ sẫm ngả tím, thớ to, nhớt, mùi lạ.","Bò xay ngăn mát 1 ngày, bò tảng 2–3 ngày; ngăn đá 4–5 tháng.",2,150
ech,"Ếch sống nhanh nhẹn, da bóng, đùi mập; ếch làm sẵn thịt trắng hồng, chắc.","Ếch làm sẵn mùi tanh nồng, thịt bở.",Mua về làm ngay; ngăn đá 1–2 tháng.,1,60
vit,"Da vàng nhạt, mỡ dưới da trắng ngà, ức dày, ấn thịt đàn hồi; vịt chọn con vừa (2–2,5 kg) thịt mềm.","Da thâm, có vết bầm, nhớt, mùi hôi; vịt quá già da dày, nhiều mỡ vàng.",Ngăn mát 1–2 ngày; chặt sẵn chia phần để ngăn đá 3 tháng.,2,90
ngan,"Ngan thịt đỏ hồng, da mỏng trắng ngà, ức đầy; ngan non chân nhỏ, mỏ mềm.","Da thâm tím, nhớt, mùi hôi; ngan già thịt dai sẫm màu.","Ngăn mát 1–2 ngày, ngăn đá 3 tháng.",2,90
chim_cut,"Chim cút làm sẵn da hồng nhạt, thịt căng, ức đầy, không đứt rách.","Da thâm, khô hoặc nhớt, mùi lạ.","Ngăn mát 1 ngày, ngăn đá 2 tháng.",1,60
tom_hum,"Tôm còn sống, búng mạnh, râu dài nguyên, vỏ cứng bóng, đuôi cuộn chặt khi nhấc.","Tôm yếu, duỗi người, râu gãy, đầu đen.",Nấu ngay trong ngày (tôm chết đầu mau đen); luộc chín rồi mới để ngăn đá.,1,60
rong_sun,"Rong khô màu trắng ngà hoặc vàng nhạt, sạch cát, mùi biển nhẹ.","Rong ẩm mốc, mùi hôi.",Rong khô để hộp kín chỗ khô; đã ngâm nở thì ngăn mát 2–3 ngày.,180,0
ca_com,"Thân trắng bạc trong, thẳng, bụng nguyên, mắt trong.","Bụng đỏ hoặc vỡ, thân mềm, mùi ươn.",Cá cơm mau ươn – mua sáng nấu trưa; bỏ đầu ruột rồi để ngăn đá khoảng 1 tháng.,1,30
ca_nuc,"Thân căng tròn, vảy bóng ánh xanh, mắt trong lồi, mang đỏ tươi, ấn thịt đàn hồi.","Mắt đục lõm, mang thâm, bụng mềm.","Làm sạch rồi cất: ngăn mát 1 ngày, ngăn đá 2 tháng.",1,60
muc_tuoi,"Da óng ánh, đốm màu rõ, mắt trong, đầu dính chặt thân, thịt trắng trong và chắc.","Da bong tróc, thịt trắng đục, nhớt, đầu lỏng.","Ngăn mát 1 ngày, ngăn đá 2–3 tháng.",1,90
muc_mot_nang,"Thân dày, màu hồng ngà trong, mặt se khô, ấn đàn hồi.","Mực đỏ thâm, nhớt, mùi chua.","Mực một nắng chưa khô hẳn nên để ngăn đá, lấy ra nướng hoặc chiên ngay.",2,90
ca_mai,"Thân trong suốt, sáng bóng, còn nguyên con.","Thân đục trắng, nát.",Làm gỏi cá mai phải thật tươi – mua trong ngày; để chiên thì cất ngăn đá khoảng 1 tháng.,1,30
sua,"Sứa ăn liền trong, giòn, vàng ngà, không mùi hôi.","Sứa nhũn, mùi lạ.",Ngâm rửa nhiều nước cho bớt mặn chát; ngăn mát 3–5 ngày.,4,0
ca_ngu_dd,"Thịt đỏ tươi bóng, thớ mịn, không rỉ nước.","Thịt nâu sẫm hoặc xám, có vệt lạ.",Ngăn mát 1 ngày; ăn sống chỉ dùng cá đã cấp đông chuẩn; ngăn đá 2–3 tháng.,1,90
tom_the,"Vỏ trong cứng, đầu dính chặt thân, chân đuôi nguyên, màu xám xanh tự nhiên.","Đầu đen, vỏ mềm nhớt, có đốm đen; thân căng bất thường, bóp ra nước keo (tôm bơm tạp chất).","Ngăn mát 1 ngày; để nguyên vỏ trong hộp có ít nước rồi cấp đông, giữ được 3 tháng.",1,90
ca_thu,"Khúc cá thịt trắng hồng săn chắc, da bóng sọc rõ, máu đỏ tươi.","Thịt ngả nâu, bở, mùi tanh nồng.","Ngăn mát 1 ngày, ngăn đá 3 tháng.",1,90
cua_dong,"Cua còn sống bò khỏe, mai sẫm, càng chắc, cầm nặng tay.","Cua chết, nhẹ tay (óp).",Giã hoặc xay lọc ngay; nước cua hoặc cua xay để ngăn đá khoảng 1 tháng.,1,30
ca_bac_ma,"Thân căng tròn, da bạc óng, sọc rõ, mang đỏ.","Bụng mềm phình, mắt đục.","Ngăn mát 1 ngày, ngăn đá 2 tháng.",1,60
ca_chim,"Thân dày tròn, vảy trắng bạc sáng, mắt trong, mang đỏ hồng.","Thân thâm vàng, mềm.","Ngăn mát 1 ngày, ngăn đá 3 tháng.",1,90
ghe,"Ghẹ còn sống, cầm nặng tay, ấn yếm thấy chắc; ghẹ cái yếm tròn có gạch.","Ghẹ nhẹ tay, yếm mềm (óp, mới lột), chết, rụng chân.",Hấp hoặc luộc ngay; ghẹ chín bóc thịt để ngăn đá khoảng 1 tháng.,1,30
cua_bien,"Cua còn sống, mắt linh hoạt, nặng tay, bấm yếm và chân thấy cứng; cua gạch yếm rộng tròn.","Cua óp nhẹ tay, chết.","Giữ cua sống chỗ mát, phủ khăn ẩm, nấu trong ngày.",1,30
ngheu,"Vỏ khép chặt hoặc chạm vào thì khép lại, gõ hai con vào nhau nghe đanh.","Con há miệng không khép, vỏ vỡ, mùi hôi.","Ngâm nước muối loãng vài lát ớt 1–2 giờ cho nhả cát; để túi hở ở ngăn mát, nấu trong ngày.",1,0
oc,"Ốc còn sống, nắp miệng khép chặt, chạm vào rụt lại.","Mùi hôi, vỏ nhẹ (ốc chết).","Ngâm nước vo gạo với ớt cho nhả nhớt bẩn; luộc chín kỹ, nấu trong ngày.",1,0
so_diep,"Còn sống thì vỏ khép khi chạm; cồi trắng ngà, căng mọng.","Cồi rỉ nhiều nước, mùi lạ.",Ngăn mát 1 ngày; cồi tách sẵn để ngăn đá 2 tháng.,1,60
ca_chuon,"Thân thon, vây ngực dài, da xanh ánh bạc, mắt trong.","Bụng vỡ, thân mềm.",Cá mau ươn – nấu trong ngày; ngăn đá 2 tháng.,1,60
ca_ho,"Thân bạc sáng như kim loại, da không trầy, chắc.","Da ngả xám đen, mềm nhũn.","Ngăn mát 1 ngày, ngăn đá 2 tháng.",1,60
ca_trich,"Thân tròn bạc, mắt trong, vảy dính; làm gỏi thì cá phải còn cứng.",Bụng đỏ mềm.,Làm gỏi trong ngày; để chiên thì cất ngăn đá khoảng 1 tháng.,1,30
ca_ngu_soc_dua,"Sọc xanh đen rõ, thân chắc, mang đỏ, cá được ướp đá lạnh.","Thịt nâu đen, mùi hôi; cá ngừ để ấm lâu dễ sinh chất gây ngứa, tê môi.","Ngăn mát 1 ngày, ngăn đá 2 tháng.",1,60
ca_ngu_o,"Thân chắc, thịt đỏ sẫm, mang đỏ, cá được ướp đá lạnh.","Thịt nâu đen, mùi hôi; cá ngừ để ấm lâu dễ sinh chất gây ngứa, tê môi.","Ngăn mát 1 ngày, ngăn đá 2 tháng.",1,60
ca_chi_vang,"Cá tươi thân vàng óng, sọc vàng sáng, mắt trong; khô cá chỉ vàng màu vàng ngà, khô ráo.","Thân xỉn màu; khô cá nhớt, có mốc, mùi khét.","Cá tươi ngăn mát 1 ngày, ngăn đá 2 tháng; khô cá để túi kín ngăn mát.",1,60
ca_doi,"Thân tròn, vảy bạc sáng, mắt trong, bụng chắc.","Bụng phình mềm, mùi bùn.","Ngăn mát 1 ngày, ngăn đá 2 tháng.",1,60
ca_liet,"Thân trắng bạc, nhớt trong tự nhiên, cứng.","Thân mềm, bụng vỡ.",Nấu trong ngày; ngăn đá khoảng 1 tháng.,1,30
ca_duc,"Thân trắng bạc thon, mắt trong, thịt chắc.","Bụng mềm, mắt đục.",Cá mau ươn – chiên hoặc kho trong ngày; ngăn đá khoảng 1 tháng.,1,30
nhum,"Nhum còn sống, gai cử động, gai cứng không rụng; gạch vàng cam, chắc.","Gai rụng nhiều, mùi hôi.",Ăn hoặc nấu ngay trong ngày.,1,0
ruoc_tuoi,"Con trong, hồng nhạt, không nát, mùi biển tươi.","Ruốc đỏ thâm, nát nhão, mùi khai.",Nấu ngay; hoặc chia túi để ngăn đá khoảng 1 tháng.,1,30
oc_ruoc,"Ốc còn sống, vỏ bóng, miệng khép.","Mùi hôi, vỏ vỡ.","Ngâm cho nhả cát kỹ, nấu trong ngày.",1,0
rong_nho,"Hạt tròn căng mọng, xanh trong, giòn.","Hạt teo, nhũn, rụng nhiều.",Không để tủ lạnh (rong nho bị teo vì lạnh); để chỗ thoáng mát 2–3 ngày; rong tách nước ngâm nước sạch vài phút là nở.,3,0
hau,"Vỏ khép chặt, nặng tay; hàu tách vỏ thịt béo trắng ngà, nước trong.","Vỏ hé, mùi hôi.","Ngăn mát, dùng trong ngày; chỉ ăn sống khi biết rõ nguồn sạch.",1,0
ca_bop,"Khúc cá thịt trắng săn chắc, da đen bóng, mỡ trắng ngà.","Thịt ngả vàng, bở, mùi hôi.","Ngăn mát 1 ngày, ngăn đá 2 tháng.",1,60
ca_chep,"Cá còn sống bơi khỏe, vảy sáng bám chắc, mắt trong; cá làm sẵn mang đỏ, thịt chắc.","Vảy tróc, bụng phình mềm, mùi bùn nặng.","Làm sạch, rút hai đường gân dọc thân cho bớt tanh; ngăn mát 1 ngày, ngăn đá 2 tháng.",1,60
ca_tram,"Khúc cá thịt trắng hồng săn chắc, da bóng, vảy bám chắc; cá sống bơi khỏe.","Thịt bở, ngả vàng, mùi bùn nặng.","Ngăn mát 1 ngày, ngăn đá 2 tháng.",1,60
ca_com_kho,"Cá thẳng, khô ráo, màu trắng ngà hoặc vàng nhạt tự nhiên, mùi thơm.","Cá ẩm dính, đỏ hoặc trắng bóng bất thường, có mốc.","Túi kín để ngăn mát hoặc ngăn đá cho lâu, khỏi mọt.",60,180
hat_sen,"Hạt tròn đều, trắng ngà, thơm; sen tươi xanh nhạt.","Hạt trắng bóng như tẩy, có mọt.","Nhớ bỏ tim sen (đắng); sen khô để hũ kín, sen tươi ngăn mát 2–3 ngày hoặc ngăn đá.",3,180
dau_hat,"Hạt đều, bóng, chắc, không lẫn sạn, không mọt.","Hạt ẩm mốc, nhiều hạt lép, có lỗ mọt.","Hũ kín, chỗ khô; ngâm qua đêm cho mau nhừ.",180,0
mac_ca,"Hạt đều, vỏ nứt tự nhiên, nhân trắng ngà, thơm béo.","Nhân vàng sẫm, mùi dầu ôi.",Hũ kín; để ngăn mát được lâu hơn.,90,365
hat_dieu,"Nhân trắng ngà, nguyên hạt, giòn.","Nhân vàng thâm, mùi ôi, có mọt.",Hũ kín; để ngăn mát được lâu hơn.,90,365
trung,"Vỏ hơi nhám, không nứt, nặng tay; thả vào nước chìm nằm ngang là trứng mới.","Vỏ nứt, bóng quá mức, lắc nghe óc ách, nổi khi thả nước.","Không rửa trước khi cất; để đầu nhọn xuống, trong ngăn mát (không để cánh cửa tủ) 2–3 tuần.",21,0
bot_gao,"Bột trắng mịn, khô, mùi gạo thơm nhẹ.","Vón cục, mùi chua hay mốc, có mọt.","Hũ kín, chỗ khô.",90,0
bun,"Bún trắng ngà tự nhiên, sợi dai vừa, mùi gạo nhẹ; bánh canh, bánh hỏi chọn tương tự.","Trắng bóng quá mức, dai bất thường, mùi chua.","Mua trong ngày; dư thì ngăn mát 1 ngày, trụng lại nước sôi trước khi ăn.",1,0
banh_trang,"Bánh mỏng đều, trắng đục tự nhiên, không đốm mốc.","Bánh ẩm dẻo, mùi chua.","Túi kín, chỗ khô.",90,0
gao_nep,"Hạt tròn mẩy, trắng đục đều, ít gãy; nếp cẩm tím đen bóng.","Lẫn hạt trong (gạo tẻ), có mọt.","Hũ kín, chỗ khô.",180,0
dau_phu,"Miếng mịn, trắng ngà, thơm mùi đậu, ấn mềm có đàn hồi.","Mùi chua, nhớt, trắng bóng và cứng bất thường.","Ngâm nước sạch trong hộp kín ở ngăn mát, thay nước mỗi ngày, dùng trong 2–3 ngày; để đông thì đậu xốp, hợp kho.",2,60
ca_loc,"Cá còn sống bơi khỏe, da đen bóng có nhớt, bụng trắng.","Cá lờ đờ, xây xát, bụng to bất thường.","Làm ngay; đã làm sạch thì ngăn mát 1 ngày, ngăn đá 2 tháng.",1,60
luon,"Lươn còn sống, khỏe, da vàng bóng, mình tròn.","Lươn yếu hoặc chết, da xám nhạt.","Làm sạch nhớt bằng muối và giấm, nấu trong ngày; đã làm ngăn đá khoảng 1 tháng.",1,30
oc_dong,"Ốc còn sống, nắp miệng khép, vỏ không vỡ.","Mùi hôi, vỏ vỡ, ốc không rụt khi chạm.","Ngâm nước vo gạo với ớt vài giờ cho nhả bẩn; nấu chín kỹ, dùng trong ngày.",1,0
mia,"Cây thẳng, đốt dài, vỏ bóng không nứt, ruột trắng.","Ruột có vệt đỏ, mùi chua như rượu (mía mốc – không ăn).",Mía róc để hộp kín ngăn mát 2–3 ngày.,3,0
suong_sao,"Miếng dai giòn, đen bóng, thơm mùi thảo mộc.","Nhũn, chảy nước, mùi chua.",Ngăn mát 3–4 ngày.,4,0
mat_ong,"Mật sánh, rót chảy thành dòng không đứt, thơm hoa cà phê; mật kết tinh vẫn bình thường.","Mật loãng, sủi bọt, mùi chua.","Để chỗ khô, không cần tủ lạnh, không dùng thìa ướt.",365,0
yen_sao,"Sợi yến dày đều, màu trắng ngà tự nhiên, thơm nhẹ, ngâm nở dai.","Trắng tinh bất thường, ngâm nở bung như bột, mùi hóa chất.",Hộp kín chỗ khô; yến đã chưng để ngăn mát 2–3 ngày.,180,0
