ma_mon,ten_moi,url,tac_gia,anh_id,khau_phan_cookpad,he_so,thoi_gian_phut
trung_hap_van,,https://cookpad.com/vn/cong-thuc/13861574,Nguyễn Văn Linh,623761a093ba72ac,3,1.33,
luon_xao_sa_ot,,https://cookpad.com/vn/cong-thuc/13953473,Bí đỏ 👩‍🍳,350f6f62e8960e22,,1.0,
mien_luon,,https://cookpad.com/vn/cong-thuc/17289609,Bếp của Quỳnh,0d96d31b187d51f4,2,2.0,
oc_nau_chuoi_dau,,https://cookpad.com/vn/cong-thuc/17116216,Kim Dung .,4d6f2fd722f0069d,5,0.8,
nom_hoa_chuoi,,https://cookpad.com/vn/cong-thuc/16709283,Thu Mèo,ce067fe740d4279a,3,1.33,
che_chuoi,,https://cookpad.com/vn/cong-thuc/24781923,Annie Vo,dc7ff09c41839565,4,1.0,
lau_thai,,https://cookpad.com/vn/cong-thuc/17139562,Bòn Bon,e7dacaa60bf1f104,4,1.0,
tom_rang_chay_canh,Tôm rang thịt ba chỉ cháy cạnh,https://cookpad.com/vn/cong-thuc/16931774,Ngô Thị Hường,4e41cd9f739e8aad,3,1.33,
ca_ro_phi_ran,Cá rô phi chiên giòn sốt mắm tỏi,https://cookpad.com/vn/cong-thuc/25210380,Bòn Bon,be7ccbed61ffbe53,2,2.0,
ca_bac_ma_kho_tieu,Cá bạc má kho,https://cookpad.com/vn/cong-thuc/3567707,Đầu Bếp Nhỏ,591ff5f8775d5d63,,1.0,
long_heo_luoc,,https://cookpad.com/vn/cong-thuc/6132048,Tình Em Miền Tây TV,ad9d65a7d6e884af,,1.0,
long_heo_xao_dua_cai,,https://cookpad.com/vn/cong-thuc/25298671,Hoàng Thị Tố Hà,54be625b55a1b9f2,2,2.0,
luoi_heo_luoc,,https://cookpad.com/vn/cong-thuc/25057956,Annie Vo,65c5dddaf809c06e,3,1.33,
com_ga_hoi_an,,https://cookpad.com/vn/cong-thuc/24843051,chillylinh,7079ab012e15f712,3,1.33,
su_su_xao_thit_bo,,https://cookpad.com/vn/cong-thuc/25055686,Khanh Tran,4b735d82b8f2014f,2,2.0,
ech_xao_mang_cay,Ếch xào măng,https://cookpad.com/vn/cong-thuc/13942449,hương,068fd95b2e0dd3e9,,1.0,
nem_nam_dui_ga,Nem thính nấm đùi gà (chay),https://cookpad.com/vn/cong-thuc/24707092,Selena Nguyễn,0c832609bfb897bd,,1.0,
nam_dui_ga_xao_toi,,https://cookpad.com/vn/cong-thuc/25183759,chillylinh,1c90a4717df163f9,2,2.0,
bi_ngo_non_xao_toi,Bí ngòi xào tỏi,https://cookpad.com/vn/cong-thuc/16978429,Nguyễn Hồng Ngọc,a7a568f3dc1424cc,,1.0,
kho_qua_nhoi_thit_hap,Canh khổ qua nhồi thịt,https://cookpad.com/vn/cong-thuc/26351790,QUÂN NGUYỄN,afc0c999a33e12eb,,1.0,
ca_dieu_hong_sot_ca_chua,,https://cookpad.com/vn/cong-thuc/13948696,Lý Ngô,546605580bc17e4a,2,2.0,
ca_dieu_hong_om_dua,,https://cookpad.com/vn/cong-thuc/15741746,Ku Lợi,ba8c041768cadef2,3,1.33,
ca_dieu_hong_nuong_giay_bac,,https://cookpad.com/vn/cong-thuc/9532729,Nhunhi Vo,8897c576fbc2cfb4,,1.0,
nam_kho_tieu,Thịt kho nấm đùi gà tiêu xanh,https://cookpad.com/vn/cong-thuc/16048405,Nhà Vân,f5a226b46d0dc96d,,1.0,
nam_rom_xao_thit_bo,,https://cookpad.com/vn/cong-thuc/10502400,Bòn Bon,ab5f5a46c46622e3,,1.0,
nam_bao_ngu_xao_hanh_tay,,https://cookpad.com/vn/cong-thuc/13468612,Tâm Hoa Nguyễn,0b284515b849541d,,1.0,
canh_nam_kim_cham_thit_bam,Canh nấm kim châm nấu thịt viên,https://cookpad.com/vn/cong-thuc/24756992,QUÂN NGUYỄN,940389d4c9a08a82,4,1.0,
nam_huong_nhoi_thit_hap,Nấm đông cô nhồi thịt hấp,https://cookpad.com/vn/cong-thuc/6610195,DiepngocNguyen,ff63c86629dac441,,1.0,
ga_rang_gung,,https://cookpad.com/vn/cong-thuc/15338144,Nguyễn Văn Đạt,55c497e801dcf0ce,3,1.33,
ga_xao_sa_ot,,https://cookpad.com/vn/cong-thuc/24359946,Bòn Bon,63aabfc982e14d58,4,1.0,
ga_kho_sa,,https://cookpad.com/vn/cong-thuc/17016218,Trang Nguyen,d4d05e5fb638bf59,,1.0,
ngan_xao_sa_ot,,https://cookpad.com/vn/cong-thuc/25750122,Thu Mèo,9c8e582f22813e0d,,1.0,
vit_om_sau,,https://cookpad.com/vn/cong-thuc/15466403,Mẹ PiPi,3cc03ba8adb8d4af,,1.0,
vit_kho_gung,,https://cookpad.com/vn/cong-thuc/25091702,chillylinh,9ad111678b5efdd1,2,2.0,
canh_ga_tan_hat_sen,,https://cookpad.com/vn/cong-thuc/14853161,Phan Bao Van,5b15a5b72c1ff5fe,,1.0,
ga_tiem_thuoc_bac,,https://cookpad.com/vn/cong-thuc/15237558,Bếp mợ Tým,5e9920e6baf65429,2,2.0,
bo_xao_kho_qua,,https://cookpad.com/vn/cong-thuc/12367286,Món Ngon Miền Quê,6f61519c4f2b00bd,2,2.0,
bo_xao_thien_ly,,https://cookpad.com/vn/cong-thuc/15281401,Linh Phạm,f6cbb4e9ce5d9185,4,1.0,
bo_bit_tet,,https://cookpad.com/vn/cong-thuc/303307,Nguyen Eri,b1e43e5d71b51313,,1.0,
bo_xao_ot_chuong,,https://cookpad.com/vn/cong-thuc/24717344,Annie Vo,e560e4914b067493,3,1.33,
bo_ham_tieu_xanh,,https://cookpad.com/vn/cong-thuc/5056992,Riya Nguyễn,1f66368a8863e36d,3,1.33,
bo_tai_chanh,,https://cookpad.com/vn/cong-thuc/17064308,Arany Green,82eb1b2353613075,,1.0,
canh_bo_nau_chua,,https://cookpad.com/vn/cong-thuc/24567508,Rose Truong,50ccb4ef8b262bd1,2,2.0,
bo_xao_dua_chua,,https://cookpad.com/vn/cong-thuc/11616610,Nam Trần,1450cbea3f214b4b,,1.0,
bo_ham_dua_chua,,https://cookpad.com/vn/cong-thuc/15326325,Trâm Nguyễn,dc3725639731bfec,3,1.33,
thit_chung_mam_tep,,https://cookpad.com/vn/cong-thuc/25031787,Quyen Nguyen,2c5ebf7bfaf5c52d,,1.0,
ruoc_thit_heo,,https://cookpad.com/vn/cong-thuc/16686727,Huyền nguyễn Khánh,4a9906ff4a3525c7,10,0.4,
gan_heo_xao_hanh,,https://cookpad.com/vn/cong-thuc/17096888,Hồng Hiếu Nguyễn,d79a90bc73dc48c5,3,1.33,
tim_cat_xao_can_toi,Tim cật heo xào hành tây,https://cookpad.com/vn/cong-thuc/15991606,Thu Mèo,920e158ac0c0c56b,,1.0,
suon_nuong_mat_ong,,https://cookpad.com/vn/cong-thuc/16200509,Ruby like cook,a9d7a58bb461b199,6,0.67,
thit_quay_gion_bi,,https://cookpad.com/vn/cong-thuc/17154402,Phương Anh Nguyễn,602f908c4c87fe39,2,2.0,
gia_cay_chan_gio,,https://cookpad.com/vn/cong-thuc/24311710,Trang Anh,bc778724750d224c,,1.0,
mong_gio_ham_mang,,https://cookpad.com/vn/cong-thuc/24609462,Rose Truong,2e84c39f22fc5a96,,1.0,
xiu_mai_sot_ca,,https://cookpad.com/vn/cong-thuc/24287970,Pham Huyen,3072bc9d80ad3dc4,4,1.0,
thit_kho_dua_cai,,https://cookpad.com/vn/cong-thuc/7372762,Andy Nguyen,5d40dc5324c49668,,1.0,
tau_hu_ky_cuon_thit,Tàu hũ ky cuốn tôm thịt,https://cookpad.com/vn/cong-thuc/6060014,Joyce Ch,56b5b2a50144d7cc,,1.0,
ba_chi_xao_kim_chi,,https://cookpad.com/vn/cong-thuc/5459508,Trần Thị Ngọc Ý,2f667fa7b3e16ce1,,1.0,
canh_kim_chi_thit_dau_phu,Canh kim chi thịt ba chỉ,https://cookpad.com/vn/cong-thuc/15194670,Andrea Nguyen,4a13303a8c2f6a2e,,1.0,
ca_liet_chien_gion,Cá liệt chiên sả ớt,https://cookpad.com/vn/cong-thuc/15453762,Nguyen Thanh Mai,0d9590d74a121523,,1.0,
ca_ho_chien_sa,Cá hố chiên,https://cookpad.com/vn/cong-thuc/24778324,Bòn Bon,61b9ba38ba857cef,3,1.33,
ca_trich_chien_gion,,https://cookpad.com/vn/cong-thuc/22606783,Lyn Huynh,b120aa537da581d6,,1.0,
ca_bop_kho_tieu,,https://cookpad.com/vn/cong-thuc/24239915,Bòn Bon,1763ee6c16119779,2,2.0,
ca_doi_kho_tieu,,https://cookpad.com/vn/cong-thuc/3557373,Jimmy Nguyen,cdd658cfbf7fe3ee,1,4.0,
ca_chep_om_dua,,https://cookpad.com/vn/cong-thuc/22673950,Huỳnh Phát,cb80f5e519d2350b,6,0.67,
canh_dua_chua_nau_ca_loc,,https://cookpad.com/vn/cong-thuc/12171433,Chi Nguyễn,d6f86b6613d9bd96,3,1.33,
tom_chien_xu,,https://cookpad.com/vn/cong-thuc/25178107,YumMy,1b2640c6d90b928e,1,4.0,
muc_chien_gion,,https://cookpad.com/vn/cong-thuc/15289129,Rose Truong,a7ad5cdeeaab57e4,2,2.0,
muc_xao_can_toi,,https://cookpad.com/vn/cong-thuc/22625767,Nhà Vân,689346b16e7a9f36,2,2.0,
hau_nuong_mo_hanh,,https://cookpad.com/vn/cong-thuc/16991586,Hồng Hiếu Nguyễn,2cca61627e68cd8b,3,1.33,
ngheu_xao_sa_ot,,https://cookpad.com/vn/cong-thuc/9800537,NPNQ,7e751f48e2ef8d83,,1.0,
trung_xao_ca_chua,,https://cookpad.com/vn/cong-thuc/17002795,Hồng Hiếu Nguyễn,9f4b99cbbf86769a,2,2.0,
lau_kim_chi_hai_san,,https://cookpad.com/vn/cong-thuc/6391031,Xuân Đặng,3ce527efd86c68fe,,1.0,
nuoc_ep_oi,,https://cookpad.com/vn/cong-thuc/16433780,Nhà Vân,6ca2dff8dd9ecf42,2,1.0,
nuong_kieu_han_kim_chi,Thịt ba chỉ nướng kiểu Hàn ăn kèm kim chi,https://cookpad.com/vn/cong-thuc/24169322,Yuri,bdb3a64da9699774,2,2.0,
hai_san_nuong_mo_hanh,Sò điệp nướng mỡ hành,https://cookpad.com/vn/cong-thuc/16222488,katomi,40d93404ffc75cd2,2,2.0,
mien_xao_long_ga,,https://cookpad.com/vn/cong-thuc/26527242,Hoàng Thị Tố Hà,14d7290251d05948,5,0.8,
pad_thai,,https://cookpad.com/vn/cong-thuc/26547815,Hoàng Nga,b9d77ca33cd7e07f,,1.0,
xoi_gac,,https://cookpad.com/vn/cong-thuc/16791230,Kim Dung .,58a8326bce144f76,4,1.0,
sinh_to_gac,,https://cookpad.com/vn/cong-thuc/10811413,Nguyễn Bá Tùng,fa66951ad94756e9,,1.0,
cuu_nuong,Sườn cừu nướng,https://cookpad.com/vn/cong-thuc/15693341,Stella Nguyen,089f7303c43323d3,,1.0,
gia_xao_he,,https://cookpad.com/vn/cong-thuc/25651895,Annie Vo,9649406bf902732f,2,2.0,
xa_lach_tron_dau_giam,Xà lách trộn dầu giấm,https://cookpad.com/vn/cong-thuc/941225,Nguyễn Tiến Trung,d894c3922d1d95ce,,1.0,
mang_tay_luoc_cham_xi_dau_trung,Măng tây luộc,https://cookpad.com/vn/cong-thuc/13194168,Rose Truong,9b57144da44c42f0,,1.0,
canh_dau_phu_ca_chua,Canh cà chua đậu phụ non,https://cookpad.com/vn/cong-thuc/17007537,Minh Ngọc,35731a21e48d6cd4,1,4.0,
canh_cai_thao_dau_hu_nam,Canh cải thảo đậu hũ non,https://cookpad.com/vn/cong-thuc/13088750,Nguyễn Hoàng Yến,e54807970b102330,,1.0,
canh_tom_nau_thom,Canh chua tôm nấu thơm cà chua,https://cookpad.com/vn/cong-thuc/1217108,Khổng Kiều,4136693a47b70691,,1.0,
suon_xao_chua_ngot,,https://monngonmoingay.com/suon-xao-chua-ngot/,Món Ngon Mỗi Ngày,https://monngonmoingay.com/wp-content/uploads/2015/08/suon-xao-chua-ngot4.jpg,4,1.0,20
vit_nau_thom,,https://monngonmoingay.com/vit-nau-thom/,Món Ngon Mỗi Ngày,https://monngonmoingay.com/wp-content/uploads/2015/08/813.jpg,4,1.0,40
bo_kho,,https://monngonmoingay.com/bo-kho/,Món Ngon Mỗi Ngày,https://monngonmoingay.com/wp-content/uploads/2019/04/bo-kho.jpg,4,1.0,30
khoai_tay_xao_bo,,https://monngonmoingay.com/khoai-tay-xao-thit-bo/,Món Ngon Mỗi Ngày,https://monngonmoingay.com/wp-content/uploads/2015/08/IMG_0460_khoai-tay-xao-thit-bo.jpg,4,1.0,20
canh_muop_mong_toi,,https://monngonmoingay.com/canh-muop-mong-toi-nau-tom/,Món Ngon Mỗi Ngày,https://monngonmoingay.com/wp-content/uploads/2025/04/canh-muop-mong-toi-nau-tom-540x360-update.png,4,1.0,10
canh_muc_nau_chua,,https://monngonmoingay.com/canh-muc-nau-chua/,Món Ngon Mỗi Ngày,https://monngonmoingay.com/wp-content/uploads/2018/09/canh-muc-nau-chua-300-min.jpg,4,1.0,30
chao_ech,,https://monngonmoingay.com/chao-ech/,Món Ngon Mỗi Ngày,https://monngonmoingay.com/wp-content/uploads/2015/09/ChaoEch_305.jpg,,1.0,
nui_xao_bo,,https://monngonmoingay.com/nui-xao-bo/,Món Ngon Mỗi Ngày,https://monngonmoingay.com/wp-content/uploads/2015/08/1227.jpg,4,1.0,30
pho_ga,,https://monngonmoingay.com/pho-ga/,Món Ngon Mỗi Ngày,https://monngonmoingay.com/wp-content/uploads/2015/08/2.phoga3_.jpg,4,1.0,180
bun_thit_nuong,,https://monngonmoingay.com/bun-thit-nuong/,Món Ngon Mỗi Ngày,https://monngonmoingay.com/wp-content/uploads/2015/08/1.bunthitnuong1.jpg,4,1.0,30
chao_trung_thit_bam,,https://monngonmoingay.com/chao-trung-thit-bam/,Món Ngon Mỗi Ngày,https://monngonmoingay.com/wp-content/uploads/2015/08/chao-trung-thit-bam-305-150.jpg,4,1.0,30
bo_nhung_giam,,https://monngonmoingay.com/bo-nhung-giam/,Món Ngon Mỗi Ngày,https://monngonmoingay.com/wp-content/uploads/2015/08/201304240925530000003_bo-nhung-giam-v21.jpg,4,1.0,15
luon_om_chuoi_dau,,https://monngonmoingay.com/luon-om-chuoi-dau/,Món Ngon Mỗi Ngày,https://monngonmoingay.com/wp-content/uploads/2015/08/201208230628100000008_mn-ngon-mi-ngy-luon-om-chuoi-dau-11.jpg,4,1.0,15
canh_bo_kim_chi,,https://monngonmoingay.com/canh-kim-chi-thit-bo/,Món Ngon Mỗi Ngày,https://monngonmoingay.com/wp-content/uploads/2015/08/IMG-0200-canh-kim-chi-thit-bo.jpg,4,1.0,35
canh_chua_ca_dieu_hong,,https://monngonmoingay.com/canh-chua-ca-dieu-hong/,Món Ngon Mỗi Ngày,https://monngonmoingay.com/wp-content/uploads/2023/07/canh-ca-dieu-hong-300.jpg,4,1.0,45
ga_rang_muoi,,https://monngonmoingay.com/ga-rang-muoi/,Món Ngon Mỗi Ngày,https://monngonmoingay.com/wp-content/uploads/2016/03/Ga-rang-muoi_305-e1457652760506.jpg,4,1.0,30
chim_cut_ro_ti,,https://monngonmoingay.com/chim-cut-ro-ti/,Món Ngon Mỗi Ngày,https://monngonmoingay.com/wp-content/uploads/2015/08/31.png,4,1.0,40
ca_chuon_kho_man,,https://monngonmoingay.com/ca-chuon-kho-mit-non/,Món Ngon Mỗi Ngày,https://monngonmoingay.com/wp-content/uploads/2017/03/4-305.jpg,4,1.0,45
ca_duc_chien_gion,,https://monngonmoingay.com/ca-duc-chien-gion/,Món Ngon Mỗi Ngày,https://monngonmoingay.com/wp-content/uploads/2018/05/ca-duc-chien-gion-300-min.jpg,4,1.0,25
com_chien_kim_chi,,https://monngonmoingay.com/com-chien-kim-chi/,Món Ngon Mỗi Ngày,https://monngonmoingay.com/wp-content/uploads/2023/12/com-chien-kim-chi-3.jpg,4,1.0,30
tom_nuong_muoi_ot,,https://monngonmoingay.com/tom-nuong-muoi-ot/,Món Ngon Mỗi Ngày,https://monngonmoingay.com/wp-content/uploads/2015/08/18.png,4,1.0,35
suon_ram_man_ngot,,https://monngonmoingay.com/suon-ram-man/,Món Ngon Mỗi Ngày,https://monngonmoingay.com/wp-content/uploads/2015/08/Suon-ram-man-305-150.jpg,4,1.0,20
cha_la_lot,,https://monngonmoingay.com/cha-thit-la-lot/,Món Ngon Mỗi Ngày,https://monngonmoingay.com/wp-content/uploads/2019/05/cha-thit-la-lot-300.jpg,4,1.0,30
canh_khoai_so_suon,,https://monngonmoingay.com/canh-suon-khoai-so/,Món Ngon Mỗi Ngày,https://monngonmoingay.com/wp-content/uploads/2015/08/IMG-0295-canh-suon-khoai-so.jpg,4,1.0,15
canh_ca_ngu_nau_ca_thom,,https://monngonmoingay.com/canh-thom-ca-ngu/,Món Ngon Mỗi Ngày,https://monngonmoingay.com/wp-content/uploads/2016/06/36_CQC3888_CanhThomCaNgu-305-150.jpg,4,1.0,25
canh_ca_nau_ngot,,https://monngonmoingay.com/canh-ca-chim-nau-ngot/,Món Ngon Mỗi Ngày,https://monngonmoingay.com/wp-content/uploads/2015/08/canhcachimnaungot2.jpg,4,1.0,15
long_ga_xao_gia_dua,,https://monngonmoingay.com/gia-he-xao-long-ga/,Món Ngon Mỗi Ngày,https://monngonmoingay.com/wp-content/uploads/2015/08/1142.jpg,4,1.0,20
ca_liet_kho_ca_chua,,https://monngonmoingay.com/ca-doi-kho-ca-chua/,Món Ngon Mỗi Ngày,https://monngonmoingay.com/wp-content/uploads/2015/08/CaDoiKhoCaChua_CQC9514.jpg,4,1.0,30
canh_bo_nau_dua_ca_chua,,https://cookpad.com/vn/cong-thuc/16801944,Lan Vy,517ba38a507a9668,2,2.0,
ca_song_mui_chien,,https://cookpad.com/vn/cong-thuc/23979472,Pham Huyen,f0eab0e7a60ac6fb,4,1.0,
ca_song_mui_kho_tieu,,https://cookpad.com/vn/cong-thuc/3557373,Jimmy Nguyen,cdd658cfbf7fe3ee,,1.0,
nuoc_che_xanh,,https://www.dienmayxanh.com/vao-bep/cach-nau-nuoc-che-xanh-ngon-giai-nhiet-mua-he-tot-cho-suc-08836,Điện máy XANH,,,1.0,
nuoc_voi,,https://www.vinmec.com/vie/bai-viet/cac-tac-dung-cua-la-voi-vi,Vinmec,https://www.vinmec.com/static/uploads/20220407_091536_680063_tac_dung_cua_la_voi_max_1800x1800_jpg_4bd5bda85f.jpg,,1.0,
tra_gao_lut_dau_den,,https://cookpad.com/vn/cong-thuc/4033571,Bòn Bon,c7ba9a963d61de39,,1.0,
tra_hoa_cuc,,https://cookpad.com/vn/cong-thuc/15885635,Dory,1d9da6e3e07c0b66,,1.0,
tra_tao_do_ky_tu,,https://cookpad.com/vn/cong-thuc/9272849,Mẹ MonMin,2f7f9dec7940eee1,,1.0,
tra_gung_sa,,https://cookpad.com/vn/cong-thuc/16076030,Nhà Vân,bd9a1c5aa8525b77,,1.0,
tra_atiso,,https://cookpad.com/vn/cong-thuc/2299972,Rose Truong,e95e4dcd6979e9eb,,1.0,
nuoc_rau_ngo,,https://cookpad.com/vn/cong-thuc/26397258,Khanh Tran,47fab2a39023d29a,,1.0,
