ma_mon,khau_phan_cookpad,he_so,thoi_gian_phut,nguon_cong_thuc
dau_hu_non_sot_thit_bam,4,1.0,,https://cookpad.com/vn/cong-thuc/16785833
thit_bam_rang_man_ngot,3,1.33,,https://cookpad.com/vn/cong-thuc/16351277
ba_chi_rang_chay_canh,3,1.33,,https://cookpad.com/vn/cong-thuc/25261491
thit_ba_chi_rim_man_ngot,2,2.0,,https://cookpad.com/vn/cong-thuc/25729384
ca_tim_om_thit_bam,3,1.33,,https://cookpad.com/vn/cong-thuc/16641002
khoai_tay_xao_thit_bam,4,1.0,,https://cookpad.com/vn/cong-thuc/24754176
cha_gio_re,40,0.1,,https://cookpad.com/vn/cong-thuc/8482066
thit_heo_mot_nang_chien,4,1.0,,https://cookpad.com/vn/cong-thuc/22562519
suon_xao_chua_ngot,4,1.0,,https://cookpad.com/vn/cong-thuc/26333608
suon_non_kho_thom,5,0.8,,https://cookpad.com/vn/cong-thuc/24839862
thit_ba_chi_sot_ca_chua,,1.0,,https://cookpad.com/vn/cong-thuc/5222899
thit_dong,4,1.0,,https://cookpad.com/vn/cong-thuc/217132
thit_luoc_cham_mam_dua_leo,3,1.33,,https://cookpad.com/vn/cong-thuc/22560971
thit_vien_sot_ca_chua,4,1.0,,https://cookpad.com/vn/cong-thuc/12222398
suon_ram_man_ngot,3,1.33,,https://cookpad.com/vn/cong-thuc/25300672
cha_la_lot,3,1.33,,https://cookpad.com/vn/cong-thuc/15556832
thit_heo_kho_tieu,4,1.0,,https://cookpad.com/vn/cong-thuc/13820757
ca_loc_kho_to,3,1.33,,https://cookpad.com/vn/cong-thuc/217193
ca_kho_rieng,3,1.33,,https://cookpad.com/vn/cong-thuc/5514398
ca_hoi_sot_ca_chua,2,2.0,,https://cookpad.com/vn/cong-thuc/2991329
ca_dieu_hong_hap_nam_kim_cham,4,1.0,,https://cookpad.com/vn/cong-thuc/17277935
ca_chim_hap_xi_dau,4,1.0,,https://cookpad.com/vn/cong-thuc/16718192
ca_bac_ma_kho_thom,2,2.0,,https://cookpad.com/vn/cong-thuc/26323488
ca_thu_nuong_muoi_tieu,,1.0,,https://cookpad.com/vn/cong-thuc/13561985
cha_ca_sot_ca_chua,2,2.0,,https://cookpad.com/vn/cong-thuc/16917510
kho_ca_chi_vang_rim_chua_ngot,1,4.0,,https://cookpad.com/vn/cong-thuc/17066255
ca_thu_sot_ca_chua,2,2.0,,https://cookpad.com/vn/cong-thuc/16366696
ca_ngu_kho_tieu,,1.0,,https://cookpad.com/vn/cong-thuc/5505039-ca-ng%E1%BB%AB-kho-tieu
ca_nuc_kho_ca_chua,,1.0,,https://cookpad.com/vn/cong-thuc/13958057
cha_ca_thu_chien,,1.0,,https://cookpad.com/vn/cong-thuc/647465-ch%E1%BA%A3-ca-thu-chien
ca_com_kho_rim_dau_phong,5,0.8,,https://cookpad.com/vn/cong-thuc/14029575
ca_thu_chien_sa,3,1.33,,https://cookpad.com/vn/cong-thuc/25276733
dau_hap_tom_thit_sot_chua_ngot,1,4.0,,https://cookpad.com/vn/cong-thuc/217179
muc_xao_dua,3,1.33,,https://cookpad.com/vn/cong-thuc/217191
tom_thit_rim_man_ngot,,1.0,,https://cookpad.com/vn/cong-thuc/13190014
sua_tron_mam_nhi,2,2.0,,https://cookpad.com/vn/cong-thuc/23939150
ngheu_hap_sa,,1.0,,https://cookpad.com/vn/cong-thuc/7300663
muc_hap_hanh_gung,,1.0,,https://cookpad.com/vn/cong-thuc/7404028
oc_huong_luoc,2,2.0,,https://cookpad.com/vn/cong-thuc/13242489
tom_rang_muoi,4,1.0,,https://cookpad.com/vn/cong-thuc/25299365
cha_muc,,1.0,,https://cookpad.com/vn/cong-thuc/16939202
tom_hap_nuoc_dua,,1.0,,https://cookpad.com/vn/cong-thuc/5739759
ghe_hap_gung_sa,,1.0,,https://cookpad.com/vn/cong-thuc/15804786-gh%E1%BA%B9-h%E1%BA%A5p
so_diep_nuong_mo_hanh,2,2.0,,https://cookpad.com/vn/cong-thuc/16222488
muc_ong_nhoi_thit_sot_ca,3,1.33,,https://cookpad.com/vn/cong-thuc/11770565
cua_rang_me,3,1.33,,https://cookpad.com/vn/cong-thuc/3009864-cua-rang-me
nom_ga_rau_thom,3,1.33,,https://cookpad.com/vn/cong-thuc/217184
canh_ga_nuong_sa,2,2.0,,https://cookpad.com/vn/cong-thuc/217124
thit_ga_sot_chua_ngot,2,2.0,,https://cookpad.com/vn/cong-thuc/25799674
vit_chay_toi,4,1.0,,https://cookpad.com/vn/cong-thuc/15614258
ga_xao_ngo,2,2.0,,https://cookpad.com/vn/cong-thuc/26061108
canh_ga_chien_nuoc_mam,3,1.33,,https://cookpad.com/vn/cong-thuc/4579470
vit_nau_thom,6,0.67,,https://cookpad.com/vn/cong-thuc/25718470
cha_uc_ga_nam_huong,3,1.33,,https://cookpad.com/vn/cong-thuc/25218609
dui_ga_rut_xuong_ap_chao,2,2.0,,https://cookpad.com/vn/cong-thuc/25759126
ga_kho_gung,3,1.33,,https://cookpad.com/vn/cong-thuc/24631325
ga_om_nam,,1.0,,https://cookpad.com/vn/cong-thuc/11139096
ca_ri_ga,6,0.67,,https://cookpad.com/vn/cong-thuc/910411-ca-ri-ga
vit_luoc_cham_mam_gung,2,2.0,,https://cookpad.com/vn/cong-thuc/24337187
bo_xao_luc_lac,1,4.0,,https://cookpad.com/vn/cong-thuc/217190
bo_kho,1,4.0,,https://cookpad.com/vn/cong-thuc/217115
bap_bo_ngam_chua_ngot,2,2.0,,https://cookpad.com/vn/cong-thuc/217148
bap_bo_hap_sa_gung,,1.0,,https://cookpad.com/vn/cong-thuc/14872375
bo_xao_mang_tay,2,2.0,,https://cookpad.com/vn/cong-thuc/25375748
bo_xao_hanh_tay,2,2.0,,https://cookpad.com/vn/cong-thuc/24633399
bo_vien_sot_ca_chua,,1.0,,https://cookpad.com/vn/cong-thuc/6854874
trung_chien_nuoc_mam,4,1.0,,https://cookpad.com/vn/cong-thuc/23958089
trung_chung_ca_chua,1,4.0,,https://cookpad.com/vn/cong-thuc/2573005
dau_hu_nhoi_thit_sot_ca_chua,2,2.0,,https://cookpad.com/vn/cong-thuc/26656584
dau_hu_trung_sot_nam,2,2.0,,https://cookpad.com/vn/cong-thuc/16401406
nam_rom_kho_dau_hu,,1.0,,https://cookpad.com/vn/cong-thuc/24570935
trung_cut_rim_nuoc_mam,,1.0,,https://cookpad.com/vn/cong-thuc/11951685
dau_phu_ran_cham_mam_hanh,,1.0,,https://cookpad.com/vn/cong-thuc/11029910
cuu_nuong,2,2.0,90,https://cookpad.com/vn/cong-thuc/tao-moi
kho_qua_xao_trung,4,1.0,,https://cookpad.com/vn/cong-thuc/16968433
bap_cai_xao_trung,,1.0,,https://cookpad.com/vn/cong-thuc/14850511
bap_cai_xao_toi,,1.0,,https://cookpad.com/vn/cong-thuc/16956444
dau_co_ve_xao_toi,2,2.0,,https://cookpad.com/vn/cong-thuc/9796672
su_hao_xao_ca_rot_nam_meo,2,2.0,,https://cookpad.com/vn/cong-thuc/25351490
goi_buoi,3,1.33,,https://cookpad.com/vn/cong-thuc/301379
dua_leo_tron,2,2.0,,https://cookpad.com/vn/cong-thuc/25879494
mang_tay_xao_toi,2,2.0,,https://cookpad.com/vn/cong-thuc/16555579
dot_su_su_xao_toi,2,2.0,,https://cookpad.com/vn/cong-thuc/15411295
rau_bi_xao_toi,6,0.67,,https://cookpad.com/vn/cong-thuc/254232
cai_chip_xao,2,2.0,,https://cookpad.com/vn/cong-thuc/24619417
muop_xao,2,2.0,,https://cookpad.com/vn/cong-thuc/25047120
bau_xao_nam_bao_ngu,,1.0,,https://cookpad.com/vn/cong-thuc/5335281
goi_du_du_tom_thit,,1.0,,https://cookpad.com/vn/cong-thuc/16309298
goi_xoai_tom_kho,5,0.8,,https://cookpad.com/vn/cong-thuc/291668
ca_tim_nuong_mo_hanh,,1.0,,https://cookpad.com/vn/cong-thuc/14326562
dau_ha_lan_xao_tau_hu_ky_nam_meo,3,1.33,,https://cookpad.com/vn/cong-thuc/26646759
rau_lang_luoc_cham_kho_quet,,1.0,,https://cookpad.com/vn/cong-thuc/4549647-rau-lu%E1%BB%99c-ch%E1%BA%A5m-kho-qu%E1%BA%B9t
cai_ngot_xao_toi,,1.0,,https://cookpad.com/vn/cong-thuc/3531724
rau_den_luoc,,1.0,,https://cookpad.com/vn/cong-thuc/16150297
cai_thao_xao_nam,3,1.33,,https://cookpad.com/vn/cong-thuc/836418
gia_xao_he,2,2.0,90,https://cookpad.com/vn/cong-thuc/tao-moi
bap_cai_luoc_cham_trung_dam_nuoc_mam,2,2.0,,https://cookpad.com/vn/cong-thuc/1928651
dau_que_luoc_cham_muoi_me,,1.0,,https://cookpad.com/vn/cong-thuc/1564858
nom_dua_chuot_ca_rot,,1.0,,https://cookpad.com/vn/cong-thuc/7438608
xa_lach_tron_dau_giam,2,2.0,90,https://cookpad.com/vn/cong-thuc/tao-moi
mong_toi_xao_toi,1,4.0,,https://cookpad.com/vn/cong-thuc/24803435
cai_ngong_luoc,,1.0,,https://cookpad.com/vn/cong-thuc/11037158-c%E1%BA%A3i-ng%E1%BB%93ng-lu%E1%BB%99c-ch%E1%BA%A5m-tr%E1%BB%A9ng
ngo_xao_tom_kho,2,2.0,,https://cookpad.com/vn/cong-thuc/13675793
su_su_luoc_cham_muoi_vung,,1.0,,https://cookpad.com/vn/cong-thuc/6133642
mang_tay_luoc_cham_xi_dau_trung,2,2.0,90,https://cookpad.com/vn/cong-thuc/tao-moi
canh_ga_rau_cu,5,0.8,,https://cookpad.com/vn/cong-thuc/217166
canh_moc_nam_huong,2,2.0,,https://cookpad.com/vn/cong-thuc/25177369
canh_kho_qua_nhoi_thit,2,2.0,,https://cookpad.com/vn/cong-thuc/26351790
canh_rong_bien_thit_bam,2,2.0,,https://cookpad.com/vn/cong-thuc/25746909
canh_cai_cuc_thit_bam,4,1.0,,https://cookpad.com/vn/cong-thuc/25606782
canh_suon_nau_ngo,,1.0,,https://cookpad.com/vn/cong-thuc/5594429
canh_su_hao_nau_suon,1,4.0,,https://cookpad.com/vn/cong-thuc/14787331
canh_ca_ngu_nau_ca_thom,,1.0,,https://cookpad.com/vn/cong-thuc/7044398
canh_ca_nau_ngot,2,2.0,,https://cookpad.com/vn/cong-thuc/25323737
canh_chua_tom,1,4.0,,https://cookpad.com/vn/cong-thuc/14984539
canh_ngheu_nau_rau_ngot,,1.0,,https://cookpad.com/vn/cong-thuc/5651446
canh_cai_xanh_nau_tom,3,1.33,,https://cookpad.com/vn/cong-thuc/25318232
canh_bo_ham_khoai_tay_ca_rot,3,1.33,,https://cookpad.com/vn/cong-thuc/15803306
canh_dau_hu_he_nam_rom,2,2.0,,https://cookpad.com/vn/cong-thuc/24808437
canh_ga_nau_bi_do,2,2.0,,https://cookpad.com/vn/cong-thuc/10575869
canh_dau_phu_ca_chua,2,2.0,90,https://cookpad.com/vn/cong-thuc/tao-moi
canh_rau_den_nau_tom,,1.0,,https://cookpad.com/vn/cong-thuc/17081220
canh_rau_lang,,1.0,,https://cookpad.com/vn/cong-thuc/16088018
canh_rong_bien_dau_hu,,1.0,,https://cookpad.com/vn/cong-thuc/16061775-canh-rong-bi%E1%BB%83n-n%E1%BA%A5u-d%E1%BA%ADu-h%E1%BB%A7-va-th%E1%BB%8Bt-b%E1%BA%B1m
canh_su_su_ca_rot_thit_bam,,1.0,,https://cookpad.com/vn/cong-thuc/11061372-canh-susu-ca-r%E1%BB%91t-n%E1%BA%A5u-th%E1%BB%8Bt-bam
canh_ngao_nau_chua,,1.0,,https://cookpad.com/vn/cong-thuc/16167514-canh-ngao-chua
canh_khoai_mo_nau_tom,4,1.0,,https://cookpad.com/vn/cong-thuc/690449
canh_khoai_tay_thit_bam,3,1.33,,https://cookpad.com/vn/cong-thuc/11610943
canh_muc_nau_chua,3,1.33,,https://cookpad.com/vn/cong-thuc/24738745
canh_cai_thao_dau_hu_nam,2,2.0,90,https://cookpad.com/vn/cong-thuc/tao-moi
canh_dua_chua_nau_suon,,1.0,,https://cookpad.com/vn/cong-thuc/3174291-canh-d%C6%B0a-chua-s%C6%B0%E1%BB%9Dn-non
canh_ga_nau_nam,4,1.0,,https://cookpad.com/vn/cong-thuc/24383667
canh_ca_thu_nau_chua,3,1.33,,https://cookpad.com/vn/cong-thuc/708306-canh-chua-ca-thu
canh_cai_be_xanh_thit_bam,,1.0,,https://cookpad.com/vn/cong-thuc/15114171-canh-c%E1%BA%A3i-b%E1%BA%B9-xanh-n%E1%BA%A5u-th%E1%BB%8Bt-b%E1%BA%B1m
canh_tom_nau_thom,2,2.0,90,https://cookpad.com/vn/cong-thuc/tao-moi
xoi_lac,6,0.67,,https://cookpad.com/vn/cong-thuc/24578546
banh_mi_chao,2,2.0,,https://cookpad.com/vn/cong-thuc/16795480
banh_cuon,,1.0,,https://cookpad.com/vn/cong-thuc/11599799
xoi_dau_den,2,2.0,,https://cookpad.com/vn/cong-thuc/25381905
hu_tieu_kho,,1.0,,https://cookpad.com/vn/cong-thuc/16806678
xoi_man,,1.0,,https://cookpad.com/vn/cong-thuc/12130506
nui_xao_bo,4,1.0,,https://cookpad.com/vn/cong-thuc/16729016
mi_hoanh_thanh,4,1.0,,https://cookpad.com/vn/cong-thuc/9099445
com_rang_thap_cam,4,1.0,,https://cookpad.com/vn/cong-thuc/15191884
bun_rieu_cua,4,1.0,,https://cookpad.com/vn/cong-thuc/2252943
sup_ga_ngo_ngot,4,1.0,,https://cookpad.com/vn/cong-thuc/10702363
pho_ga,4,1.0,,https://cookpad.com/vn/cong-thuc/10897919
chao_suon,,1.0,,https://cookpad.com/vn/cong-thuc/15436394
bun_cha_ca_nha_trang,4,1.0,,https://cookpad.com/vn/cong-thuc/7488372
bun_thit_nuong,4,1.0,,https://cookpad.com/vn/cong-thuc/12399499
com_tam_suon,,1.0,,https://cookpad.com/vn/cong-thuc/6463825
bun_bo_hue,4,1.0,,https://cookpad.com/vn/cong-thuc/25364799
chao_ngao,,1.0,,https://cookpad.com/vn/cong-thuc/9009432
mi_quang_ga,10,0.4,,https://cookpad.com/vn/cong-thuc/26648644
banh_mi_op_la,1,4.0,,https://cookpad.com/vn/cong-thuc/12062881-banh-mi-%E1%BB%91p-la
chao_trung_thit_bam,,1.0,,https://cookpad.com/vn/cong-thuc/16320827
bun_moc,4,1.0,,https://cookpad.com/vn/cong-thuc/17183339
com_chien_trung,3,1.33,,https://cookpad.com/vn/cong-thuc/16146975
mien_ga,,1.0,,https://cookpad.com/vn/cong-thuc/14221863
chao_ca_thu,,1.0,,https://cookpad.com/vn/cong-thuc/12425029-chao-ca-thu
chao_tom_hum_binh_ba,,1.0,,https://cookpad.com/vn/cong-thuc/15137842-chao-tom-hum
lau_nam_thap_cam,6,0.67,,https://cookpad.com/vn/cong-thuc/26573034
lau_hai_san,6,0.67,,https://cookpad.com/vn/cong-thuc/10819832
bo_nhung_giam,2,2.0,,https://cookpad.com/vn/cong-thuc/25179303
lau_rieu_cua,,1.0,,https://cookpad.com/vn/cong-thuc/17195165
lau_muc,,1.0,,https://cookpad.com/vn/cong-thuc/2968284-l%E1%BA%A9u-m%E1%BB%B1c
che_dau_xanh_bot_bang,,1.0,,https://cookpad.com/vn/cong-thuc/2214716
banh_flan,30,0.13,,https://cookpad.com/vn/cong-thuc/4928382
rau_cau_dua,,1.0,,https://cookpad.com/vn/cong-thuc/9640692
che_troi_nuoc,,1.0,,https://cookpad.com/vn/cong-thuc/9152377
che_hat_sen_duong_phen,,1.0,,https://cookpad.com/vn/cong-thuc/5439299
sua_chua_nha_lam,15,0.27,,https://cookpad.com/vn/cong-thuc/16376217
che_buoi,,1.0,,https://cookpad.com/vn/cong-thuc/6100180
che_bo,,1.0,,https://cookpad.com/vn/cong-thuc/5735046
thach_rau_cau_bo,,1.0,,https://cookpad.com/vn/cong-thuc/13941497
trai_cay_lac,,1.0,,https://cookpad.com/vn/cong-thuc/24618506
che_dau_do,4,1.0,,https://cookpad.com/vn/cong-thuc/25207225
che_xoai,3,1.33,,https://cookpad.com/vn/cong-thuc/22595809-che-xoai
thach_nho_ninh_thuan,1,4.0,,https://cookpad.com/vn/cong-thuc/14533744
sua_chua_nep_cam,,1.0,,https://cookpad.com/vn/cong-thuc/17098815
hong_gion_tron_sua_chua,,1.0,,https://cookpad.com/vn/cong-thuc/14678993
sua_ngo,,1.0,,https://cookpad.com/vn/cong-thuc/15374631
nuoc_nha_dam_la_dua,,1.0,,https://cookpad.com/vn/cong-thuc/2966268
tra_chanh_day,1,2.0,10,https://cookpad.com/vn/cong-thuc/15565377
sinh_to_thanh_long_chuoi,,1.0,,https://cookpad.com/vn/cong-thuc/12262428
sua_dau_xanh,3,0.67,,https://cookpad.com/vn/cong-thuc/24541869
nuoc_ep_ca_rot_tao,,1.0,,https://cookpad.com/vn/cong-thuc/14656301
suong_sao,3,0.67,,https://cookpad.com/vn/cong-thuc/4997091
tra_dao_cam_sa,1,2.0,,https://cookpad.com/vn/cong-thuc/15448613
nuoc_chanh_muoi,,1.0,,https://cookpad.com/vn/cong-thuc/10523004
nuoc_rau_ma,,1.0,,https://cookpad.com/vn/cong-thuc/7927145
sinh_to_xoai,2,1.0,,https://cookpad.com/vn/cong-thuc/6538893
nuoc_ep_dua_hau,1,2.0,,https://cookpad.com/vn/cong-thuc/24703752
nuoc_mia_lau_re_tranh,,1.0,,https://cookpad.com/vn/cong-thuc/13192528
thit_heo_gia_bo_kho,,1.0,,https://cookpad.com/vn/cong-thuc/1929687
muc_rim_me,,1.0,,https://cookpad.com/vn/cong-thuc/16660701
do_chua_ca_rot_cu_cai,,1.0,,https://cookpad.com/vn/cong-thuc/16228596
ca_phao_muoi_xoi,,1.0,,https://cookpad.com/vn/cong-thuc/14426801
dua_cai_muoi_chua,,1.0,,https://cookpad.com/vn/cong-thuc/16691531
