ma,ten,lich_tren_sheet,lich_de_xuat,tin_cay_cu,tin_cay_moi,ghi_chu,nguon
ca_com,Cá cơm tươi,000111221000,111111222211,A,A,Có quanh năm (pha xúc cả vụ Bắc); rộ khoảng T7–T10 (tháng 6–9 âm lịch),https://vjol.info.vn/tckhcnthuysan/article/view/133184 | https://vjol.info.vn/tckhcnthuysan/article/view/133184 (PDF tr.50–51) | https://www.sggp.org.vn/loc-cua-bien-208971.html
ca_nuc,Cá nục,000111221000,111222221111,A,A,Lưới vây bắt cá nục cả 2 vụ (sản lượng vụ Bắc ≈ vụ Nam); luồng lớn thường T4–T8,https://vjol.info.vn/tckhcnthuysan/article/view/133184 (PDF tr.50–51) | https://thuysanvietnam.com.vn/ninh-thuan-ngu-dan-trung-dam-ca-nuc-article-2263.tsvn | https://www.vietnamplus.vn/ngu-dan-tinh-ninh-thuan-vuon-khoi-khai-thac-vu-ca-nam-post954954.vnp
muc_tuoi,Mực tươi,000111221000,111111221111,A,A,"Mực ống (câu, mành) cả 2 vụ, mực nang nhiều ở vụ Bắc; lưới chụp mực chỉ vụ Nam, rộ ~T7–T8",https://vjol.info.vn/tckhcnthuysan/article/view/133184 | https://tuoitre.vn/da-mat-hinh-anh-ngu-dan-ninh-thuan-bat-ngo-trung-lon-mua-ca-nam-20210820121559308.htm | https://tepbac.com/tin-tuc/full/ninh-thuan-buoc-vao-vu-khai-thac-ca-bac-23734.html
ca_mai,Cá mai,000111111000,111111111111,C,C,Không có nguồn riêng; cá nổi nhỏ ven bờ khai thác cả vụ Bắc nên bỏ 0 – suy luận,https://vjol.info.vn/tckhcnthuysan/article/view/133184
sua,Sứa,001111000000,112222111111,B,B,"Sứa tươi rộ ~T3–T6 (Phú Yên, miền Trung); sứa muối/sơ chế (bún, gỏi) có quanh năm",https://nld.com.vn/thoi-su-trong-nuoc/phu-yen-sua-xuat-hien-nhieu-o-dam-o-loan-87380.htm | https://tepbac.com/tin-tuc/full/mua-sua-bien-bat-dau-ngu-dan-tat-bat-vao-vu-37660.html
ca_com_kho,Cá cơm khô,111111111111,111111222211,B,B,Hàng khô có quanh năm; cá cơm khô/hấp mới nhiều nhất mùa cá cơm rộ T7–T10,https://www.sggp.org.vn/loc-cua-bien-208971.html | https://tuoitre.vn/ngu-dan-ninh-thuan-ve-ben-xuan-khoang-thuyen-day-ap-ca-com-20190208124340667.htm
rong_sun,Rong sụn Ninh Hải,111111111111,111111111111,C,B,"Giữ nguyên: Ninh Hải thu 2 mùa/năm, nuôi 2–4 tháng; bán chủ yếu dạng khô nên có quanh năm",https://baophapluat.vn/doc-dao-mut-rong-hong-van-va-cuoc-song-doi-thay-nho-nuoi-trong-rong-bien-o-ninh-thuan-post382909.html
ca_ngu_dd,Cá ngừ đại dương,111210000000,222211111112,A,B,"Chính vụ ~T12–T4 (tháng 11–3 âm lịch, gió Đông Bắc); giữa năm ít hơn, đông lạnh quanh năm",https://www.sggp.org.vn/ngu-dan-nam-trung-bo-hoi-ha-vuon-khoi-vu-tet-post774405.html | https://plo.vn/vao-vu-san-ca-ngu-dip-tet-post771815.html
tao_xanh,Táo xanh Phan Rang,221111111112,222111111222,B,B,Ra quả quanh năm; cắt cành tập trung 2 vụ: ~10–12 và sau Tết đến tháng 3,https://vnbusiness.vn/ninh-thuan-trong-tao-sach-nang-suat-gia-cao-nho-bao-luoi.html | https://baoninhthuan.com.vn/quehuong/16563p1c142/tao-say-dac-san-phan-rang.htm
toi_pr,Tỏi Phan Rang,222111111111,112211111111,B,A,"Vụ chính trồng tháng 10, thu hoạch tháng 3 (~130–135 ngày); tỏi khô bán quanh năm",https://ctujsvn.ctu.edu.vn/index.php/ctujsvn/article/download/7230/5099/31065 | https://jad.hcmuaf.edu.vn/index.php/jad/article/download/150/150
thanh_long,Thanh long,111111222111,111112222111,A,B,"Chính vụ ~6–9 (tháng 4–8 âm); trái vụ chong đèn 10–5, ít hàng nhất 12–2",https://vnexpress.net/gia-thanh-long-lai-rot-4292886.html | https://vnbusiness.vn/thanh-long-chinh-vu-tieu-thu-on-dinh.html | https://vnexpress.net/gia-thanh-long-hom-nay-4566949.html
sau_rieng_ks,Sầu riêng Khánh Sơn,000000121000,000001221000,B,B,"Rộ đầu 7–cuối 8, có từ tháng 6, lai rai sang 9; muộn hơn miền Tây, Tây Nguyên",https://tapchicongthuong.vn/magazine/sau-rieng-chia-khoa-xoa-ngheo-vung-khanh-son-112077.htm | https://www.vietnamplus.vn/khanh-hoa-sau-rieng-dac-san-tai-khanh-son-duoc-mua-duoc-gia-post652796.vnp | https://tapchitoaan.vn/tu-nuong-ray-bap-benh-den-%22cay-vang%22-doi-doi-tren-trien-nui-khanh-son16209.html
xoai_uc,Xoài Úc Cam Lâm,001111101111,001222101111,B,B,"Chính vụ 3–7, chín rộ tháng 4–6; vụ nghịch 9–12",https://baovanhoa.vn/du-lich/bai-2-dua-du-khach-kham-pha-vung-trong-xoai-lon-nhat-nam-trung-bo-109905.html | https://baovanhoa.vn/kinh-te/nguoi-trong-xoai-cam-lam-cau-cuu-27441.html | https://vietnamnet.vn/xoai-uc-rot-gia-nha-nong-khanh-hoa-de-rung-day-goc-2008186.html
chom_chom,Chôm chôm Khánh Sơn,000001110000,000001221000,C,C,Chín muộn hơn Đông Nam Bộ >1 tháng; có mặt ở lễ hội trái cây Khánh Sơn tháng 8,https://baokhanhhoa.vn/kinh-te/201308/khanh-son-khanh-hoa-hieu-qua-tu-mo-hinh-trong-chom-chom-thai-2258530/ | https://baokhanhhoa.vn/kinh-te/202407/cho-donle-hoi-trai-cay-khanh-son-ff6633f/
bap_cai,Bắp cải Đà Lạt,111111111111,211000000012,A,B,"Quanh năm; rộ, rẻ mùa khô T12–3. Mùa mưa T6–10 dập, giá tăng",https://www.tinnhanhchungkhoan.vn/500-dongkg-rau-da-lat-post229059.html | https://thesaigontimes.vn/mua-keo-dai-nhieu-loai-rau-da-lat-tang-gia/ | https://thesaigontimes.vn/saigontimes/gia-hoa-nong-san-o-lam-dong-tang-manh-do-mua-keo-dai/
cai_thao,Cải thảo,111111111111,211000000012,A,B,"Quanh năm; rộ, rẻ mùa khô T12–3. Mùa mưa T6–10 dập, giá tăng",https://www.tinnhanhchungkhoan.vn/500-dongkg-rau-da-lat-post229059.html | https://thesaigontimes.vn/mua-keo-dai-nhieu-loai-rau-da-lat-tang-gia/ | https://thesaigontimes.vn/saigontimes/gia-hoa-nong-san-o-lam-dong-tang-manh-do-mua-keo-dai/
xa_lach,Xà lách,111111111111,211000000012,A,B,"Quanh năm; rộ, rẻ mùa khô T12–3. Mùa mưa T6–10 dập, giá tăng",https://www.tinnhanhchungkhoan.vn/500-dongkg-rau-da-lat-post229059.html | https://thesaigontimes.vn/mua-keo-dai-nhieu-loai-rau-da-lat-tang-gia/ | https://thesaigontimes.vn/saigontimes/gia-hoa-nong-san-o-lam-dong-tang-manh-do-mua-keo-dai/
sup_lo,Súp lơ xanh,111111111111,211000000012,A,B,"Quanh năm; đẹp, rẻ mùa khô T12–3. Mưa T6–10 (cả T10–11) giá tăng mạnh",https://www.tinnhanhchungkhoan.vn/500-dongkg-rau-da-lat-post229059.html | https://vnexpress.net/rau-cu-tang-gia-manh-4377721.html | https://thesaigontimes.vn/saigontimes/gia-hoa-nong-san-o-lam-dong-tang-manh-do-mua-keo-dai/
dau_tay,Dâu tây,222100000011,222111111121,A,B,"Rộ, ngon, rẻ T1–3 (Tết). Mùa mưa T5–10 ít, đắt; T11 đầu vụ giá cao",https://baolamdong.vn/du-lich-nong-san-5-mua-thu-hoach-doc-dao-khap-viet-nam-409359.html | https://plo.vn/nhan-biet-dau-tay-da-lat-va-dau-tay-trung-quoc-post266384.html | https://vnexpress.net/nhung-mon-qua-mang-ten-da-lat-3152980.html
atiso,Atiso tươi,111100000000,122100000000,B,B,"Bông tươi chủ yếu T1–4, rộ T2–3 (quanh Tết)",https://tapchicongthuong.vn/magazine/atiso-duoc-lieu--vang--tren-dat-lam-dong-112252.htm
man_dl,Mận Đà Lạt,000111000000,000121000000,C,B,"Mận Tam hoa/mận lốc Đà Lạt chín cuối T4–T5, ít đến T6; hàng hiếm ở PR",https://www.qdnd.vn/du-lich/diem-den/da-lat-mua-man-chin-1038336 | https://vtv.vn/xa-hoi/net-dep-mua-man-chin-da-lat-20230526131154413.htm
hong_gion,Hồng giòn,000000001220,000000001221,A,B,"Mùa hồng giữa T9–đầu T12, đẹp nhất T10–11",https://tapchicongthuong.vn/da-lat-mua-hong-chin-74725.htm | https://www.tinnhanhchungkhoan.vn/hong-gion-va-nhung-mon-an-duom-vi-mua-thu-o-da-lat-post221878.html
hong_treo_gio,Hồng treo gió,000000000111,100000000122,A,B,Làm từ T9 âm lịch đến sát Tết; ngon nhất T11–12; hàng khô để được lâu,https://vnexpress.net/lam-hong-treo-gio-an-tet-4383562.html | https://nhandan.vn/ocop/da-lat-mua-hong-treo-gio-post787373.html
mang_rung,Măng rừng,000011111000,000011111110,C,B,"Theo mùa mưa: măng nhú sau mưa đầu mùa T5, khai thác T6–11",https://baolamdong.vn/mua-di-hai-loc-rung-382021.html
sau_rieng_dl,Sầu riêng Đắk Lắk,000000221000,000000122100,A,A,"Chính vụ Đắk Lắk T8–10, rộ T8–9; lứa sớm cuối T7",https://nhandan.vn/thong-tin-gia-sau-rieng-bo-o-dak-lak-giam-50-la-khong-co-co-so-post659844.html
bo_booth,Bơ booth,000000022100,000000012210,B,B,"Bơ muộn: vào vụ giữa T8, rộ T9–10, kéo đến T11",https://langngheviet.com.vn/qua-bo-dak-lak-26091.html | https://vietnamnet.vn/gia-bo-lao-doc-dak-lak-ton-hang-chuc-nghin-tan-768036.html
