ma_mon,ten_mon,vai_mam,nhom_dam,nguon_loai,nguon
,Đậu hũ non sốt thịt băm,man,heo,cookpad_top,https://cookpad.com/vn/cong-thuc/16785833
,Thịt băm rang mặn ngọt,man,heo,cookpad_top,https://cookpad.com/vn/cong-thuc/16351277
,Ba chỉ rang cháy cạnh,man,heo,cookpad_top,https://cookpad.com/vn/cong-thuc/25261491
,Thịt ba chỉ rim mặn ngọt,man,heo,cookpad_top,https://cookpad.com/vn/cong-thuc/25729384
,Cà tím om thịt băm,man,heo,cookpad_top,https://cookpad.com/vn/cong-thuc/16641002
,Khoai tây xào thịt băm,man,heo,cookpad_top,https://cookpad.com/vn/cong-thuc/24754176
,Chả giò rế,man,heo,cookpad_top,https://cookpad.com/vn/cong-thuc/8482066
,Thịt heo một nắng chiên,man,heo,cookpad_top,https://cookpad.com/vn/cong-thuc/22562519
,Sườn xào chua ngọt,man,heo,cookpad_top,https://cookpad.com/vn/cong-thuc/26333608
,Sườn non kho thơm,man,heo,cookpad_top,https://cookpad.com/vn/cong-thuc/24839862
,Thịt ba chỉ sốt cà chua,man,heo,cookpad_top,https://cookpad.com/vn/cong-thuc/5222899
,Thịt đông (món Tết),man,heo,cookpad_top,https://cookpad.com/vn/cong-thuc/217132
thit_kho_trung,Thịt kho trứng,man,heo,lo1,https://cookpad.com/vn/cong-thuc/1069610-th%E1%BB%8Bt-kho-tr%E1%BB%A9ng-th%E1%BB%8Bt-kho-tau
thit_kho_cu_cai,Thịt kho củ cải,man,heo,lo1,https://cookpad.com/vn/cong-thuc/16899696
nem_ran_ha_noi,Nem rán Hà Nội,man,heo,lo1,https://cookpad.com/vn/cong-thuc/24109052-nem-ran-ha-n%E1%BB%99i
ca_bung,Cà tím bung đậu phụ thịt ba chỉ,man,heo,lo1,https://cookpad.com/vn/cong-thuc/4052226
nem_nuong,Nem nướng cuốn bánh tráng,man,heo,dang_co,https://cookpad.com/vn/cong-thuc/24967972
,"Thịt luộc chấm mắm, dưa leo",man,heo,cookpad_tu_chon,https://cookpad.com/vn/cong-thuc/22560971
,Thịt viên sốt cà chua,man,heo,cookpad_tu_chon,https://cookpad.com/vn/cong-thuc/12222398
,Sườn ram mặn ngọt,man,heo,cookpad_tu_chon,https://cookpad.com/vn/cong-thuc/25300672
,Chả lá lốt,man,heo,cookpad_tu_chon,https://cookpad.com/vn/cong-thuc/15556832
,Thịt heo kho tiêu,man,heo,cookpad_tu_chon,https://cookpad.com/vn/cong-thuc/13820757
,Cá lóc kho tộ,man,ca,cookpad_top,https://cookpad.com/vn/cong-thuc/217193
,Cá kho riềng (kiểu Bắc),man,ca,cookpad_top,https://cookpad.com/vn/cong-thuc/5514398
,Cá hồi sốt cà chua,man,ca,cookpad_top,https://cookpad.com/vn/cong-thuc/2991329
,Cá diêu hồng hấp nấm kim châm,man,ca,cookpad_top,https://cookpad.com/vn/cong-thuc/17277935
,Cá chim hấp xì dầu,man,ca,cookpad_top,https://cookpad.com/vn/cong-thuc/16718192
,Cá bạc má kho thơm,man,ca,cookpad_top,https://cookpad.com/vn/cong-thuc/26323488
,Cá thu nướng muối tiêu,man,ca,cookpad_top,https://cookpad.com/vn/cong-thuc/13561985
,Chả cá sốt cà chua,man,ca,cookpad_top,https://cookpad.com/vn/cong-thuc/16917510
,Khô cá chỉ vàng rim chua ngọt,man,ca,cookpad_top,https://cookpad.com/vn/cong-thuc/17066255
goi_ca_mai,Gỏi cá mai,man,ca,dang_co,https://cookpad.com/vn/cong-thuc/11056866
ca_com_rim,Cá cơm rim,man,ca,dang_co,https://cookpad.com/vn/cong-thuc/24195659
ca_nuc_hap_cuon,Cá nục hấp cuốn bánh tráng,man,ca,dang_co,https://cookpad.com/vn/cong-thuc/16892911
ca_ngu_kho_thom,Cá ngừ kho thơm,man,ca,dang_co,https://cookpad.com/vn/cong-thuc/25064711
,Cá thu sốt cà chua,man,ca,cookpad_tu_chon,https://cookpad.com/vn/cong-thuc/16366696
,Cá ngừ kho tiêu,man,ca,cookpad_tu_chon,https://cookpad.com/vn/cong-thuc/5505039-ca-ng%E1%BB%AB-kho-tieu
,Cá nục kho cà chua,man,ca,cookpad_tu_chon,https://cookpad.com/vn/cong-thuc/13958057
,Chả cá thu chiên (kiểu Nha Trang),man,ca,cookpad_tu_chon,https://cookpad.com/vn/cong-thuc/647465-ch%E1%BA%A3-ca-thu-chien
,Cá cơm khô rim đậu phộng,man,ca,cookpad_tu_chon,https://cookpad.com/vn/cong-thuc/14029575
,Cá thu chiên sả,man,ca,cookpad_tu_chon,https://cookpad.com/vn/cong-thuc/25276733
,Đậu hấp tôm thịt sốt chua ngọt,man,hai_san,cookpad_top,https://cookpad.com/vn/cong-thuc/217179
,Mực xào dứa,man,hai_san,cookpad_top,https://cookpad.com/vn/cong-thuc/217191
,Tôm thịt rim mặn ngọt,man,hai_san,cookpad_top,https://cookpad.com/vn/cong-thuc/13190014
,Sứa trộn mắm nhĩ,man,hai_san,cookpad_top,https://cookpad.com/vn/cong-thuc/23939150
,Nghêu hấp sả,man,hai_san,cookpad_top,https://cookpad.com/vn/cong-thuc/7300663
,Mực hấp hành gừng,man,hai_san,cookpad_top,https://cookpad.com/vn/cong-thuc/7404028
,Ốc hương luộc,man,hai_san,cookpad_top,https://cookpad.com/vn/cong-thuc/13242489
,Tôm rang muối,man,hai_san,cookpad_top,https://cookpad.com/vn/cong-thuc/25299365
,Chả mực,man,hai_san,cookpad_top,https://cookpad.com/vn/cong-thuc/16939202
muc_mot_nang_nuong,Mực một nắng nướng muối ớt xanh,man,hai_san,dang_co,https://cookpad.com/vn/cong-thuc/22554074
goi_cuon,Gỏi cuốn tôm thịt,man,hai_san,dang_co,https://cookpad.com/vn/cong-thuc/25705081
,Tôm hấp nước dừa,man,hai_san,cookpad_tu_chon,https://cookpad.com/vn/cong-thuc/5739759
,Ghẹ hấp gừng sả,man,hai_san,cookpad_tu_chon,https://cookpad.com/vn/cong-thuc/15804786-gh%E1%BA%B9-h%E1%BA%A5p
,Sò điệp nướng mỡ hành,man,hai_san,cookpad_tu_chon,https://cookpad.com/vn/cong-thuc/16222488
,Mực ống nhồi thịt sốt cà,man,hai_san,cookpad_tu_chon,https://cookpad.com/vn/cong-thuc/11770565
,Cua rang me,man,hai_san,cookpad_tu_chon,https://cookpad.com/vn/cong-thuc/3009864-cua-rang-me
,Nộm gà rau thơm,man,ga,cookpad_top,https://cookpad.com/vn/cong-thuc/217184
,Cánh gà nướng sả,man,ga,cookpad_top,https://cookpad.com/vn/cong-thuc/217124
,Thịt gà sốt chua ngọt,man,ga,cookpad_top,https://cookpad.com/vn/cong-thuc/25799674
,Vịt cháy tỏi,man,ga,cookpad_top,https://cookpad.com/vn/cong-thuc/15614258
,Gà xào ngô,man,ga,cookpad_top,https://cookpad.com/vn/cong-thuc/26061108
,Cánh gà chiên nước mắm,man,ga,cookpad_top,https://cookpad.com/vn/cong-thuc/4579470
,Vịt nấu thơm,man,ga,cookpad_top,https://cookpad.com/vn/cong-thuc/25718470
,Chả ức gà nấm hương,man,ga,cookpad_top,https://cookpad.com/vn/cong-thuc/25218609
,Đùi gà rút xương áp chảo,man,ga,cookpad_top,https://cookpad.com/vn/cong-thuc/25759126
ga_luoc_la_chanh,Gà luộc lá chanh,man,ga,lo1,https://cookpad.com/vn/cong-thuc/251987-ga-lu%E1%BB%99c-la-chanh
,Gà kho gừng,man,ga,cookpad_tu_chon,https://cookpad.com/vn/cong-thuc/24631325
,Gà om nấm,man,ga,cookpad_tu_chon,https://cookpad.com/vn/cong-thuc/11139096
,Cà ri gà (ít cay),man,ga,cookpad_tu_chon,https://cookpad.com/vn/cong-thuc/910411-ca-ri-ga
,Vịt luộc chấm mắm gừng,man,ga,cookpad_tu_chon,https://cookpad.com/vn/cong-thuc/24337187
,Bò xào lúc lắc,man,bo,cookpad_top,https://cookpad.com/vn/cong-thuc/217190
,Bò kho,man,bo,cookpad_top,https://cookpad.com/vn/cong-thuc/217115
,Bắp bò ngâm chua ngọt,man,bo,cookpad_top,https://cookpad.com/vn/cong-thuc/217148
,Bắp bò hấp sả gừng,man,bo,cookpad_top,https://cookpad.com/vn/cong-thuc/14872375
,Bò xào măng tây,man,bo,cookpad_top,https://cookpad.com/vn/cong-thuc/25375748
bo_sot_vang,Bò sốt vang,man,bo,lo1,https://cookpad.com/vn/cong-thuc/15848383
bo_xao_can_toi,Bò xào cần tỏi,man,bo,lo1,https://cookpad.com/vn/cong-thuc/3040261
bo_cuon_la_lot,Bò cuốn lá lốt,man,bo,lo1,https://cookpad.com/vn/cong-thuc/25495015
khoai_tay_xao_bo,Khoai tây xào thịt bò,man,bo,lo1,https://cookpad.com/vn/cong-thuc/4495704-khoai-tay-xao-th%E1%BB%8Bt-bo
,Bò xào hành tây,man,bo,cookpad_tu_chon,https://cookpad.com/vn/cong-thuc/24633399
,Bò viên sốt cà chua,man,bo,cookpad_tu_chon,https://cookpad.com/vn/cong-thuc/6854874
,Trứng chiên nước mắm,man,trung_dau,cookpad_top,https://cookpad.com/vn/cong-thuc/23958089
,Trứng chưng cà chua,man,trung_dau,cookpad_top,https://cookpad.com/vn/cong-thuc/2573005
,Đậu hũ nhồi thịt sốt cà chua,man,trung_dau,cookpad_top,https://cookpad.com/vn/cong-thuc/26656584
,Đậu hũ trứng sốt nấm,man,trung_dau,cookpad_top,https://cookpad.com/vn/cong-thuc/16401406
,Nấm rơm kho đậu hũ,man,trung_dau,cookpad_top,https://cookpad.com/vn/cong-thuc/24570935
,Trứng cút rim nước mắm,man,trung_dau,cookpad_top,https://cookpad.com/vn/cong-thuc/11951685
dau_phu_sot_ca_chua,Đậu phụ sốt cà chua,man,trung_dau,lo1,https://cookpad.com/vn/cong-thuc/827516
trung_duc_thit,Trứng đúc thịt,man,trung_dau,lo1,https://cookpad.com/vn/cong-thuc/25062394
trung_ran_hanh,Trứng rán hành lá,man,trung_dau,lo1,https://cookpad.com/vn/cong-thuc/12483186
trung_hap_van,Trứng hấp vân,man,trung_dau,lo1,https://cookpad.com/vn/tim-kiem/tr%E1%BB%A9ng%20h%E1%BA%A5p%20v%C3%A2n
,Đậu phụ rán chấm mắm hành,man,trung_dau,cookpad_tu_chon,https://cookpad.com/vn/cong-thuc/11029910
de_nuong,Dê nướng chao sả,man,khac,dang_co,https://cookpad.com/vn/cong-thuc/15124350
de_xao_lan,Dê xào lăn,man,khac,dang_co,https://cookpad.com/vn/cong-thuc/15747616
ech_om_chuoi_dau,Ếch om chuối đậu,man,khac,lo1,https://cookpad.com/vn/cong-thuc/10331747
ech_xao_sa_ot,Ếch xào sả ớt,man,khac,lo1,https://cookpad.com/vn/cong-thuc/11872707
ech_chien_gion,Ếch chiên giòn,man,khac,lo1,https://cookpad.com/vn/cong-thuc/875414
,Cừu nướng (Ninh Thuận),man,khac,cookpad_tim_kiem,https://cookpad.com/vn/tim-kiem/c%E1%BB%ABu%20n%C6%B0%E1%BB%9Bng
goi_rong_sun,Gỏi rong sụn,rau,,dang_co,https://cookpad.com/vn/cong-thuc/24745143
goi_tao_xanh,Gỏi táo xanh,rau,,dang_co,https://cookpad.com/vn/cong-thuc/16755224
sup_lo_xao_nam,Súp lơ xào nấm,rau,,dang_co,https://cookpad.com/vn/cong-thuc/25413787
su_su_xao_trung,Su su xào trứng,rau,trung_dau,dang_co,https://cookpad.com/vn/cong-thuc/24286175
mang_tay_xao_tom,Măng tây xào tôm,rau,hai_san,dang_co,https://cookpad.com/vn/cong-thuc/16494256
rau_muong_xao_bo,Rau muống xào thịt bò,rau,bo,lo1,https://cookpad.com/vn/cong-thuc/15409009
sup_lo_trang_xao_bo,Súp lơ trắng xào thịt bò,rau,bo,lo1,https://cookpad.com/vn/cong-thuc/25269890
su_hao_xao_bo,Su hào xào thịt bò,rau,bo,lo1,https://cookpad.com/vn/cong-thuc/16795923
rau_muong_luoc,Rau muống luộc chấm nước luộc chua,rau,,lo1,https://cookpad.com/vn/cong-thuc/17059070
rau_muong_xao_toi,Rau muống xào tỏi,rau,,lo1,https://cookpad.com/vn/cong-thuc/14845984-rau-mu%E1%BB%91ng-xao-t%E1%BB%8Fi
nom_rau_muong_tai_heo,Nộm rau muống tai heo,rau,heo,lo1,https://cookpad.com/vn/cong-thuc/11239372
dau_bap_luoc,Đậu bắp luộc chấm kho quẹt,rau,,lo1,https://cookpad.com/vn/cong-thuc/16496669
dau_bap_xao_toi,Đậu bắp xào tỏi,rau,,lo1,https://cookpad.com/vn/cong-thuc/24238935
bi_do_xao_toi,Bí đỏ xào tỏi,rau,,lo1,https://cookpad.com/vn/cong-thuc/295393
dau_co_ve_xao_thit,Đậu cô ve xào thịt,rau,heo,lo1,https://cookpad.com/vn/cong-thuc/17216547
,Khổ qua xào trứng,rau,trung_dau,cookpad_top,https://cookpad.com/vn/cong-thuc/16968433
,Bắp cải xào trứng,rau,trung_dau,cookpad_top,https://cookpad.com/vn/cong-thuc/14850511
,Bắp cải xào tỏi,rau,,cookpad_top,https://cookpad.com/vn/cong-thuc/16956444
,Đậu cô ve xào tỏi,rau,,cookpad_top,https://cookpad.com/vn/cong-thuc/9796672
,Su hào xào cà rốt nấm mèo,rau,,cookpad_top,https://cookpad.com/vn/cong-thuc/25351490
,Gỏi bưởi,rau,,cookpad_top,https://cookpad.com/vn/cong-thuc/301379
,Dưa leo trộn,rau,,cookpad_top,https://cookpad.com/vn/cong-thuc/25879494
,Măng tây xào tỏi,rau,,cookpad_top,https://cookpad.com/vn/cong-thuc/16555579
,Đọt su su xào tỏi,rau,,cookpad_top,https://cookpad.com/vn/cong-thuc/15411295
,Rau bí xào tỏi,rau,,cookpad_top,https://cookpad.com/vn/cong-thuc/254232
,Cải chíp xào,rau,,cookpad_top,https://cookpad.com/vn/cong-thuc/24619417
,Mướp xào,rau,,cookpad_top,https://cookpad.com/vn/cong-thuc/25047120
,Bầu xào nấm bào ngư,rau,,cookpad_top,https://cookpad.com/vn/cong-thuc/5335281
,Gỏi đu đủ tôm thịt,rau,hai_san,cookpad_top,https://cookpad.com/vn/cong-thuc/16309298
,Gỏi xoài tôm khô,rau,hai_san,cookpad_top,https://cookpad.com/vn/cong-thuc/291668
,Cà tím nướng mỡ hành,rau,,cookpad_top,https://cookpad.com/vn/cong-thuc/14326562
,"Đậu Hà Lan xào tàu hũ ky, nấm mèo",rau,trung_dau,cookpad_top,https://cookpad.com/vn/cong-thuc/26646759
,Rau lang luộc chấm kho quẹt,rau,,cookpad_tu_chon,https://cookpad.com/vn/cong-thuc/4549647-rau-lu%E1%BB%99c-ch%E1%BA%A5m-kho-qu%E1%BA%B9t
,Cải ngọt xào tỏi,rau,,cookpad_tu_chon,https://cookpad.com/vn/cong-thuc/3531724
,Rau dền luộc,rau,,cookpad_tu_chon,https://cookpad.com/vn/cong-thuc/16150297
,Cải thảo xào nấm,rau,,cookpad_tu_chon,https://cookpad.com/vn/cong-thuc/836418
,Giá xào hẹ,rau,,cookpad_tim_kiem,https://cookpad.com/vn/tim-kiem/gi%C3%A1%20%C4%91%E1%BB%97%20x%C3%A0o%20h%E1%BA%B9
,Bắp cải luộc chấm trứng dầm nước mắm,rau,trung_dau,cookpad_tu_chon,https://cookpad.com/vn/cong-thuc/1928651
,Đậu que luộc chấm muối mè,rau,,cookpad_tu_chon,https://cookpad.com/vn/cong-thuc/1564858
,Nộm dưa chuột cà rốt,rau,,cookpad_tu_chon,https://cookpad.com/vn/cong-thuc/7438608
,Xà lách trộn dầu giấm (kiểu Bắc),rau,,cookpad_tim_kiem,https://cookpad.com/vn/tim-kiem/x%C3%A0%20l%C3%A1ch%20tr%E1%BB%99n%20d%E1%BA%A7u%20gi%E1%BA%A5m
,Mồng tơi xào tỏi,rau,,cookpad_tu_chon,https://cookpad.com/vn/cong-thuc/24803435
,Cải ngồng luộc,rau,,cookpad_tu_chon,https://cookpad.com/vn/cong-thuc/11037158-c%E1%BA%A3i-ng%E1%BB%93ng-lu%E1%BB%99c-ch%E1%BA%A5m-tr%E1%BB%A9ng
,Ngô xào tôm khô,rau,hai_san,cookpad_tu_chon,https://cookpad.com/vn/cong-thuc/13675793
,Su su luộc chấm muối vừng,rau,,cookpad_tu_chon,https://cookpad.com/vn/cong-thuc/6133642
,Măng tây luộc chấm xì dầu trứng,rau,,cookpad_tim_kiem,https://cookpad.com/vn/tim-kiem/m%C4%83ng%20t%C3%A2y%20lu%E1%BB%99c
canh_chua_ca_nuc,Canh chua cá nục,canh,ca,dang_co,https://cookpad.com/vn/cong-thuc/26265384
canh_bap_cai_cuon,Canh bắp cải cuộn thịt,canh,heo,dang_co,https://cookpad.com/vn/cong-thuc/24825589
canh_atiso_gio_heo,Canh atiso hầm giò heo,canh,heo,dang_co,https://cookpad.com/vn/cong-thuc/26303749
canh_suon_khoai_ca_rot,Canh sườn khoai tây cà rốt,canh,heo,dang_co,https://cookpad.com/vn/cong-thuc/13238803
canh_cua_rau_day,Canh cua rau đay mồng tơi,canh,hai_san,lo1,https://cookpad.com/vn/cong-thuc/9554958
canh_rau_ngot_thit_bam,Canh rau ngót thịt băm,canh,heo,lo1,https://cookpad.com/vn/cong-thuc/251767
canh_muop_mong_toi,Canh mướp mồng tơi nấu tôm,canh,hai_san,lo1,https://cookpad.com/vn/cong-thuc/15223211
canh_trung_ca_chua,Canh trứng cà chua,canh,trung_dau,lo1,https://cookpad.com/vn/cong-thuc/6301821
canh_khoai_so_suon,Canh khoai sọ nấu sườn,canh,heo,lo1,https://cookpad.com/vn/cong-thuc/17126635-canh-khoai-s%E1%BB%8D-n%E1%BA%A5u-s%C6%B0%E1%BB%9Dn-heo
canh_cu_cai_xuong,Canh củ cải nấu xương,canh,heo,lo1,https://cookpad.com/vn/cong-thuc/25251535
canh_bi_dao_tom,Canh bí đao nấu tôm,canh,hai_san,lo1,https://cookpad.com/vn/cong-thuc/7310605
canh_bi_do_thit_bam,Canh bí đỏ thịt bằm,canh,heo,lo1,https://cookpad.com/vn/cong-thuc/6658364
canh_bau_tom,Canh bầu nấu tôm,canh,hai_san,lo1,https://cookpad.com/vn/cong-thuc/3443935
,Canh gà rau củ,canh,ga,cookpad_top,https://cookpad.com/vn/cong-thuc/217166
,Canh mọc nấm hương,canh,heo,cookpad_top,https://cookpad.com/vn/cong-thuc/25177369
,Canh khổ qua nhồi thịt,canh,heo,cookpad_top,https://cookpad.com/vn/cong-thuc/26351790
,Canh rong biển thịt băm,canh,heo,cookpad_top,https://cookpad.com/vn/cong-thuc/25746909
,Canh cải cúc thịt băm,canh,heo,cookpad_top,https://cookpad.com/vn/cong-thuc/25606782
,Canh sườn nấu ngô,canh,heo,cookpad_top,https://cookpad.com/vn/cong-thuc/5594429
,Canh su hào nấu sườn,canh,heo,cookpad_top,https://cookpad.com/vn/cong-thuc/14787331
,Canh cá ngừ nấu cà thơm,canh,ca,cookpad_top,https://cookpad.com/vn/cong-thuc/7044398
,Canh cá nấu ngót,canh,ca,cookpad_top,https://cookpad.com/vn/cong-thuc/25323737
,Canh chua tôm,canh,hai_san,cookpad_top,https://cookpad.com/vn/cong-thuc/14984539
,Canh nghêu nấu rau ngót,canh,hai_san,cookpad_top,https://cookpad.com/vn/cong-thuc/5651446
,Canh cải xanh nấu tôm,canh,hai_san,cookpad_top,https://cookpad.com/vn/cong-thuc/25318232
,Canh bò hầm khoai tây cà rốt,canh,bo,cookpad_top,https://cookpad.com/vn/cong-thuc/15803306
,Canh đậu hũ hẹ nấm rơm,canh,trung_dau,cookpad_top,https://cookpad.com/vn/cong-thuc/24808437
,Canh gà nấu bí đỏ,canh,ga,cookpad_top,https://cookpad.com/vn/cong-thuc/10575869
,Canh đậu phụ cà chua (kiểu Bắc),canh,trung_dau,cookpad_tim_kiem,https://cookpad.com/vn/tim-kiem/canh%20c%C3%A0%20chua%20%C4%91%E1%BA%ADu%20ph%E1%BB%A5
,Canh rau dền nấu tôm,canh,hai_san,cookpad_tu_chon,https://cookpad.com/vn/cong-thuc/17081220
,Canh rau lang,canh,,cookpad_tu_chon,https://cookpad.com/vn/cong-thuc/16088018
,Canh rong biển đậu hũ,canh,trung_dau,cookpad_tu_chon,https://cookpad.com/vn/cong-thuc/16061775-canh-rong-bi%E1%BB%83n-n%E1%BA%A5u-d%E1%BA%ADu-h%E1%BB%A7-va-th%E1%BB%8Bt-b%E1%BA%B1m
,Canh su su cà rốt thịt băm,canh,heo,cookpad_tu_chon,https://cookpad.com/vn/cong-thuc/11061372-canh-susu-ca-r%E1%BB%91t-n%E1%BA%A5u-th%E1%BB%8Bt-bam
,Canh ngao nấu chua (kiểu Bắc),canh,hai_san,cookpad_tu_chon,https://cookpad.com/vn/cong-thuc/16167514-canh-ngao-chua
,Canh khoai mỡ nấu tôm,canh,hai_san,cookpad_tu_chon,https://cookpad.com/vn/cong-thuc/690449
,Canh khoai tây thịt băm,canh,heo,cookpad_tu_chon,https://cookpad.com/vn/cong-thuc/11610943
,Canh mực nấu chua,canh,hai_san,cookpad_tu_chon,https://cookpad.com/vn/cong-thuc/24738745
,Canh cải thảo đậu hũ nấm,canh,trung_dau,cookpad_tim_kiem,https://cookpad.com/vn/tim-kiem/canh%20c%E1%BA%A3i%20th%E1%BA%A3o%20n%E1%BA%A5m
,Canh dưa chua nấu sườn (kiểu Bắc),canh,heo,cookpad_tu_chon,https://cookpad.com/vn/cong-thuc/3174291-canh-d%C6%B0a-chua-s%C6%B0%E1%BB%9Dn-non
,Canh gà nấu nấm,canh,ga,cookpad_tu_chon,https://cookpad.com/vn/cong-thuc/24383667
,Canh cá thu nấu chua,canh,ca,cookpad_tu_chon,https://cookpad.com/vn/cong-thuc/708306-canh-chua-ca-thu
,Canh cải bẹ xanh thịt băm,canh,heo,cookpad_tu_chon,https://cookpad.com/vn/cong-thuc/15114171-canh-c%E1%BA%A3i-b%E1%BA%B9-xanh-n%E1%BA%A5u-th%E1%BB%8Bt-b%E1%BA%B1m
,Canh tôm nấu thơm,canh,hai_san,cookpad_tim_kiem,https://cookpad.com/vn/tim-kiem/canh%20n%E1%BA%A5u%20t%C3%B4m%20n%E1%BA%A5u%20d%E1%BB%A9a%20c%C3%A0
com_ga_pr,Cơm gà Phan Rang,mot_to,ga,dang_co,https://cookpad.com/vn/cong-thuc/5338422
bun_sua,Bún sứa,mot_to,hai_san,dang_co,https://cookpad.com/vn/cong-thuc/14079877
banh_hoi_long_heo,Bánh hỏi lòng heo,mot_to,heo,dang_co,https://cookpad.com/vn/cong-thuc/3768046
chao_ga,Cháo gà,mot_to,ga,dang_co,https://cookpad.com/vn/cong-thuc/25473627
pho_bo_tai_chin,Phở bò tái chín,mot_to,bo,lo1,https://cookpad.com/vn/cong-thuc/24317699
bun_bo_nam_bo,Bún bò Nam Bộ (bún bò trộn),mot_to,bo,lo1,https://cookpad.com/vn/cong-thuc/15490385-bun-bo-nam-b%E1%BB%99
chao_ech,Cháo ếch,mot_to,khac,lo1,https://cookpad.com/vn/cong-thuc/23851069
bun_cha_ha_noi,Bún chả Hà Nội,mot_to,heo,lo1,https://cookpad.com/vn/cong-thuc/12757369-bun-ch%E1%BA%A3-ha-n%E1%BB%99i
,Xôi lạc,mot_to,,cookpad_top,https://cookpad.com/vn/cong-thuc/24578546
,Bánh mì chảo,mot_to,trung_dau,cookpad_top,https://cookpad.com/vn/cong-thuc/16795480
,Bánh cuốn (từ bánh tráng),mot_to,heo,cookpad_top,https://cookpad.com/vn/cong-thuc/11599799
,Xôi đậu đen,mot_to,,cookpad_top,https://cookpad.com/vn/cong-thuc/25381905
,Hủ tiếu khô,mot_to,heo,cookpad_top,https://cookpad.com/vn/cong-thuc/16806678
,Xôi mặn,mot_to,heo,cookpad_top,https://cookpad.com/vn/cong-thuc/12130506
,Nui xào bò,mot_to,bo,cookpad_top,https://cookpad.com/vn/cong-thuc/16729016
,Mì hoành thánh,mot_to,heo,cookpad_top,https://cookpad.com/vn/cong-thuc/9099445
,Cơm rang thập cẩm,mot_to,,cookpad_top,https://cookpad.com/vn/cong-thuc/15191884
,Bún riêu cua,mot_to,hai_san,cookpad_top,https://cookpad.com/vn/cong-thuc/2252943
,Súp gà ngô ngọt,mot_to,ga,cookpad_top,https://cookpad.com/vn/cong-thuc/10702363
,Phở gà,mot_to,ga,cookpad_top,https://cookpad.com/vn/cong-thuc/10897919
,Cháo sườn,mot_to,heo,cookpad_top,https://cookpad.com/vn/cong-thuc/15436394
,Bún chả cá Nha Trang,mot_to,ca,cookpad_top,https://cookpad.com/vn/cong-thuc/7488372
,Bún thịt nướng,mot_to,heo,cookpad_top,https://cookpad.com/vn/cong-thuc/12399499
,Cơm tấm sườn,mot_to,heo,cookpad_top,https://cookpad.com/vn/cong-thuc/6463825
,Bún bò Huế (ít cay),mot_to,bo,cookpad_top,https://cookpad.com/vn/cong-thuc/25364799
,Cháo ngao,mot_to,hai_san,cookpad_top,https://cookpad.com/vn/cong-thuc/9009432
,Mì Quảng gà,mot_to,ga,cookpad_top,https://cookpad.com/vn/cong-thuc/26648644
,Bánh mì ốp la,mot_to,trung_dau,cookpad_tu_chon,https://cookpad.com/vn/cong-thuc/12062881-banh-mi-%E1%BB%91p-la
,Cháo trứng thịt băm,mot_to,heo,cookpad_tu_chon,https://cookpad.com/vn/cong-thuc/16320827
,Bún mọc,mot_to,heo,cookpad_tu_chon,https://cookpad.com/vn/cong-thuc/17183339
,Cơm chiên trứng,mot_to,trung_dau,cookpad_tu_chon,https://cookpad.com/vn/cong-thuc/16146975
,Miến gà,mot_to,ga,cookpad_tu_chon,https://cookpad.com/vn/cong-thuc/14221863
,Cháo cá thu,mot_to,ca,cookpad_tu_chon,https://cookpad.com/vn/cong-thuc/12425029-chao-ca-thu
,Cháo tôm hùm Bình Ba (dịp đặc biệt),mot_to,hai_san,cookpad_tu_chon,https://cookpad.com/vn/cong-thuc/15137842-chao-tom-hum
lau_de,Lẩu dê,lau,khac,dang_co,https://cookpad.com/vn/cong-thuc/10431495
lau_ga_la_e,Lẩu gà lá é,lau,ga,dang_co,https://cookpad.com/vn/cong-thuc/17047170
,Lẩu nấm thập cẩm,lau,,cookpad_top,https://cookpad.com/vn/cong-thuc/26573034
,Lẩu hải sản,lau,hai_san,cookpad_top,https://cookpad.com/vn/cong-thuc/10819832
,Bò nhúng giấm,lau,bo,cookpad_top,https://cookpad.com/vn/cong-thuc/25179303
,Lẩu riêu cua,lau,hai_san,cookpad_top,https://cookpad.com/vn/cong-thuc/17195165
,Lẩu mực (Phan Rang),lau,hai_san,cookpad_tu_chon,https://cookpad.com/vn/cong-thuc/2968284-l%E1%BA%A9u-m%E1%BB%B1c
sua_chua_dau_tay,Sữa chua dâu tây,trang_mieng,,dang_co,https://cookpad.com/vn/cong-thuc/17049946
che_bap,Chè bắp nước cốt dừa,trang_mieng,,lo1,https://cookpad.com/vn/cong-thuc/15125923
,Chè đậu xanh bột báng,trang_mieng,,cookpad_top,https://cookpad.com/vn/cong-thuc/2214716
,Bánh flan,trang_mieng,,cookpad_top,https://cookpad.com/vn/cong-thuc/4928382
,Rau câu dừa,trang_mieng,,cookpad_top,https://cookpad.com/vn/cong-thuc/9640692
,Chè trôi nước,trang_mieng,,cookpad_top,https://cookpad.com/vn/cong-thuc/9152377
,Chè hạt sen đường phèn,trang_mieng,,cookpad_top,https://cookpad.com/vn/cong-thuc/5439299
,Sữa chua nhà làm,trang_mieng,,cookpad_top,https://cookpad.com/vn/cong-thuc/16376217
,Chè bưởi,trang_mieng,,cookpad_top,https://cookpad.com/vn/cong-thuc/6100180
,Chè bơ,trang_mieng,,cookpad_top,https://cookpad.com/vn/cong-thuc/5735046
,Thạch rau câu bơ,trang_mieng,,cookpad_top,https://cookpad.com/vn/cong-thuc/13941497
,Trái cây lắc,trang_mieng,,cookpad_top,https://cookpad.com/vn/cong-thuc/24618506
,Chè đậu đỏ,trang_mieng,,cookpad_tu_chon,https://cookpad.com/vn/cong-thuc/25207225
,Chè xoài,trang_mieng,,cookpad_tu_chon,https://cookpad.com/vn/cong-thuc/22595809-che-xoai
,Thạch nho Ninh Thuận,trang_mieng,,cookpad_tu_chon,https://cookpad.com/vn/cong-thuc/14533744
,Sữa chua nếp cẩm,trang_mieng,,cookpad_tu_chon,https://cookpad.com/vn/cong-thuc/17098815
,Hồng giòn trộn sữa chua,trang_mieng,,cookpad_tu_chon,https://cookpad.com/vn/cong-thuc/14678993
sinh_to_bo,Sinh tố bơ,do_uong,,dang_co,https://cookpad.com/vn/cong-thuc/26435337
nuoc_ep_nho,Nước ép nho,do_uong,,dang_co,https://cookpad.com/vn/cong-thuc/16647657
nuoc_bi_dao,Nước bí đao,do_uong,,lo1,https://cookpad.com/vn/cong-thuc/12194918-n%E1%BB%9Bc-sam-bi-dao
,Sữa ngô,do_uong,,cookpad_top,https://cookpad.com/vn/cong-thuc/15374631
,Nước nha đam lá dứa,do_uong,,cookpad_top,https://cookpad.com/vn/cong-thuc/2966268
,Trà chanh dây,do_uong,,cookpad_top,https://cookpad.com/vn/cong-thuc/15565377
,Sinh tố thanh long chuối,do_uong,,cookpad_top,https://cookpad.com/vn/cong-thuc/12262428
,Sữa đậu xanh,do_uong,,cookpad_top,https://cookpad.com/vn/cong-thuc/24541869
,Nước ép cà rốt táo,do_uong,,cookpad_top,https://cookpad.com/vn/cong-thuc/14656301
,Sương sáo,do_uong,,cookpad_top,https://cookpad.com/vn/cong-thuc/4997091
,Trà đào cam sả,do_uong,,cookpad_top,https://cookpad.com/vn/cong-thuc/15448613
,Nước chanh muối,do_uong,,cookpad_tu_chon,https://cookpad.com/vn/cong-thuc/10523004
,Nước rau má,do_uong,,cookpad_tu_chon,https://cookpad.com/vn/cong-thuc/7927145
,Sinh tố xoài,do_uong,,cookpad_tu_chon,https://cookpad.com/vn/cong-thuc/6538893
,Nước ép dưa hấu,do_uong,,cookpad_tu_chon,https://cookpad.com/vn/cong-thuc/24703752
,Nước mía lau rễ tranh,do_uong,,cookpad_tu_chon,https://cookpad.com/vn/cong-thuc/13192528
ngo_nuong_mo_hanh,Ngô nướng mỡ hành,an_vat,,lo1,https://cookpad.com/vn/cong-thuc/6050015
khoai_lang_chien,Khoai lang chiên giòn,an_vat,,lo1,https://cookpad.com/vn/cong-thuc/563082
,Thịt heo giả bò khô,an_vat,heo,cookpad_top,https://cookpad.com/vn/cong-thuc/1929687
,Mực rim me,an_vat,hai_san,cookpad_tu_chon,https://cookpad.com/vn/cong-thuc/16660701
dua_gop_su_hao,Dưa góp su hào cà rốt củ cải,dua_kem,,lo1,https://cookpad.com/vn/cong-thuc/16015119
,Đồ chua cà rốt củ cải,dua_kem,,cookpad_top,https://cookpad.com/vn/cong-thuc/16228596
,Cà pháo muối xổi,dua_kem,,cookpad_top,https://cookpad.com/vn/cong-thuc/14426801
,Dưa cải muối chua,dua_kem,,cookpad_tu_chon,https://cookpad.com/vn/cong-thuc/16691531
luon_xao_sa_ot,Lươn xào sả ớt,man,khac,lo2,https://cookpad.com/vn/tim-kiem/l%C6%B0%C6%A1n%20x%C3%A0o%20s%E1%BA%A3%20%E1%BB%9Bt
mien_luon,Miến lươn,mot_to,khac,lo2,https://cookpad.com/vn/tim-kiem/mi%E1%BA%BFn%20l%C6%B0%C6%A1n
luon_om_chuoi_dau,Lươn om chuối đậu,man,khac,lo2,https://cookpad.com/vn/tim-kiem/l%C6%B0%C6%A1n%20om%20chu%E1%BB%91i%20%C4%91%E1%BA%ADu
oc_nau_chuoi_dau,Ốc nấu chuối đậu,man,hai_san,lo2,https://cookpad.com/vn/tim-kiem/%E1%BB%91c%20n%E1%BA%A5u%20chu%E1%BB%91i%20%C4%91%E1%BA%ADu
nom_hoa_chuoi,Nộm hoa chuối,rau,heo,lo2,https://cookpad.com/vn/tim-kiem/n%E1%BB%99m%20hoa%20chu%E1%BB%91i
che_chuoi,Chè chuối nước cốt dừa,trang_mieng,,lo2,https://cookpad.com/vn/tim-kiem/ch%C3%A8%20chu%E1%BB%91i
lau_thai,Lẩu Thái chua cay,lau,hai_san,lo2,https://cookpad.com/vn/tim-kiem/l%E1%BA%A9u%20th%C3%A1i
tom_rang_chay_canh,Tôm rang cháy cạnh,man,hai_san,lo2,https://cookpad.com/vn/tim-kiem/t%C3%B4m%20rang
ca_ro_phi_ran,Cá rô phi rán chấm nước mắm gừng,man,ca,lo2,https://cookpad.com/vn/tim-kiem/c%C3%A1%20r%C3%A1n
ca_bac_ma_kho_tieu,Cá bạc má kho tiêu,man,ca,lo2,https://cookpad.com/vn/tim-kiem/c%C3%A1%20b%E1%BA%A1c%20m%C3%A1%20kho%20ti%C3%AAu
long_heo_luoc,Lòng heo luộc chấm mắm tôm,man,heo,lo2,https://cookpad.com/vn/tim-kiem/l%C3%B2ng%20heo%20lu%E1%BB%99c
long_heo_xao_dua_cai,Lòng heo xào dưa cải,man,heo,lo2,https://cookpad.com/vn/tim-kiem/l%C3%B2ng%20x%C3%A0o%20d%C6%B0a
luoi_heo_luoc,Lưỡi heo luộc,man,heo,lo2,https://cookpad.com/vn/tim-kiem/l%C6%B0%E1%BB%A1i%20heo%20lu%E1%BB%99c
long_ga_xao_gia_dua,Lòng gà xào giá đỗ dứa,man,ga,lo2,https://cookpad.com/vn/tim-kiem/l%C3%B2ng%20g%C3%A0%20x%C3%A0o%20gi%C3%A1%20d%E1%BB%A9a
com_ga_hoi_an,Cơm gà Hội An,mot_to,ga,lo2,https://cookpad.com/vn/tim-kiem/c%C6%A1m%20g%C3%A0%20h%E1%BB%99i%20an
su_su_xao_thit_bo,Su su xào thịt bò,rau,bo,lo2,https://cookpad.com/vn/tim-kiem/su%20su%20x%C3%A0o%20th%E1%BB%8Bt%20b%C3%B2
ech_xao_mang_cay,Ếch xào măng cay,man,khac,lo2,https://cookpad.com/vn/tim-kiem/%E1%BA%BFch%20x%C3%A0o%20m%C4%83ng
canh_bo_kim_chi,Canh bò Mỹ kim chi nấm kim châm,canh,bo,lo2,https://cookpad.com/vn/tim-kiem/canh%20kim%20chi%20b%C3%B2
nem_nam_dui_ga,Nem nấm đùi gà,man,khac,lo2,https://cookpad.com/vn/tim-kiem/nem%20n%E1%BA%A5m%20%C4%91%C3%B9i%20g%C3%A0
nam_dui_ga_xao_toi,Nấm đùi gà xào tỏi,rau,,lo2,https://cookpad.com/vn/tim-kiem/n%E1%BA%A5m%20%C4%91%C3%B9i%20g%C3%A0%20x%C3%A0o%20t%E1%BB%8Fi
bi_ngo_non_xao_toi,Bí ngô non xào tỏi,rau,,lo2,https://cookpad.com/vn/tim-kiem/b%C3%AD%20ng%C3%B4%20non%20x%C3%A0o%20t%E1%BB%8Fi
kho_qua_nhoi_thit_hap,Khổ qua nhồi thịt hấp,man,heo,lo2,https://cookpad.com/vn/tim-kiem/kh%E1%BB%95%20qua%20nh%E1%BB%93i%20th%E1%BB%8Bt%20h%E1%BA%A5p
ca_dieu_hong_sot_ca_chua,Cá diêu hồng sốt cà chua,man,ca,lo2,https://cookpad.com/vn/tim-kiem/c%C3%A1%20di%C3%AAu%20h%E1%BB%93ng%20s%E1%BB%91t%20c%C3%A0%20chua
canh_chua_ca_dieu_hong,Canh chua cá diêu hồng,canh,ca,lo2,https://cookpad.com/vn/tim-kiem/canh%20chua%20c%C3%A1%20di%C3%AAu%20h%E1%BB%93ng
ca_dieu_hong_om_dua,Cá diêu hồng om dưa,man,ca,lo2,https://cookpad.com/vn/tim-kiem/c%C3%A1%20om%20d%C6%B0a
ca_dieu_hong_nuong_giay_bac,Cá diêu hồng nướng giấy bạc,man,ca,lo2,https://cookpad.com/vn/tim-kiem/c%C3%A1%20di%C3%AAu%20h%E1%BB%93ng%20n%C6%B0%E1%BB%9Bng%20gi%E1%BA%A5y%20b%E1%BA%A1c
nam_kho_tieu,Nấm kho tiêu thịt ba chỉ,man,heo,lo2,https://cookpad.com/vn/tim-kiem/n%E1%BA%A5m%20kho%20ti%C3%AAu
nam_rom_xao_thit_bo,Nấm rơm xào thịt bò,rau,bo,lo2,https://cookpad.com/vn/tim-kiem/n%E1%BA%A5m%20r%C6%A1m%20x%C3%A0o%20th%E1%BB%8Bt%20b%C3%B2
nam_bao_ngu_xao_hanh_tay,Nấm bào ngư xào hành tây,rau,,lo2,https://cookpad.com/vn/tim-kiem/n%E1%BA%A5m%20b%C3%A0o%20ng%C6%B0%20x%C3%A0o
canh_nam_kim_cham_thit_bam,Canh nấm kim châm thịt băm,canh,heo,lo2,https://cookpad.com/vn/tim-kiem/canh%20n%E1%BA%A5m%20kim%20ch%C3%A2m%20th%E1%BB%8Bt%20b%C4%83m
nam_huong_nhoi_thit_hap,Nấm hương nhồi thịt hấp,man,heo,lo2,https://cookpad.com/vn/tim-kiem/n%E1%BA%A5m%20h%C6%B0%C6%A1ng%20nh%E1%BB%93i%20th%E1%BB%8Bt
