ma,ten,nhom,vung,T1,T2,T3,T4,T5,T6,T7,T8,T9,T10,T11,T12,noi_mua,tin_cay,ghi_chu,nguon
ca_com,Cá cơm tươi,hải sản,Ninh Thuận,1,1,1,1,1,1,2,2,2,2,1,1,chợ,A,Có quanh năm (pha xúc cả vụ Bắc); rộ khoảng T7–T10 (tháng 6–9 âm lịch),https://vjol.info.vn/tckhcnthuysan/article/view/133184 | https://vjol.info.vn/tckhcnthuysan/article/view/133184 (PDF tr.50–51) | https://www.sggp.org.vn/loc-cua-bien-208971.html | https://tuoitre.vn/ngu-dan-ninh-thuan-ve-ben-xuan-khoang-thuyen-day-ap-ca-com-20190208124340667.htm | https://tepbac.com/tin-tuc/full/ninh-thuan-buoc-vao-vu-khai-thac-ca-bac-23734.html | https://thuysanvietnam.com.vn/ninh-thuan-chu-trong-khai-thac-thuy-san-hieu-qua-ben-vung/ | https://www.vietnamplus.vn/trung-lon-vu-danh-bat-ca-nam-ngu-dan-tinh-ninh-thuan-phan-khoi-post968145.vnp
ca_nuc,Cá nục,hải sản,Ninh Thuận,1,1,1,2,2,2,2,2,1,1,1,1,chợ/GO!,A,Lưới vây bắt cá nục cả 2 vụ (sản lượng vụ Bắc ≈ vụ Nam); luồng lớn thường T4–T8,https://vjol.info.vn/tckhcnthuysan/article/view/133184 (PDF tr.50–51) | https://thuysanvietnam.com.vn/ninh-thuan-ngu-dan-trung-dam-ca-nuc-article-2263.tsvn | https://www.vietnamplus.vn/ngu-dan-tinh-ninh-thuan-vuon-khoi-khai-thac-vu-ca-nam-post954954.vnp | https://tuoitre.vn/da-mat-hinh-anh-ngu-dan-ninh-thuan-bat-ngo-trung-lon-mua-ca-nam-20210820121559308.htm | https://tepbac.com/tin-tuc/full/ninh-thuan-buoc-vao-vu-khai-thac-ca-bac-23734.html | https://thuysanvietnam.com.vn/ninh-thuan-chu-trong-khai-thac-thuy-san-hieu-qua-ben-vung/ | https://www.vietnamplus.vn/trung-lon-vu-danh-bat-ca-nam-ngu-dan-tinh-ninh-thuan-phan-khoi-post968145.vnp
muc_tuoi,Mực tươi,hải sản,Ninh Thuận,1,1,1,1,1,1,2,2,1,1,1,1,chợ/GO!,A,"Mực ống (câu, mành) cả 2 vụ, mực nang nhiều ở vụ Bắc; lưới chụp mực chỉ vụ Nam, rộ ~T7–T8",https://vjol.info.vn/tckhcnthuysan/article/view/133184 | https://tuoitre.vn/da-mat-hinh-anh-ngu-dan-ninh-thuan-bat-ngo-trung-lon-mua-ca-nam-20210820121559308.htm | https://tepbac.com/tin-tuc/full/ninh-thuan-buoc-vao-vu-khai-thac-ca-bac-23734.html | https://thuysanvietnam.com.vn/ninh-thuan-chu-trong-khai-thac-thuy-san-hieu-qua-ben-vung/ | https://www.vietnamplus.vn/trung-lon-vu-danh-bat-ca-nam-ngu-dan-tinh-ninh-thuan-phan-khoi-post968145.vnp
muc_mot_nang,Mực một nắng,hải sản,Ninh Thuận,1,1,1,1,1,1,1,1,1,1,1,1,chợ/vựa,B,"Giữ nguyên: hàng phơi từ mực câu, mực có cả 2 vụ nên có quanh năm",https://vjol.info.vn/tckhcnthuysan/article/view/133184
ca_mai,Cá mai,hải sản,Ninh Thuận,1,1,1,1,1,1,1,1,1,1,1,1,chợ,C,Không có nguồn riêng; cá nổi nhỏ ven bờ khai thác cả vụ Bắc nên bỏ 0 – suy luận,https://vjol.info.vn/tckhcnthuysan/article/view/133184
sua,Sứa,hải sản,Ninh Thuận,1,1,2,2,2,2,1,1,1,1,1,1,chợ,B,"Sứa tươi rộ ~T3–T6 (Phú Yên, miền Trung); sứa muối/sơ chế (bún, gỏi) có quanh năm",https://nld.com.vn/thoi-su-trong-nuoc/phu-yen-sua-xuat-hien-nhieu-o-dam-o-loan-87380.htm | https://tepbac.com/tin-tuc/full/mua-sua-bien-bat-dau-ngu-dan-tat-bat-vao-vu-37660.html
ca_com_kho,Cá cơm khô,hàng khô,Ninh Thuận,1,1,1,1,1,1,2,2,2,2,1,1,chợ,B,Hàng khô có quanh năm; cá cơm khô/hấp mới nhiều nhất mùa cá cơm rộ T7–T10,https://www.sggp.org.vn/loc-cua-bien-208971.html | https://tuoitre.vn/ngu-dan-ninh-thuan-ve-ben-xuan-khoang-thuyen-day-ap-ca-com-20190208124340667.htm
tom_hum,"Tôm hùm (Vĩnh Hy, Bình Ba)",hải sản,Ninh Thuận/Khánh Hòa,1,1,1,1,1,1,1,1,1,1,1,1,vựa,B,"Giữ nguyên: nuôi lồng, xuất bán luân phiên quanh năm; giá cao nhất dịp Tết",https://nhandan.vn/huong-toi-xuat-khau-chinh-ngach-tom-hum-post785120.html
rong_sun,Rong sụn Ninh Hải,hải sản,Ninh Thuận,1,1,1,1,1,1,1,1,1,1,1,1,chợ,B,"Giữ nguyên: Ninh Hải thu 2 mùa/năm, nuôi 2–4 tháng; bán chủ yếu dạng khô nên có quanh năm",https://baophapluat.vn/doc-dao-mut-rong-hong-van-va-cuoc-song-doi-thay-nho-nuoi-trong-rong-bien-o-ninh-thuan-post382909.html
ca_ngu_dd,Cá ngừ đại dương,hải sản,Phú Yên,2,2,2,2,1,1,1,1,1,1,1,2,GO!/chợ,B,"Chính vụ ~T12–T4 (tháng 11–3 âm lịch, gió Đông Bắc); giữa năm ít hơn, đông lạnh quanh năm",https://www.sggp.org.vn/ngu-dan-nam-trung-bo-hoi-ha-vuon-khoi-vu-tet-post774405.html | https://plo.vn/vao-vu-san-ca-ngu-dip-tet-post771815.html
tom_the,Tôm thẻ,hải sản,chung,1,1,1,1,1,1,1,1,1,1,1,1,GO!/chợ,A,"Giữ nguyên: tôm nuôi, có quanh năm",
ca_thu,Cá thu,hải sản,chung,1,1,1,1,1,1,1,1,1,1,1,1,GO!/chợ,A,Giữ nguyên: cá thu là đối tượng câu chính cả vụ Bắc và vụ Nam (~37–41% sản lượng câu),https://vjol.info.vn/tckhcnthuysan/article/view/133184 | https://tuoitre.vn/ngu-dan-khanh-hoa-duoc-mua-ca-ngu-soc-dua-ca-thu-2023012914133311.htm
cua_dong,Cua đồng,hải sản,chung,1,1,1,1,1,1,1,1,2,2,2,1,chợ,C,Giữ nguyên; mùa mưa Ninh Thuận T9–T11 khớp đỉnh – chưa có nguồn riêng về cua đồng,https://vinwonders.com/vi/bai-viet-du-lich/cap-nhat-thoi-tiet-ninh-thuan/
ca_loc,Cá lóc,thủy sản,chung,1,1,1,1,1,1,1,1,2,2,2,1,chợ,C,"Giữ nguyên; cá nuôi quanh năm, cá đồng theo mùa mưa T9–T11 – chưa có nguồn riêng",https://vinwonders.com/vi/bai-viet-du-lich/cap-nhat-thoi-tiet-ninh-thuan/
ech,Ếch,thịt,chung,1,1,1,1,1,1,1,1,2,2,2,1,chợ,C,"Giữ nguyên; ếch nuôi quanh năm, ếch đồng theo mùa mưa T9–T11 – chưa có nguồn riêng",https://vinwonders.com/vi/bai-viet-du-lich/cap-nhat-thoi-tiet-ninh-thuan/
ca_bac_ma,Cá bạc má,hải sản,Ninh Thuận,1,1,1,1,1,1,1,1,1,1,1,1,chợ,C,Bỏ đỉnh mùa gió bấc (không có căn cứ); Ninh Thuận có bạc má trong vụ cá Nam,https://tuoitre.vn/da-mat-hinh-anh-ngu-dan-ninh-thuan-bat-ngo-trung-lon-mua-ca-nam-20210820121559308.htm
ca_chim,Cá chim,hải sản,chung,1,1,1,1,1,1,1,1,1,1,1,1,chợ/GO!,B,"Giữ nguyên: cá chim nuôi lồng ở Khánh Hòa, có quanh năm",https://nongnghiepmoitruong.vn/buoc-tien-nuoi-bien-ho-o-tinh-khanh-hoa-d392982.html
ghe,Ghẹ,hải sản,Ninh Thuận,1,1,1,1,1,1,1,1,1,1,1,1,chợ/vựa,A,"Lồng bẫy ghẹ và lưới kéo cho ghẹ cả 2 vụ, vụ Bắc không kém vụ Nam – bỏ đỉnh T4–T8",https://vjol.info.vn/tckhcnthuysan/article/view/133184 | https://vjol.info.vn/tckhcnthuysan/article/view/133184 (PDF tr.50–51)
cua_bien,Cua biển,hải sản,chung,1,1,1,1,1,1,1,1,1,1,1,1,chợ/vựa,C,Giữ nguyên: cua nuôi (đầm Nại) có quanh năm; chưa có nguồn về mùa,
ngheu,Nghêu / ngao / sò,hải sản,chung,1,1,1,1,1,1,1,1,1,1,1,1,chợ/GO!,B,"Giữ nguyên: chủ yếu hàng nuôi, có quanh năm; chưa có nguồn mùa vụ địa phương",
oc,"Ốc (ốc hương, ốc biển)",hải sản,Ninh Thuận/Khánh Hòa,1,1,1,1,1,1,1,1,1,1,1,1,chợ/vựa,B,"Giữ nguyên: ốc hương Khánh Hòa nuôi 2 vụ (thả T3–4 và T9–10), có hàng quanh năm",https://moit.gov.vn/tu-hao-hang-viet-nam/oc-huong-khanh-hoa-vao-danh-sach-bao-ho-chi-dan-dia-ly.html
so_diep,Sò điệp,hải sản,chung,1,1,1,1,1,1,1,1,1,1,1,1,chợ/GO!,C,Giữ nguyên: không tìm được nguồn mùa vụ sò điệp cho NT/KH,
mam_ca_na,Mắm/nước mắm Cà Ná,gia vị,Ninh Thuận,1,1,1,1,1,1,1,1,1,1,1,1,chợ,A,"Giữ nguyên: nước mắm ủ từ cá cơm, bán quanh năm",https://www.sggp.org.vn/loc-cua-bien-208971.html
muoi_ca_na,Muối Cà Ná,gia vị,Ninh Thuận,1,1,1,1,1,1,1,1,1,1,1,1,chợ,A,Muối trữ bán quanh năm; vụ làm muối ở Ninh Thuận chủ yếu mùa khô ~T12–T5 (sửa ghi chú cũ 4–7),https://www.vietnamplus.vn/ngo-ngang-voi-ve-dep-trang-le-cua-nhung-canh-dong-muoi-o-ninh-thuan-post755568.vnp
nho_nt,Nho Ninh Thuận,trái cây,Ninh Thuận,1,1,1,1,1,1,1,2,2,1,1,1,chợ/vựa,A,"Cắt cành 3 vụ: 12–1, 4–5, 9–10 → thu ~4–5, 8–9, Tết; ngọt nhất 8–9; tránh trái mùa mưa 10–11",https://moit.gov.vn/tu-hao-hang-viet-nam/nho-ninh-thuan-an-mot-lan-ma-nho-mai.html | https://vnexpress.net/vuon-nho-ba-mau-o-ninh-thuan-4023932.html
tao_xanh,Táo xanh Phan Rang,trái cây,Ninh Thuận,2,2,2,1,1,1,1,1,1,2,2,2,chợ/vựa,B,Ra quả quanh năm; cắt cành tập trung 2 vụ: ~10–12 và sau Tết đến tháng 3,https://vnbusiness.vn/ninh-thuan-trong-tao-sach-nang-suat-gia-cao-nho-bao-luoi.html | https://baoninhthuan.com.vn/quehuong/16563p1c142/tao-say-dac-san-phan-rang.htm
toi_pr,Tỏi Phan Rang,gia vị,Ninh Thuận,1,1,2,2,1,1,1,1,1,1,1,1,chợ/vựa,A,"Vụ chính trồng tháng 10, thu hoạch tháng 3 (~130–135 ngày); tỏi khô bán quanh năm",https://ctujsvn.ctu.edu.vn/index.php/ctujsvn/article/download/7230/5099/31065 | https://jad.hcmuaf.edu.vn/index.php/jad/article/download/150/150
hanh_tim,Hành tím Ninh Thuận,gia vị,Ninh Thuận,1,1,1,1,1,1,1,1,1,1,1,1,chợ,B,"Hành 45 ngày/lứa, 4–5 vụ/năm, trồng rải vụ nên thu hoạch quanh năm (có vụ hè tháng 8–9)",https://vnexpress.net/gia-cu-hanh-tim-tang-gap-doi-4646065.html | https://vov.vn/kinh-te/nong-dan-ninh-thuan-phan-khoi-vi-hanh-tim-duoc-mua-duoc-gia-944663.vov
mang_tay,Măng tây xanh,rau củ,Ninh Thuận,1,1,1,1,1,1,1,1,1,1,1,1,chợ/vựa,A,"2 vụ: thu đông cuối 8–3, xuân hè cuối 2–6; thu 3 tháng nghỉ 1 tháng, gần như quanh năm",https://tapchicongthuong.vn/magazine/mang-tay-muot-xanh-vung-cat-trang-ninh-thuan-113266.htm | https://moit.gov.vn/tin-tuc/thi-truong-trong-nuoc/nang-cao-gia-tri-cay-mang-tay-cua-dong-bao-cham-tai-ninh-thuan.html
thit_de,Thịt dê,thịt,Ninh Thuận,1,1,1,1,1,1,1,1,1,1,1,1,chợ/quán,A,"Giữ nguyên: chăn nuôi quanh năm, không có mùa vụ",
thit_cuu,Thịt cừu,thịt,Ninh Thuận,1,1,1,1,1,1,1,1,1,1,1,1,chợ/quán,A,"Giữ nguyên: chăn nuôi quanh năm, không có mùa vụ",
thanh_long,Thanh long,trái cây,Bình Thuận,1,1,1,1,1,2,2,2,2,1,1,1,GO!/chợ,B,"Chính vụ ~6–9 (tháng 4–8 âm); trái vụ chong đèn 10–5, ít hàng nhất 12–2",https://vnexpress.net/gia-thanh-long-lai-rot-4292886.html | https://vnbusiness.vn/thanh-long-chinh-vu-tieu-thu-on-dinh.html | https://vnexpress.net/gia-thanh-long-hom-nay-4566949.html
sau_rieng_ks,Sầu riêng Khánh Sơn,trái cây,Khánh Hòa,0,0,0,0,0,1,2,2,1,0,0,0,vựa,B,"Rộ đầu 7–cuối 8, có từ tháng 6, lai rai sang 9; muộn hơn miền Tây, Tây Nguyên",https://tapchicongthuong.vn/magazine/sau-rieng-chia-khoa-xoa-ngheo-vung-khanh-son-112077.htm | https://www.vietnamplus.vn/khanh-hoa-sau-rieng-dac-san-tai-khanh-son-duoc-mua-duoc-gia-post652796.vnp | https://tapchitoaan.vn/tu-nuong-ray-bap-benh-den-%22cay-vang%22-doi-doi-tren-trien-nui-khanh-son16209.html
xoai_uc,Xoài Úc Cam Lâm,trái cây,Khánh Hòa,0,0,1,2,2,2,1,0,1,1,1,1,chợ/vựa,B,"Chính vụ 3–7, chín rộ tháng 4–6; vụ nghịch 9–12",https://baovanhoa.vn/du-lich/bai-2-dua-du-khach-kham-pha-vung-trong-xoai-lon-nhat-nam-trung-bo-109905.html | https://baovanhoa.vn/kinh-te/nguoi-trong-xoai-cam-lam-cau-cuu-27441.html | https://vietnamnet.vn/xoai-uc-rot-gia-nha-nong-khanh-hoa-de-rung-day-goc-2008186.html
chom_chom,Chôm chôm Khánh Sơn,trái cây,Khánh Hòa,0,0,0,0,0,1,2,2,1,0,0,0,chợ,C,Chín muộn hơn Đông Nam Bộ >1 tháng; có mặt ở lễ hội trái cây Khánh Sơn tháng 8,https://baokhanhhoa.vn/kinh-te/201308/khanh-son-khanh-hoa-hieu-qua-tu-mo-hinh-trong-chom-chom-thai-2258530/ | https://baokhanhhoa.vn/kinh-te/202407/cho-donle-hoi-trai-cay-khanh-son-ff6633f/
dua_hau,Dưa hấu,trái cây,Gia Lai/miền Trung,2,2,2,2,2,2,1,1,1,1,1,2,GO!/chợ,B,"Giữ nguyên; Ninh Hòa: trồng cuối tháng 11 âm, thu từ mùng 10 tháng Giêng; có vụ hè tháng 4",https://baokhanhhoa.vn/doi-song/201402/mot-mua-dua-do-2294483/ | https://baokhanhhoa.vn/kinh-te/201605/dien-khanh-dua-hau-gia-5500-dongkg-nong-dan-co-lai-2436012/
rau_muong,Rau muống,rau củ,Ninh Thuận,1,1,1,1,2,2,2,2,1,1,1,1,chợ/GO!,C,"Mùa mưa Phan Rang là 9–12, mưa lũ 10–12 làm rau lá hư, giá tăng; rộ chuyển sang mùa khô có tưới 5–8",https://vjol.info.vn/TCKHTV/article/view/59992 | https://baokhanhhoa.vn/kinh-te/202511/binh-on-thi-truongsau-mua-lu-8272767/ | https://baokhanhhoa.vn/doi-song/202412/rau-xanh-tang-gia-do-mua-lon-keo-dai-33b3b87/
mong_toi,Mồng tơi,rau củ,Ninh Thuận,1,1,1,2,2,2,2,2,1,1,1,1,chợ,C,"Rau ưa nóng, rộ mùa nắng 4–8; mưa lũ 10–12 rau lá giảm, đắt",https://vjol.info.vn/TCKHTV/article/view/59992 | https://baokhanhhoa.vn/doi-song/202412/rau-xanh-tang-gia-do-mua-lon-keo-dai-33b3b87/ | https://baokhanhhoa.vn/doi-song/202409/nha-trang-gia-rau-xanh-tai-cac-cho-truyen-thong-tang-nhe-cf00d53/
rau_day,Rau đay,rau củ,chung,1,1,1,1,2,2,2,2,1,1,1,1,chợ,C,Giữ nguyên: không tìm được nguồn riêng cho Ninh Thuận/Khánh Hòa; rau mùa nóng,
rau_ngot,Rau ngót,rau củ,chung,1,1,1,1,1,1,1,1,1,1,1,1,chợ,C,Giữ nguyên: không tìm được nguồn riêng cho Ninh Thuận/Khánh Hòa,
la_lot,Lá lốt,rau củ,chung,1,1,1,1,1,1,1,1,1,1,1,1,chợ,C,Giữ nguyên: không tìm được nguồn riêng cho Ninh Thuận/Khánh Hòa,
chuoi_xanh,Chuối xanh (chuối chát),trái cây,chung,1,1,1,1,1,1,1,1,1,1,1,1,chợ,C,Giữ nguyên: không tìm được nguồn riêng cho Ninh Thuận/Khánh Hòa; chuối Khánh Sơn có quanh năm,
ngo,Ngô (bắp),rau củ,Ninh Thuận,1,1,1,1,1,1,1,1,1,1,1,1,chợ/GO!,C,Giữ nguyên: không tìm được nguồn riêng cho Ninh Thuận/Khánh Hòa,
khoai_mon,Khoai sọ / khoai môn,rau củ,chung,1,1,1,1,1,1,1,1,1,1,1,1,chợ,C,Giữ nguyên: không tìm được nguồn riêng cho Ninh Thuận/Khánh Hòa,
khoai_lang,Khoai lang,rau củ,chung,1,1,1,1,1,1,1,1,1,1,1,1,chợ/GO!,C,Giữ nguyên: không tìm được nguồn riêng cho Ninh Thuận/Khánh Hòa,
dau_bap,Đậu bắp,rau củ,Ninh Thuận,1,1,1,1,1,1,1,1,1,1,1,1,chợ,C,Giữ nguyên: không tìm được nguồn riêng cho Ninh Thuận/Khánh Hòa,
bi_dao,Bí đao,rau củ,chung,1,1,1,1,1,1,1,1,1,1,1,1,chợ/GO!,C,Giữ nguyên: không tìm được nguồn riêng cho Ninh Thuận/Khánh Hòa; mưa lũ 10–12 bầu bí tăng giá,https://baokhanhhoa.vn/kinh-te/202511/binh-on-thi-truongsau-mua-lu-8272767/
bi_do,Bí đỏ (bí ngô),rau củ,chung,1,1,1,1,1,1,1,1,1,1,1,1,chợ/GO!,C,Giữ nguyên: không tìm được nguồn riêng cho Ninh Thuận/Khánh Hòa,
bau,Bầu,rau củ,chung,1,1,1,1,1,1,1,1,1,1,1,1,chợ,C,Giữ nguyên: không tìm được nguồn riêng cho Ninh Thuận/Khánh Hòa; mưa lũ 10–12 bầu bí tăng giá,https://baokhanhhoa.vn/kinh-te/202511/binh-on-thi-truongsau-mua-lu-8272767/
muop,Mướp hương,rau củ,chung,1,1,1,1,1,1,1,1,1,1,1,1,chợ,C,Giữ nguyên: không tìm được nguồn riêng cho Ninh Thuận/Khánh Hòa,
ca_tim,Cà tím,rau củ,chung,1,1,1,1,1,1,1,1,1,1,1,1,chợ/GO!,C,Giữ nguyên: không tìm được nguồn riêng cho Ninh Thuận/Khánh Hòa,
dua_leo,Dưa leo,rau củ,Ninh Thuận,1,1,1,1,1,1,1,1,1,1,1,1,chợ/GO!,C,Giữ nguyên: không tìm được nguồn riêng cho Ninh Thuận/Khánh Hòa,
cai_xanh,"Rau cải (cải ngọt, chíp, ngồng, bẹ)",rau củ,chung,2,2,1,1,1,1,1,1,1,1,1,2,chợ/GO!,C,"Giữ nguyên; cải ưa mát, ngon 12–2 (cuối mưa, đầu khô)",https://baokhanhhoa.vn/doi-song/202412/rau-xanh-tang-gia-do-mua-lon-keo-dai-33b3b87/
rau_bi,Ngọn bí,rau củ,chung,1,1,1,1,1,1,1,2,2,1,1,1,chợ,C,Bỏ rộ 10–11 vì mưa lũ Phan Rang (9–12) làm rau lá hư; còn rộ 8–9 (suy luận),https://vjol.info.vn/TCKHTV/article/view/59992 | https://baokhanhhoa.vn/kinh-te/202511/binh-on-thi-truongsau-mua-lu-8272767/
rau_den,Rau dền,rau củ,chung,1,1,1,1,2,2,2,2,1,1,1,1,chợ,C,"Giữ nguyên: không tìm được nguồn riêng cho Ninh Thuận/Khánh Hòa; rau mùa nóng, khớp mùa khô Ninh Thuận",
rau_lang,Rau lang,rau củ,chung,1,1,1,1,1,1,1,1,1,1,1,1,chợ,C,Giữ nguyên: không tìm được nguồn riêng cho Ninh Thuận/Khánh Hòa,
rau_ma,Rau má,rau củ,chung,1,1,1,1,1,1,1,1,2,2,2,1,chợ,C,Giữ nguyên; rộ 9–11 trùng mùa mưa thật của Ninh Thuận (9–12),https://vjol.info.vn/TCKHTV/article/view/59992
ca_phao,Cà pháo,rau củ,chung,1,1,1,1,1,1,1,1,1,1,1,1,chợ,C,Giữ nguyên: không tìm được nguồn riêng cho Ninh Thuận/Khánh Hòa,
buoi,Bưởi,trái cây,chung,1,1,1,1,1,1,1,2,2,2,1,1,chợ/GO!,B,Giữ nguyên; bưởi da xanh Khánh Sơn vào chính vụ tháng 8 (lễ hội trái cây),https://baokhanhhoa.vn/kinh-te/202407/cho-donle-hoi-trai-cay-khanh-son-ff6633f/
dua,Dừa,trái cây,chung,1,1,1,1,1,1,1,1,1,1,1,1,chợ/GO!,A,Giữ nguyên: có quanh năm,
mia,Mía,khác,chung,2,2,2,1,1,1,1,1,1,1,1,2,chợ,B,Giữ nguyên; niên vụ mía Ninh Hòa thu hoạch ~12–4; mía ép nước có quanh năm,https://baokhanhhoa.vn/phong-su/202503/mia-duong-vao-vu-thu-hoach-32c0e31/
nha_dam,Nha đam,rau củ,Ninh Thuận,1,1,1,1,1,1,1,1,1,1,1,1,chợ/vựa,A,Giữ nguyên: thu hoạch quanh năm,
hat_sen,Hạt sen,hàng khô,chung,1,1,1,1,1,2,2,2,1,1,1,1,chợ/GO!,B,"Giữ nguyên: không trồng tại chỗ, hàng từ nơi khác",
khe_me,"Khế, me (vị chua)",gia vị,chung,1,1,1,1,1,1,1,1,1,1,1,1,chợ,A,Giữ nguyên: không tìm được nguồn riêng cho Ninh Thuận/Khánh Hòa,
sa_ot,"Sả, ớt, gừng",gia vị,chung,1,1,1,1,1,1,1,1,1,1,1,1,chợ,A,Giữ nguyên: không tìm được nguồn riêng cho Ninh Thuận/Khánh Hòa,
bap_cai,Bắp cải Đà Lạt,rau củ,Đà Lạt,2,1,1,0,0,0,0,0,0,0,1,2,chợ,B,"Quanh năm; rộ, rẻ mùa khô T12–3. Mùa mưa T6–10 dập, giá tăng",https://www.tinnhanhchungkhoan.vn/500-dongkg-rau-da-lat-post229059.html | https://thesaigontimes.vn/mua-keo-dai-nhieu-loai-rau-da-lat-tang-gia/ | https://thesaigontimes.vn/saigontimes/gia-hoa-nong-san-o-lam-dong-tang-manh-do-mua-keo-dai/
cai_thao,Cải thảo,rau củ,Đà Lạt,2,1,1,0,0,0,0,0,0,0,1,2,GO!/chợ,B,"Quanh năm; rộ, rẻ mùa khô T12–3. Mùa mưa T6–10 dập, giá tăng",https://www.tinnhanhchungkhoan.vn/500-dongkg-rau-da-lat-post229059.html | https://thesaigontimes.vn/mua-keo-dai-nhieu-loai-rau-da-lat-tang-gia/ | https://thesaigontimes.vn/saigontimes/gia-hoa-nong-san-o-lam-dong-tang-manh-do-mua-keo-dai/
xa_lach,Xà lách,rau củ,Đà Lạt,2,1,1,0,0,0,0,0,0,0,1,2,chợ,B,"Quanh năm; rộ, rẻ mùa khô T12–3. Mùa mưa T6–10 dập, giá tăng",https://www.tinnhanhchungkhoan.vn/500-dongkg-rau-da-lat-post229059.html | https://thesaigontimes.vn/mua-keo-dai-nhieu-loai-rau-da-lat-tang-gia/ | https://thesaigontimes.vn/saigontimes/gia-hoa-nong-san-o-lam-dong-tang-manh-do-mua-keo-dai/ | https://vnexpress.net/rau-cu-tang-gia-manh-4377721.html
sup_lo,Súp lơ xanh,rau củ,Đà Lạt,2,1,1,0,0,0,0,0,0,0,1,2,GO!/chợ,B,"Quanh năm; đẹp, rẻ mùa khô T12–3. Mưa T6–10 (cả T10–11) giá tăng mạnh",https://www.tinnhanhchungkhoan.vn/500-dongkg-rau-da-lat-post229059.html | https://vnexpress.net/rau-cu-tang-gia-manh-4377721.html | https://thesaigontimes.vn/saigontimes/gia-hoa-nong-san-o-lam-dong-tang-manh-do-mua-keo-dai/
sup_lo_trang,Súp lơ trắng,rau củ,Đà Lạt,2,1,1,0,0,0,0,0,0,0,1,2,GO!/chợ,C,"Suy theo súp lơ xanh/rau Đà Lạt: rẻ mùa khô T12–3, mưa T6–10 giá cao",https://www.tinnhanhchungkhoan.vn/500-dongkg-rau-da-lat-post229059.html | https://vnexpress.net/rau-cu-tang-gia-manh-4377721.html
ca_chua,Cà chua Đà Lạt,rau củ,Đà Lạt,1,1,1,1,1,1,1,1,1,1,1,1,GO!/chợ,A,"Quanh năm; mùa mưa T6–10 giá tăng (T7/2024 21.000đ/kg, +7.000)",https://thesaigontimes.vn/saigontimes/gia-hoa-nong-san-o-lam-dong-tang-manh-do-mua-keo-dai/
ca_rot,Cà rốt,rau củ,Đà Lạt,1,1,1,1,1,1,1,1,1,1,1,1,GO!/chợ,A,Giữ nguyên: có quanh năm; mùa mưa T6–10 giá nhích lên,https://thesaigontimes.vn/mua-keo-dai-nhieu-loai-rau-da-lat-tang-gia/ | https://thesaigontimes.vn/saigontimes/gia-hoa-nong-san-o-lam-dong-tang-manh-do-mua-keo-dai/
khoai_tay,Khoai tây,rau củ,Đà Lạt,1,1,1,1,1,1,1,1,1,1,1,1,chợ,A,Giữ nguyên: có quanh năm; mùa mưa T6–10 giá nhích lên,https://thesaigontimes.vn/mua-keo-dai-nhieu-loai-rau-da-lat-tang-gia/ | https://thesaigontimes.vn/saigontimes/gia-hoa-nong-san-o-lam-dong-tang-manh-do-mua-keo-dai/
su_su,Su su,rau củ,Đà Lạt,1,1,1,1,1,1,1,1,1,1,1,1,GO!/chợ,A,Giữ nguyên: có quanh năm; mùa mưa T6–10 giá nhích lên,https://thesaigontimes.vn/mua-keo-dai-nhieu-loai-rau-da-lat-tang-gia/ | https://thesaigontimes.vn/saigontimes/gia-hoa-nong-san-o-lam-dong-tang-manh-do-mua-keo-dai/
su_hao,Su hào,rau củ,Đà Lạt,1,1,1,1,1,1,1,1,1,1,1,1,GO!/chợ,A,Giữ nguyên: có quanh năm; mùa mưa T6–10 giá nhích lên,https://thesaigontimes.vn/mua-keo-dai-nhieu-loai-rau-da-lat-tang-gia/ | https://thesaigontimes.vn/saigontimes/gia-hoa-nong-san-o-lam-dong-tang-manh-do-mua-keo-dai/
cu_cai,Củ cải trắng,rau củ,Đà Lạt,1,1,1,1,1,1,1,1,1,1,1,1,GO!/chợ,A,Giữ nguyên: có quanh năm; mùa mưa T6–10 giá nhích lên,https://thesaigontimes.vn/mua-keo-dai-nhieu-loai-rau-da-lat-tang-gia/ | https://thesaigontimes.vn/saigontimes/gia-hoa-nong-san-o-lam-dong-tang-manh-do-mua-keo-dai/
can_tay,Cần tây,rau củ,Đà Lạt,1,1,1,1,1,1,1,1,1,1,1,1,GO!/chợ,A,Giữ nguyên: có quanh năm; mùa mưa T6–10 giá nhích lên,https://thesaigontimes.vn/mua-keo-dai-nhieu-loai-rau-da-lat-tang-gia/ | https://thesaigontimes.vn/saigontimes/gia-hoa-nong-san-o-lam-dong-tang-manh-do-mua-keo-dai/
dau_co_ve,Đậu cô ve (đậu que),rau củ,Đà Lạt,1,1,1,1,1,1,1,1,1,1,1,1,GO!/chợ,A,Giữ nguyên: có quanh năm; mùa mưa T6–10 giá nhích lên,https://vnexpress.net/gia-rau-qua-tang-manh-2682754.html
nam,"Nấm trồng (bào ngư, kim châm...)",rau củ,Đà Lạt,1,1,1,1,1,1,1,1,1,1,1,1,GO!/chợ,A,"Giữ nguyên: nấm trồng trong nhà, có quanh năm",
chanh_day,Chanh dây,trái cây,Đà Lạt,1,1,1,1,1,1,1,1,1,1,1,1,GO!/chợ,A,"Giữ nguyên: thu quanh năm, giá dao động mạnh theo thị trường",https://www.sggp.org.vn/nong-dan-trong-chanh-day-dang-khon-don-post435786.html
dau_tay,Dâu tây,trái cây,Đà Lạt,2,2,2,1,1,1,1,1,1,1,2,1,chợ/GO!,B,"Rộ, ngon, rẻ T1–3 (Tết). Mùa mưa T5–10 ít, đắt; T11 đầu vụ giá cao",https://baolamdong.vn/du-lich-nong-san-5-mua-thu-hoach-doc-dao-khap-viet-nam-409359.html | https://plo.vn/nhan-biet-dau-tay-da-lat-va-dau-tay-trung-quoc-post266384.html | https://vnexpress.net/nhung-mon-qua-mang-ten-da-lat-3152980.html
atiso,Atiso tươi,rau củ,Đà Lạt,1,2,2,1,0,0,0,0,0,0,0,0,chợ,B,"Bông tươi chủ yếu T1–4, rộ T2–3 (quanh Tết)",https://tapchicongthuong.vn/magazine/atiso-duoc-lieu--vang--tren-dat-lam-dong-112252.htm
man_dl,Mận Đà Lạt,trái cây,Đà Lạt,0,0,0,1,2,1,0,0,0,0,0,0,chợ,B,"Mận Tam hoa/mận lốc Đà Lạt chín cuối T4–T5, ít đến T6; hàng hiếm ở PR",https://www.qdnd.vn/du-lich/diem-den/da-lat-mua-man-chin-1038336 | https://vtv.vn/xa-hoi/net-dep-mua-man-chin-da-lat-20230526131154413.htm
hong_gion,Hồng giòn,trái cây,Đà Lạt,0,0,0,0,0,0,0,0,1,2,2,1,chợ,B,"Mùa hồng giữa T9–đầu T12, đẹp nhất T10–11",https://tapchicongthuong.vn/da-lat-mua-hong-chin-74725.htm | https://www.tinnhanhchungkhoan.vn/hong-gion-va-nhung-mon-an-duom-vi-mua-thu-o-da-lat-post221878.html
hong_treo_gio,Hồng treo gió,trái cây,Đà Lạt,1,0,0,0,0,0,0,0,0,1,2,2,chợ,B,Làm từ T9 âm lịch đến sát Tết; ngon nhất T11–12; hàng khô để được lâu,https://vnexpress.net/lam-hong-treo-gio-an-tet-4383562.html | https://nhandan.vn/ocop/da-lat-mua-hong-treo-gio-post787373.html
mang_rung,Măng rừng,rau củ,Đà Lạt,0,0,0,0,1,1,1,1,1,1,1,0,chợ,B,"Theo mùa mưa: măng nhú sau mưa đầu mùa T5, khai thác T6–11",https://baolamdong.vn/mua-di-hai-loc-rung-382021.html
mang_cut,Măng cụt Bảo Lộc,trái cây,Lâm Đồng,0,0,0,0,0,0,0,1,2,2,0,0,chợ,B,"Giữ nguyên: Bảo Lộc chín muộn, bắt đầu T8, rộ T9–10",https://tapchicongthuong.vn/magazine/mang-cut-bao-loc-tren-cao-nguyen-di-linh-111489.htm
sau_rieng_dl,Sầu riêng Đắk Lắk,trái cây,Đắk Lắk,0,0,0,0,0,0,1,2,2,1,0,0,vựa/chợ,A,"Chính vụ Đắk Lắk T8–10, rộ T8–9; lứa sớm cuối T7",https://nhandan.vn/thong-tin-gia-sau-rieng-bo-o-dak-lak-giam-50-la-khong-co-co-so-post659844.html
bo_booth,Bơ booth,trái cây,Đắk Lắk,0,0,0,0,0,0,0,1,2,2,1,0,GO!/chợ,B,"Bơ muộn: vào vụ giữa T8, rộ T9–10, kéo đến T11",https://langngheviet.com.vn/qua-bo-dak-lak-26091.html | https://vietnamnet.vn/gia-bo-lao-doc-dak-lak-ton-hang-chuc-nghin-tan-768036.html
bo_sap,Bơ sáp,trái cây,Đắk Lắk/Lâm Đồng,0,0,1,1,2,2,2,1,0,0,0,0,GO!/chợ,B,"Giữ nguyên: chính vụ T4–7, ngon nhất T5–7",https://langngheviet.com.vn/qua-bo-dak-lak-26091.html | https://tuoitre.vn/am-thuc/tay-nguyen-da-vo-mua-bo-1066840.htm
thit_heo,Thịt heo,thịt,chung,1,1,1,1,1,1,1,1,1,1,1,1,GO!/chợ,A,Quanh năm; giá tăng dịp cận Tết (T12–T1/2),https://plo.vn/can-tet-gia-thit-heo-bat-dau-tang-nhe-post608415.html | https://vnexpress.net/gia-thit-heo-giam-sau-tet-5042786.html
thit_bo,Thịt bò,thịt,chung,1,1,1,1,1,1,1,1,1,1,1,1,GO!/chợ,A,Giữ nguyên: quanh năm; giá nhích dịp Tết,
ga_ta,Gà ta,thịt,chung,1,1,1,1,1,1,1,1,1,1,1,1,chợ,A,"Giữ nguyên: quanh năm; gà ta đắt hơn dịp Tết, rằm",
trung,Trứng gà/vịt,trứng,chung,1,1,1,1,1,1,1,1,1,1,1,1,GO!/chợ,A,Giữ nguyên: quanh năm,
dau_phu,Đậu phụ,đậu,chung,1,1,1,1,1,1,1,1,1,1,1,1,GO!/chợ,A,"Giữ nguyên: chế biến, quanh năm",
gia_do,Giá đỗ,rau củ,chung,1,1,1,1,1,1,1,1,1,1,1,1,chợ/GO!,A,"Giữ nguyên: giá ủ, quanh năm",
dau_hat,Đậu xanh / đỏ / đen,hàng khô,chung,1,1,1,1,1,1,1,1,1,1,1,1,chợ/GO!,A,Giữ nguyên: hàng khô,
gao_nep,Gạo nếp / nếp cẩm,tinh bột,chung,1,1,1,1,1,1,1,1,1,1,1,1,chợ/GO!,A,Giữ nguyên: hàng khô,
suong_sao,Sương sáo,khác,chung,1,1,1,1,1,1,1,1,1,1,1,1,chợ,A,Giữ nguyên: hàng làm sẵn,
rau_thom,Rau thơm các loại,rau củ,chung,1,1,1,1,1,1,1,1,1,1,1,1,chợ,A,Giữ nguyên: quanh năm,
mang_cau_ta,Mãng cầu,trái cây,Khánh Hòa/Ninh Thuận,2,2,1,0,0,1,1,2,2,1,1,1,chợ,B,2 đợt: chính vụ ~T8–9 (âm 7–8) và vụ Tết xử lý ra hoa (T1–2); trái vụ rải rác,https://baokhanhhoa.vn/kinh-te/202101/vu-mang-cau-tet-chua-nhu-mong-doi-8205613/ | https://baokhanhhoa.vn/kinh-te/202008/xa-cam-an-nam-phat-trien-cay-mang-cau-8179149/ | https://hacheco.vn/nguoi-tien-phong-trong-mang-cau-thai-o-ninh-thuan/
sau_dau,Sầu đâu,rau củ,Ninh Thuận/miền Nam,1,2,2,2,1,0,0,0,0,0,0,1,chợ,B,"Cây mọc nhiều ở Ninh Thuận; đọt non + bông từ T11–T3 âm (≈T12–T4 dương). Vị đắng, chần qua",https://thanhnien.vn/sau-dau-18569070.htm | https://thanhnien.vn/sau-dau-mang-lai-tin-vui-185328371.htm | https://baoangiang.com.vn/doc-dao-goi-sau-dau-a299952.html
cu_kieu,Củ kiệu,rau củ,"Khánh Hòa (Cam Ranh, Cam Lâm)/Ninh Thuận",2,1,0,0,0,0,0,0,0,0,1,2,chợ,B,"Vụ Tết: thương lái đặt từ T10 âm, thu rộ tháng Chạp; càng gần Tết củ càng chắc",https://baokhanhhoa.vn/kinh-te/202301/vui-mua-kieu-tet-8274526/ | https://baovanhoa.vn/xa-hoi/khanh-hoa-soi-dong-mua-thu-hoach-cu-kieu-tet-6.html
nam_moi,Nấm mối,rau củ,Khánh Hòa (Cam Lâm)/Bình Thuận/Đắk Lắk,0,0,0,0,1,2,2,1,0,1,2,1,chợ,B,"Nấm tự nhiên, chỉ mọc đầu mùa mưa: Tây Nguyên/Bình Thuận ~T5–7, Khánh Hòa ~T10–11. Đắt, ít",https://baokhanhhoa.vn/phong-su-anh/201911/san-nam-moi-dau-mua-8138905/ | https://baobinhthuan.com.vn/chuyen-nguoi-di-tim-nam-moi-o-uc-linh-109719.html | https://baodaklak.vn/du-lich/202207/ngot-ngon-nam-moi-tay-nguyen-3aa46f3/
xoai_cat,Xoài cát Cam Lâm,trái cây,Khánh Hòa (Cam Lâm),1,1,1,2,2,2,1,1,1,1,1,1,chợ|vựa|GO!,B,Chính vụ Cam Lâm khoảng T4–6 (giữa T3 chưa vào vụ); có xoài tứ quý trái vụ,https://baokhanhhoa.vn/du-lich/202303/trai-nghiem-vuon-xoai-o-cam-lam-8277655/ | https://baokhanhhoa.vn/phong-su/202004/vu-xoai-am-dam-8158202/ | https://baokhanhhoa.vn/kinh-te/202405/xoai-cam-lamdau-ra-con-bap-benh-6602185/ | https://baokhanhhoa.vn/kinh-te/201703/suoi-tan-phat-trien-xoai-tu-quy-trai-vu-5001013/
chuoi_chin,Chuối chín,trái cây,"Khánh Hòa (Khánh Sơn, Cam Lâm)",2,1,1,1,1,1,1,1,1,1,1,2,chợ|GO!,B,Có quanh năm; rộ vụ Tết (tháng Chạp âm). Bổ sung cho mục chuoi_xanh,https://baokhanhhoa.vn/kinh-te/201301/thon-khanh-thanh-suoi-cat-cam-lam-khanh-hoa-lo-mua-chuoi-tet-2212395/ | https://baokhanhhoa.vn/kinh-te/201611/chuoi-moc-duoc-gia-2458860/
du_du,Đu đủ (chín/xanh),trái cây,Khánh Hòa/Ninh Thuận,1,1,1,1,1,1,1,1,1,1,1,1,chợ|GO!,C,"Trồng xen trong vườn ở Khánh Hòa, cho trái quanh năm; không có mùa rõ",https://baokhanhhoa.vn/phong-su/202101/mo-duoc-an-sach-8201817/
oi,Ổi,trái cây,Khánh Hòa/Ninh Thuận,1,1,1,1,1,1,1,1,1,1,1,1,chợ|GO!,C,"Trồng phổ biến, nhanh cho thu hoạch, bán quanh năm; không có mùa rõ",https://baokhanhhoa.vn/xa-hoi/202501/van-ninh-tich-cuc-ho-tro-phu-nu-khoi-nghiep-bc3177a/
cha_la,Chà là Ninh Thuận,trái cây,Ninh Thuận,0,0,0,0,1,2,2,1,0,0,0,0,vựa,C,"Mô hình mới ở Phan Rang, giá rất cao; 1 vụ/năm, ~6 tháng từ hoa đến trái; chín khoảng T6–7",https://thanhnien.vn/vuon-cha-la-tuyet-dep-thu-tien-ti-moi-nam-cua-lao-nong-ninh-thuan-185250606081632113.htm
tieu_moi,Tiêu mới,gia vị,Đắk Lắk,1,2,2,1,1,1,1,1,1,1,1,1,chợ|GO!,B,Tiêu khô có quanh năm; tiêu xanh tươi/tiêu mới vụ T2–3,https://baodaklak.vn/phong-su-ky-su/202603/vao-mua-ho-tieu-11149eb/
mac_ca,Mắc ca,hàng khô,Đắk Lắk,1,1,1,1,1,1,2,2,2,1,1,1,chợ|GO!,B,Hàng khô có quanh năm; hạt mới vụ thu hoạch rộ khoảng T7–9,https://baodaklak.vn/kinh-te/202408/mac-ca-duoc-gia-f3716c1/
hat_dieu,Hạt điều,hàng khô,Bình Thuận/Đắk Lắk,1,1,2,2,2,1,1,1,1,1,1,1,chợ|GO!,B,Hàng khô quanh năm; điều mới vụ thu hoạch khoảng T3–5,https://baobinhthuan.com.vn/hat-dieu-vao-mua-48145.html | https://baodaklak.vn/kinh-te/nong-lam-nghiep/202304/vu-dieu-buon-cua-nong-dan-e3b4b8a/
mat_ong,Mật ong hoa cà phê,khác,Đắk Lắk,1,1,2,2,1,1,1,1,1,1,1,1,chợ|GO!,B,Hoa cà phê nở tháng Chạp–T2 âm; mật mới ngon nhất khoảng T3,https://baodaklak.vn/du-lich/202403/mat-ngot-mua-hoa-ca-phe-87702bc/
yen_sao,Yến sào,khác,Khánh Hòa,1,1,1,1,2,1,1,1,2,1,1,1,GO!|cửa hàng,B,Yến đảo khai thác 2 vụ: T4 âm và ~T8 âm; thành phẩm bán quanh năm. Đắt,https://baokhanhhoa.vn/kinh-te/200307/yen-sao-va-nghe-khai-thac-yen-o-khanh-hoa-1831047/
ca_chuon,Cá chuồn,hải sản,Khánh Hòa/Ninh Thuận/Bình Thuận,0,0,1,2,2,2,1,0,0,0,0,0,chợ,B,"Vụ cá chuồn T3–5 âm (≈T4–6 dương), rẻ (~20–25k/kg tại cảng)",https://baokhanhhoa.vn/kinh-te/201804/ngu-dan-trung-ca-chuon-dau-vu-8076662/ | https://thanhnien.vn/mua-ca-chuon-185347035.htm
ca_ho,Cá hố,hải sản,Khánh Hòa (Nha Trang),1,0,0,0,0,0,0,2,2,1,1,1,chợ,B,"Mùa cá hố T7–tháng Chạp âm, cao điểm T7–8 âm (≈T8–9 dương)",https://baokhanhhoa.vn/kinh-te/201510/thuy-san-duoc-mua-2410790/
ca_trich,Cá trích,hải sản,Bình Thuận/Ninh Thuận,2,2,1,1,1,1,2,2,1,1,1,2,chợ,B,"Hai đợt: mùa bấc (T12–2, Liên Hương, Phan Thiết) và vụ cá Nam (T7–8)",https://baobinhthuan.com.vn/nhon-nhip-cho-ca-trich-dem-22884.html | https://www.sggp.org.vn/ra-khoi-dau-nam-ngu-dan-binh-thuan-moi-tay-go-ca-trich-post726713.html | https://vnexpress.net/mua-danh-ca-gan-bo-mui-ne-4308163.html | https://tuoitre.vn/da-mat-hinh-anh-ngu-dan-ninh-thuan-bat-ngo-trung-lon-mua-ca-nam-20210820121559308.htm
ca_ngu_soc_dua,Cá ngừ sọc dưa,hải sản,Khánh Hòa (cảng Hòn Rớ),2,2,2,2,1,1,1,1,1,1,1,1,chợ,B,Lưới cản khai thác quanh năm; trúng mùa sau Tết đến ~T4. Rẻ hơn cá ngừ đại dương,https://baokhanhhoa.vn/kinh-te/201604/duoc-mua-ca-ngu-soc-dua-2431639/ | https://baokhanhhoa.vn/kinh-te/202202/thuy-san-khai-thac-xa-bo-san-luong-va-gia-ban-deu-tang-8243361/
ca_ngu_o,Cá ngừ ồ,hải sản,Ninh Thuận,1,1,1,1,1,1,2,2,1,1,1,1,chợ,B,"Đánh cùng cá nục, cá cơm trong vụ cá Nam (T4–9), nhiều nhất T7–8; giá rẻ",https://tuoitre.vn/da-mat-hinh-anh-ngu-dan-ninh-thuan-bat-ngo-trung-lon-mua-ca-nam-20210820121559308.htm
ca_chi_vang,Cá chỉ vàng,hải sản,Bình Thuận,1,1,1,1,1,2,2,1,1,1,1,1,chợ,B,Cá lưới gần bờ Mũi Né rộ khoảng T6–7; khô cá chỉ vàng có quanh năm,https://vnexpress.net/mua-danh-ca-gan-bo-mui-ne-4308163.html
ca_doi,Cá đối,hải sản,Bình Thuận,2,2,1,0,0,0,0,0,0,1,1,2,chợ,B,"Cá cửa sông, nhiều khi gió bấc về (khoảng T11–2)",https://baobinhthuan.com.vn/mua-bac-di-cau-ca-doi-127067.html
ca_liet,Cá liệt,hải sản,Bình Thuận (Tuy Phong),2,1,1,1,1,1,1,1,1,2,2,2,chợ,B,Tuy Phong nhiều từ T10 đến Tết; ven bờ Ninh Thuận còn đánh lưới rê vụ Nam,https://baobinhthuan.com.vn/ve-tuy-phong-nho-an-ca-liet-dau-115186.html
ca_duc,Cá đục,hải sản,Bình Thuận,1,1,1,1,1,2,2,1,1,1,1,2,chợ,B,"Cá ven bờ, dày nhất mùa biển êm ~T6; cá đục đen bán nhiều cuối năm ở Tuy Phong",https://baobinhthuan.com.vn/du-khach-va-mua-cau-ca-duc-119908.html | https://baobinhthuan.com.vn/ve-tuy-phong-nho-an-ca-liet-dau-115186.html
nhum,Nhum (cầu gai),hải sản,Khánh Hòa/Ninh Thuận (Vĩnh Hy),0,0,1,1,1,2,2,2,1,0,0,0,chợ,B,Mùa T3–T6/7 âm (≈T4–8 dương); cuối mùa chắc thịt nhất,https://baokhanhhoa.vn/kinh-te/201001/thu-vi-mon-chom-chom-bien-1923631/
ruoc_tuoi,Ruốc tươi,hải sản,Bình Thuận (Tuy Phong)/Khánh Hòa,2,1,0,0,1,0,0,0,1,0,0,1,chợ,B,"Vụ chính khoảng tháng Chạp âm; thêm đợt gió nồm T4, T8 âm. Mắm ruốc có quanh năm",https://baobinhthuan.com.vn/mam-ruoc-xu-duong-19709.html | https://baobinhthuan.com.vn/mam-ruoc-huong-vi-que-nha-126478.html | https://baokhanhhoa.vn/doi-song/am-thuc/201502/dia-ruoc-bien-rang-2368337/
oc_ruoc,Ốc ruốc,hải sản,Bình Thuận (Mũi Né),0,0,2,2,2,1,0,0,0,0,0,0,chợ,B,Mùa T2–hết T5 âm (≈T3–6 dương); bán luộc sẵn ở chợ,https://baobinhthuan.com.vn/mua-oc-ruoc-16955.html
rong_nho,Rong nho,hải sản,"Khánh Hòa (Ninh Hòa, Cam Ranh)/Ninh Thuận",1,1,2,2,2,2,2,2,1,0,0,1,chợ|GO!,B,"Trồng ao/đìa, cần nắng, độ mặn cao; vào vụ từ ~T3, hạn chế mùa mưa (T10–11)",https://baokhanhhoa.vn/doi-song/202503/lien-ket-phat-trien-rong-nho-71a0c1c/ | https://vnbusiness.vn/lai-tram-trieu-moi-nam-tu-trong-rong-nho.html
hau,Hàu,hải sản,Ninh Thuận (đầm Nại),1,1,1,1,1,1,1,1,1,1,1,1,chợ,B,"Nuôi treo dây ở đầm Nại, ~4 tháng/lứa, thu cuốn chiếu quanh năm; rẻ",https://www.vietnamplus.vn/nuoi-hau-thai-binh-duong-treo-day-mang-lai-thu-nhap-on-dinh-post654332.vnp
ca_bop,Cá bớp,hải sản,Khánh Hòa/Ninh Thuận,1,1,1,1,1,1,1,1,1,1,1,1,chợ|GO!,B,"Cá nuôi lồng biển, bán quanh năm theo khúc/lát; thịt chắc, ít xương",https://baokhanhhoa.vn/kinh-te/202106/nuoi-ca-bop-trong-long-tron-hdpe-8219167/
