ma,ten,url,anh,nhom,phut,khau_phan,nguyen_lieu,trong_app,ghi_chu
ba-chi-chien-gion-mam-thom,Ba chỉ chiên giòn – mắm thơm,https://monngonmoingay.com/ba-chi-chien-gion-mam-thom/,https://monngonmoingay.com/wp-content/uploads/2019/03/ba-chi-chien-gion-mam-thom-300.jpg,man,30,4 người,"Thịt ba chỉ da mỏng, ít mỡ|Thơm|Thơm cắt hạt lựu (pha nước chấm)",,
ba-chi-chien-rieng-me,Ba chỉ chiên riềng mẻ,https://monngonmoingay.com/ba-chi-chien-rieng-me/,https://monngonmoingay.com/wp-content/uploads/2024/01/ba-chi-chien-rieng-me-3.jpg,man,20,4 người,Thịt ba chỉ đầu giòn|Củ riềng|Cơm mẻ|Ớt sừng cắt sợi|Cải xoong loại nhỏ|Cà bi vàng và đỏ|Nước cốt chanh|Ớt băm,,
ba-chi-rim-mam-ruoc,Ba chỉ rim mắm ruốc,https://monngonmoingay.com/ba-chi-rim-mam-ruoc/,,man,,,,,
ba-chi-xien-que-chien-gion,Ba chỉ xiên que chiên giòn,https://monngonmoingay.com/ba-chi-xien-que-chien-gion/,https://monngonmoingay.com/wp-content/uploads/2020/03/ba-chi-xien-que-chien-gion-300.jpg,man,25,4 người,Thịt ba chỉ|Nước dừa tươi|Sả cây|Hành tây|Mè đen|Que xiên tre,,
ba-roi-chien-sa-ot,Ba rọi chiên sả ớt,https://monngonmoingay.com/ba-roi-chien-sa-ot/,https://monngonmoingay.com/wp-content/uploads/2015/08/Baroichiensaot-305-150.jpg,man,20,4 người,"Thịt ba rọi|Sả|Ớt hiểm đỏ|Tỏi|Muối, nước mắm",,
ba-roi-kho-gung,Ba rọi kho gừng,https://monngonmoingay.com/ba-roi-kho-gung/,https://monngonmoingay.com/wp-content/uploads/2015/08/8_CQC1305-ba-roi-kho-gung1.jpg,man,30,4 người,"Ba rọi rút sườn|Tỏi|Gừng non|Đầu hành lá|Mè trắng rang|Dầu ăn, dầu điều, tiêu trắng rang, đường, muối",,
ba-roi-kho-mang,Ba rọi kho măng,https://monngonmoingay.com/ba-roi-kho-mang/,https://monngonmoingay.com/wp-content/uploads/2018/06/ba-roi-kho-mang-300-min.jpg,man,10,4 người,"Thịt ba rọi|Măng luộc|Trứng cút luộc|Đậu hũ bi chiên|Hành tím băm|Tỏi băm|Hành lá|Ớt sừng|Dầu ăn, dầu điều, tiêu, đường, nước mắm",,
ba-roi-nuong-me-rau-cu,Ba rọi nướng mè rau củ,https://monngonmoingay.com/ba-roi-nuong-me-rau-cu/,https://monngonmoingay.com/wp-content/uploads/2023/11/ba-roi-nuong-me-rau-cu-3.jpg,man,45,4 người,Ba rọi heo|Bắp mỹ|Măng tây|Cà chua bi|Mè đen|Mè trắng|Hành băm|Tỏi băm|Lá basil (quế tây) khô,,
ba-roi-nuong-rieng,Ba rọi nướng riềng,https://monngonmoingay.com/ba-roi-nuong-rieng/,https://monngonmoingay.com/wp-content/uploads/2018/03/ba-roi-nuong-rieng-300-min.jpg,man,15,4 người,"Ba rọi nguyên miếng|Hành tây|Riềng cắt sợi|Hành tím băm|Tỏi băm|Sữa đặc có đường|Mắm tôm|Riềng, tỏi, ớt hiểm, lá mơ, sả, rau om, ngò gai, quả tắc|Dầu ăn, rượu trắng, nước mắm, đường",,
ba-roi-rim-chay-canh,Ba rọi rim cháy cạnh,https://monngonmoingay.com/ba-roi-rim-chay-canh/,,man,,,,,
ba-roi-sa-ot-tam-bot-chien-gion,Ba rọi sả ớt tẩm bột chiên giòn,https://monngonmoingay.com/ba-roi-sa-ot-tam-bot-chien-gion/,,man,,,,,
ba-roi-tam-trung-chien-gion,Ba rọi tẩm trứng chiên giòn,https://monngonmoingay.com/ba-roi-tam-trung-chien-gion/,,man,,,,,
bach-tuoc-lac-coc-non-sa-te-cay,Bạch tuộc lắc cóc non sa tế cay,https://monngonmoingay.com/bach-tuoc-lac-coc-non-sa-te-cay/,,man,,,,,
bach-tuoc-nhung-la-me,Bạch tuộc nhúng lá me,https://monngonmoingay.com/bach-tuoc-nhung-la-me/,https://monngonmoingay.com/wp-content/uploads/2019/10/bach-tuot-nhung-la-me-300.jpg,man,30,4 người,Bạch tuộc loại nhỏ|Lá me non|Thơm|Sả|Hành tím|Tỏi|Lá chanh|Ớt sim xanh|Nước cốt chanh,,
bach-tuoc-sot-cajun,Bạch tuộc sốt cajun,https://monngonmoingay.com/bach-tuoc-sot-cajun/,https://monngonmoingay.com/wp-content/uploads/2023/04/bach-tuoc-xot-cajun-300.jpg,man,15,0 người,Bạch tuộc|Hành tây|Bắp Mỹ|Cam|Bơ lạt|Bột cajun|Tỏi băm|Tương cà|Bột ớt|Tỏi phi|Bột năng pha loãng với nước|Đường,,
bach-tuoc-xao-cay-kieu-han,Bạch tuộc xào cay kiểu Hàn,https://monngonmoingay.com/bach-tuoc-xao-cay-kieu-han/,,man,,,,,
bach-tuoc-xao-chua-cay,Bạch tuộc xào chua cay,https://monngonmoingay.com/bach-tuoc-xao-chua-cay/,https://monngonmoingay.com/wp-content/uploads/2015/08/10.png,man,15,4 người,"Bạch tuộc|Thơm|Hành tây|Ớt chuông đỏ|Cần tây|Sả cây|Gừng băm, tỏi băm, hành lá, sa tế|Muối, rượu trắng, dầu ăn, đường",,
bach-tuoc-xao-rau-muong,Bạch tuộc xào rau muống,https://monngonmoingay.com/bach-tuoc-xao-rau-muong/,https://monngonmoingay.com/wp-content/uploads/2015/08/201205230456250000007_bach-tuoc-xao-rau-muong-11.png,man,25,4 người,"Bạch tuộc|Rau muống cọng|Ớt hiểm|Gừng băm|Hành tỏi băm|Dầu hào, rượu trắng|Màu dầu điều|Tiêu, đường, dầu ăn",,
bach-tuoc-xao-ruou-gung,Bạch tuộc xào rượu gừng,https://monngonmoingay.com/bach-tuoc-xao-ruou-gung/,https://monngonmoingay.com/wp-content/uploads/2018/06/bach-tuoc-xao-ruou-gung-300.jpg,man,20,4 người,"Bạch tuộc|Hành lá|Gừng|Riềng|Ớt sừng|Đường, tiêu, ngò rí, rượu trắng, dầu ăn",,
bacon-cuon-hanh-tay-pho-mai,Bacon cuộn hành tây phô mai,https://monngonmoingay.com/bacon-cuon-hanh-tay-pho-mai/,,au,,,,,
bacon-xao-bong-cai-mang-tay,Bacon xào bông cải măng tây,https://monngonmoingay.com/bacon-xao-bong-cai-mang-tay/,https://monngonmoingay.com/wp-content/uploads/2019/03/ba-con-xao-mang-tay-300.jpg,man,20,4 người,Bacon hun khói|Bông cải trắng|Măng tây tươi|Cà rốt baby|Hành tây|Hành ngò,,
banh-da-cua,Bánh đa cua,https://monngonmoingay.com/banh-da-cua/,https://monngonmoingay.com/wp-content/uploads/2015/08/BanhDaCua_CQC8164.jpg,mot_to,5,0 người,"Bánh đa đỏ|Cua đồng|Sườn non|Chả cá chiên|Thịt nạc xay|Nấm mèo băm nhỏ|Lá lốt|Cà chua|Tóp mỡ|Hành lá, ngò rí cắt nhỏ|Hành tím củ, hành tím băm|Rau cần, rau muống, rau nhút luộc, rau kinh giới",,
banh-da-xao-hai-san,Bánh đa xào hải sản,https://monngonmoingay.com/banh-da-xao-hai-san/,https://monngonmoingay.com/wp-content/uploads/2015/12/Banh-da-xao-hai-san305-e1449224359725.jpg,mot_to,15,4 người,"Bánh đa đỏ|Mực ống|Tôm sú bóc vỏ, chừa đuôi|Cà rốt|Cần nước|Nấm mèo|Hành lá, hành tỏi băm, tiêu xay, sa tế",,
banh-da-xao-thit-ga-chua-ngot,Bánh đa xào thịt gà chua ngọt,https://monngonmoingay.com/banh-da-xao-thit-ga-chua-ngot/,https://monngonmoingay.com/wp-content/uploads/2015/08/IMG-3928-banh-da-xao-thit-ga.jpg,mot_to,30,4 người,"Bánh đa sợi to|Thịt gà|Cải bó xôi|Cà rốt|Tiêu, đường, dầu hào, ketchup|Tỏi băm, ớt sừng|Nước tương LISA",,
banh-da-xuc-thit-bam,Bánh đa xúc thịt bằm,https://monngonmoingay.com/banh-da-xuc-thit-bam/,https://monngonmoingay.com/wp-content/uploads/2015/08/IMG_0025_1-banh-da-xuc-thit-bam.jpg,mot_to,15,4 người,"Thịt bằm|Cà rốt|Đậu que|Bắp Mỹ|Hành lá|Tỏi gừng băm|Mè rang|Bánh đa nướng|Tiêu, đường, dầu ăn|Nước tương LISA",,
banh-ap-chao-mi-goi-va-bap,Bánh áp chảo mì gói và bắp,https://monngonmoingay.com/banh-ap-chao-mi-goi-va-bap/,https://monngonmoingay.com/wp-content/uploads/2024/10/Banh-ap-chao-mi-goi-va-bap.png,banh_che,10,0 người,Mì gói|Thịt bacon xong khói|Hành lá|Trứng gà|Bắp hạt|Dầu ăn|Ngò rí|Xà lách|Cà chua|Tương ớt|Tương cà,,
banh-bach-tuoc-takoyaki,Bánh bạch tuộc Takoyaki,https://monngonmoingay.com/banh-bach-tuoc-takoyaki/,https://monngonmoingay.com/wp-content/uploads/2019/09/banh-bach-tuot-takoyaki-300.jpg,banh_che,30,4 người,Trứng gà|Bạch tuộc|Bắp cải|Phô mai con bò cười viên nhỏ|Gừng chua cắt sợi|Hành lá|Cá ngừ khô bào,,
banh-bao-chien,Bánh bao chiên,https://monngonmoingay.com/banh-bao-chien/,https://monngonmoingay.com/wp-content/uploads/2015/10/BanhBaoChien_305-e1447161305880.jpg,banh_che,30,4 người,Bột bánh bao|Sữa tươi|Thịt nạc vai xay|Giò sống|Củ sắn|Hành tây|Mỡ băm|Hành tím băm|Đầu hành lá băm|Nấm đông cô khô|Thịt xá xíu|Lạp xưởng,,
banh-bao-tao-hinh,Bánh bao tạo hình,https://monngonmoingay.com/banh-bao-tao-hinh/,https://monngonmoingay.com/wp-content/uploads/2019/11/banh-bao-hinh-gau-300.jpg,banh_che,30,4 người,Bột bánh bao trộn sẵn có men|Sữa tươi không đường|Dầu ăn|Thịt nạc vai heo xay|Giò sống|Nấm hương|Nấm mèo khô ngâm mềm|Củ năng|Cà rốt|Hành ngò|Hành tỏi băm|Đầu hành lá,,
banh-bap-tom-chien,Bánh bắp tôm chiên,https://monngonmoingay.com/banh-bap-tom-chien/,https://monngonmoingay.com/wp-content/uploads/2015/08/6_CQC9406-banh-bap-tom-chien1.jpg,banh_che,20,4 người,"Bánh tráng pía|Cà rốt cắt sợi nhuyễn|Bắp nếp bào hấp chín|Lòng đỏ trứng gà|Hành lá cắt nhỏ|Tôm sú lột vỏ (băm quết vừa)|Dầu ăn, tương ớt, tiêu",,
banh-bau,Bánh bầu,https://monngonmoingay.com/banh-bau/,https://monngonmoingay.com/wp-content/uploads/2019/07/banh-bau-300.jpg,banh_che,30,4 người,"Bột gạo|Bầu sao|Thịt nách không da|Tôm khô|Thanh cua|Củ sắn|Cà rốt|Nước cốt dừa|Hành tỏi băm, hành phi, hành lá, ngò rí|Dụng cụ",,
banh-beo,Bánh bèo,https://monngonmoingay.com/banh-beo/,https://monngonmoingay.com/wp-content/uploads/2015/08/banh-beo-15av178.jpg,banh_che,40,4 người,"Tôm sú sống|Bóng bì|Hành lá|Bột gạo lọc|Bột năng|Nước ấm|Ớt xanh|Muối, đường, nước mắm, dầu ăn",,
banh-bi-do-tom-thit,Bánh bí đỏ tôm thịt,https://monngonmoingay.com/banh-bi-do-tom-thit/,https://monngonmoingay.com/wp-content/uploads/2016/12/Banh-bi-do-305.png,banh_che,30,4 người,"Bí đỏ gọt sạch vỏ|Tôm sú lột vỏ, đập dập, băm sơ|Thịt nạc dăm băm|Củ sắn cắt sợi nhỏ, vắt ráo nước|Nấm mèo ngâm nở cắt nhỏ|Lòng trắng trứng|Hành tím băm, hành ngò cắt nhỏ, ớt băm, tiêu sọ giã bể|Đường, bột nếp, dầu mè, dầu ăn",,
banh-bong-lan-bo-hanh,Bánh bông lan bơ hành,https://monngonmoingay.com/banh-bong-lan-bo-hanh/,,banh_che,,,,,
banh-bong-lan-cuon-trung-muoi,Bánh bông lan trứng muối,https://monngonmoingay.com/banh-bong-lan-cuon-trung-muoi/,https://monngonmoingay.com/wp-content/uploads/2016/04/CQC1978_BongLanTrungMuoi-305-e1462003342637.jpg,banh_che,25,4 người,"Trứng gà|Đường|Sữa tươi|Lòng đỏ trứng muối luộc|Dầu ăn|Bột mì|Nước cốt chanh|Chà bông heo|Vỏ chanh vàng băm|Ngò rí, muối",,
banh-bong-lan-xot-dau-mayonnaise-2,Bánh bông lan xốt dâu mayonnaise,https://monngonmoingay.com/banh-bong-lan-xot-dau-mayonnaise-2/,https://monngonmoingay.com/wp-content/uploads/2015/08/IMG-0102-banh-bong-lan-xot-dau-mayonnaise.jpg,banh_che,30,4 người,Đường|Bột mì|Sữa đặc có đường|Mứt dâu|Nước cam|Sữa tươi|Bơ lạt|Trứng gà|Vỏ cam mài|Nước cốt chanh|Trang trí,,
banh-bot-bang-ngu-sac,Bánh bột báng ngũ sắc,https://monngonmoingay.com/banh-bot-bang-ngu-sac/,https://monngonmoingay.com/wp-content/uploads/2018/11/banh-bot-bang-ngu-sac-300.jpg,banh_che,30,4 người,Bột báng|Nước lá cẩm|Nước lá dứa|Nước dành dành|Nước cà rốt|Đường cát|Bột năng|Nhân bánh và nước cốt dừa|Đậu xanh|Nước cốt dừa|Bột năng (cho nhân bánh)|Dừa sợi,,
banh-bot-loc,Bánh bột lọc,https://monngonmoingay.com/banh-bot-loc/,https://monngonmoingay.com/wp-content/uploads/2015/08/1.BAnh-bot-loc-2.jpg,man,30,4 người,"Bột năng|Tôm đát nhỏ|Thịt ba chỉ|Hành lá cắt nhỏ|Hành tím băm, ớt sừng, tiêu, đường|Dầu ăn, dầu điều, nước mắm",,
banh-ca-chien,Bánh cá chiên,https://monngonmoingay.com/banh-ca-chien/,https://monngonmoingay.com/wp-content/uploads/2015/08/IMG-0343-banh-ca-chien1.jpg,banh_che,30,4 người,"Chả cá thác lác|Mỡ gáy luộc chín băm nhỏ|Nước cốt dừa|Rau răm|Ớt băm|Củ nén băm nhuyễn|Nước tắc|Tỏi băm|Đường, bột nghệ, bột cà ry, nước mắm, dầu ăn",,
banh-ca-khoai-tay,Bánh cá khoai tây,https://monngonmoingay.com/banh-ca-khoai-tay/,,banh_che,,,,,
banh-canh-ca-loc,Bánh canh cá lóc,https://monngonmoingay.com/banh-canh-ca-loc/,https://monngonmoingay.com/wp-content/uploads/2017/05/banh-canh-ca-loc-300.jpg,mot_to,40,4 người,"Cá lóc|Bánh canh bột gạo|Xương bọng gà|Tôm khô|Củ cải trắng|Cà rốt|Rau đắng, rau má|Giá, chanh|Muối, tiêu, đường, nước mắm|Gừng nướng, hành tím nướng, hành lá, ngò rí|Ớt sừng, ớt hiểm băm, hành tỏi phi, gừng cắt sợi",,
banh-canh-chay,Bánh canh chay,https://monngonmoingay.com/banh-canh-chay/,,chay,,,,,
banh-canh-cua,Bánh canh cua,https://monngonmoingay.com/banh-canh-cua/,https://monngonmoingay.com/wp-content/uploads/2015/08/1113.jpg,mot_to,30,4 người,"Thịt giò heo|Tôm sú tươi|Gạch cua|Nấm rơm|Bánh canh bột lọc|Cua|Càng cua|Nước dùng|Hành phi, hành tím băm|Hành lá, ngò rí, chanh, ớt băm|Đường phèn, muối hột, tiêu|Nước mắm, bột năng, dầu điều",,
banh-canh-cua-phong-tom,Bánh canh cua phồng tôm,https://monngonmoingay.com/banh-canh-cua-phong-tom/,https://monngonmoingay.com/wp-content/uploads/2024/10/Untitled-design.png,mot_to,20,0 người,"Thịt bắp đùi heo|Tôm sú tươi|Gạch cua|Thịt cua rỉa|Nấm rơm|Bánh phồng tôm|Nước dùng (hầm từ xương heo, hành tím nướng, tôm khô)|Bột năng|Muối, dầu điều, nước mắm, đường phèn",,
banh-canh-khoai-tim,Bánh canh khoai tím,https://monngonmoingay.com/banh-canh-khoai-tim/,https://monngonmoingay.com/wp-content/uploads/2018/05/banh-canh-khoa-tim-300.jpg,mot_to,60,4 người,"Khoai mỡ tím|Giò heo|Tôm sú|Mực ống|Trứng cút|Thịt càng cua|Bột gạo, bột năng|Nước dùng gà|Hành ngò, hành phi, ớt cắt lát|Đường, muối, tiêu, nước mắm, rượu trắng",,
banh-canh-vit,Bánh canh vịt,https://monngonmoingay.com/banh-canh-vit/,https://monngonmoingay.com/wp-content/uploads/2020/06/banh-canh-vit-300.jpg,mot_to,45,4 người,"Thịt vịt|Bánh canh bột gạo (loại có áo bột năng)|Củ nén|Hành tím củ|Gừng|Nấm rơm búp|Củ cải trắng|Ớt bột, muối, đường, tiêu, nước mắm, rượu trắng, dầu ăn",,
banh-cay-nhan-tom,Bánh cay nhân tôm,https://monngonmoingay.com/banh-cay-nhan-tom/,https://monngonmoingay.com/wp-content/uploads/2015/08/IMG-0275-banh-cay-nhan-tom.jpg,banh_che,20,4 người,"Khoai mì đã mài|Tôm sú|Bột gạo|Bột nghệ|Ớt hiểm, đầu hành lá|Muối ớt tôm|Ngò rí|Tiêu, đường, dầu ăn",,
banh-cha-cu-san-chay,Bánh chả củ sắn chay,https://monngonmoingay.com/banh-cha-cu-san-chay/,https://monngonmoingay.com/wp-content/uploads/2019/08/banh-cha-cu-san-chay-300.jpg,chay,30,4 người,"Củ sắn|Giò sống chay|Cà rốt băm nhỏ|Tàu hũ ky lá|Đậu hũ trắng|Tiêu xanh|Nấm hương ngâm nở cắt nhỏ|Nấm mèo ngâm nở cắt nhỏ|Bún tàu|Boa rô phi, ngò rí",,
banh-chien-hai-san,Bánh chiên hải sản,https://monngonmoingay.com/banh-chien-hai-san/,https://monngonmoingay.com/wp-content/uploads/2015/08/IMG-0170-banh-chien-hai-san.jpg,banh_che,25,4 người,"Tôm sú|Đậu petit pois|Bắp Mỹ|Hành tỏi băm|Hành tây|Ngò rí băm|Tương ớt, ớt sợi|Tiêu, dầu ăn|Dụng cụ",,
banh-com-pate-cha-lua,Bánh cốm patê chả lụa,https://monngonmoingay.com/banh-com-pate-cha-lua/,https://monngonmoingay.com/wp-content/uploads/2015/08/IMG-0086-banh-com-pate-cha-lua.jpg,banh_che,5,4 người,Patê|Chả lụa|Cốm xanh|Sandwich|Trứng gà|Tương ớt|Xốt Mayonnaise LISA,,
banh-cong,Bánh cóng,https://monngonmoingay.com/banh-cong/,https://monngonmoingay.com/wp-content/uploads/2015/12/Banh-cong305-e1449761847246.jpg,banh_che,15,4 người,"Tôm đất|Thịt nạc dăm xay|Đậu xanh nguyên hạt nấu chín|Khoai môn cao cắt sợi|Củ sắn cắt sợi, vắt ráo|Hành tím cắt lát, đồ chua|Tiêu, đường, nước mắm|Khuôn bánh cóng|Rau ăn kèm",,
banh-crepe-ap-chao,Bánh crepe áp chảo,https://monngonmoingay.com/banh-crepe-ap-chao/,,banh_che,,,,,
banh-crepe-kem-chuoi,Bánh crepe kem chuối,https://monngonmoingay.com/banh-crepe-kem-chuoi/,https://monngonmoingay.com/wp-content/uploads/2022/01/banh-crepe-kem-chuoi-300.jpg,banh_che,20,4 người,Kem sữa tươi|Chuối Doli|Xốt socola|Trứng gà|Nước cốt dừa|Kẹo cốm màu|Bột năng|Bột quế,,
banh-crepe-nhan-man,Bánh crepe nhân mặn,https://monngonmoingay.com/banh-crepe-nhan-man/,,banh_che,,,,,
banh-crepe-xep-tang,Bánh crepe xếp tầng,https://monngonmoingay.com/banh-crepe-xep-tang/,https://monngonmoingay.com/wp-content/uploads/2023/01/no-image-300.jpg,banh_che,15,4 người,Kem sữa tươi (topping)|Xốt socola|Trứng gà|Nước cốt dừa|Bột năng,,
banh-cua,Bánh cua,https://monngonmoingay.com/banh-cua/,https://monngonmoingay.com/wp-content/uploads/2015/08/banh-cua-15lm1691.jpg,banh_che,30,4 người,"Thịt cua|Hành tây băm|Cà rốt băm|Poaro băm|Trứng gà|Trứng gà luộc băm|Dưa chuột ngâm chua|Bột mì, bột xù|Nụ bạch hoa ngâm chua|Muối, tiêu, bơ, dầu ăn|Rượu vang trắng",,
banh-cuon-chay,Bánh cuốn chay,https://monngonmoingay.com/banh-cuon-chay/,https://monngonmoingay.com/wp-content/uploads/2015/08/banh-cuon-chay_CQC87511.jpg,chay,40,4 người,"Bột bánh cuốn|Chả lụa chay|Củ sắn|Nấm mèo|Nấm hương|Nước dừa tươi|Cà rốt|Boa rô (còn lá xanh)|Ớt hiểm băm, kiệu chua, chanh, ngò rí|Muối, đường, tiêu, dầu ăn",,
banh-cuon-cu-cai,Bánh cuốn củ cải,https://monngonmoingay.com/banh-cuon-cu-cai/,https://monngonmoingay.com/wp-content/uploads/2015/08/BanhCuonCuCai_CQC8105.jpg,mot_to,5,0 người,"Bột bánh cuốn|Củ cải trắng|Hành tây|Thịt ba chỉ|Chà bông tôm|Tỏi tép cắt lát|Ớt sừng băm|Đầu hành lá|Rau xà lách, giá trụng, rau quế cắt nhỏ|Muối, đường, tiêu|Tương ớt, dầu mè",,
banh-cuon-lanh,Bánh cuốn lạnh,https://monngonmoingay.com/banh-cuon-lanh/,,mot_to,,,,,
banh-cuon-long-vit,Bánh cuốn lòng vịt,https://monngonmoingay.com/banh-cuon-long-vit/,https://monngonmoingay.com/wp-content/uploads/2018/10/banh-uot-long-vit-300.jpg,mot_to,30,4 người,Bột bánh cuốn|Lòng vịt|Hành tây|Cà rốt|Hành lá|Đậu phộng rang|Gừng băm|Ớt băm|Màu nước dành dành,,
banh-cuon-nhan-ca-hoi,Bánh cuốn nhân cá hồi,https://monngonmoingay.com/banh-cuon-nhan-ca-hoi/,https://monngonmoingay.com/wp-content/uploads/2015/09/IMG-0072-banh-cuon-nhan-ca-hoi.jpg,mot_to,30,4 người,"Bánh ướt tròn, loại lớn|Cá hồi phi lê|Nấm mèo|Hành tây|Nước dừa tươi|Hành tỏi băm, ớt băm, nước cốt chanh, hành phi, ngò rí, giá, xà lách, rau thơm, tiêu, đường, nước mắm, dầu ăn",,
banh-cupcake-trung-muoi-cha-bong-pho-mai,Bánh cupcake trứng muối chà bông phô mai,https://monngonmoingay.com/banh-cupcake-trung-muoi-cha-bong-pho-mai/,,banh_che,,,,,
banh-flan-2,Bánh flan,https://monngonmoingay.com/banh-flan-2/,https://monngonmoingay.com/wp-content/uploads/2024/08/cach-lam-banh-flan-bang-noi-chien-khong-dau-1-1.jpg,banh_che,,0 người,,banh_flan,thieu_buoc
banh-flan-hat-chia-matcha,Bánh flan hạt chia matcha,https://monngonmoingay.com/banh-flan-hat-chia-matcha/,https://monngonmoingay.com/wp-content/uploads/2025/01/23.-BANH-FLAN-HAT-CHIA-MATCHA.png,banh_che,50,8 người,Sữa đặc|Sữa tươi không đường|Trứng gà|Vani|Whipping cream|Hạt chia|Cơm dừa dẻo|Khuôn tròn bánh flan|Rau nêm,,
banh-ga-chien-xot-me,Bánh gà chiên xốt mè,https://monngonmoingay.com/banh-ga-chien-xot-me/,,banh_che,,,,,
banh-ga-nhan-pho-mai,Bánh gà nhân phô mai,https://monngonmoingay.com/banh-ga-nhan-pho-mai/,,banh_che,,,,,
banh-gao-xao-cay,Bánh gạo xào cay,https://monngonmoingay.com/banh-gao-xao-cay/,https://monngonmoingay.com/wp-content/uploads/2021/11/banh-gao-xao-cay-300.jpg,banh_che,25,4 người,"Bánh gạo|Gà má đùi|Nấm đông cô tươi|Bắp cải|Hành tây|Boa-rô|Tỏi băm, mè rang|Đường, tương ớt Hàn Quốc, dầu ăn",,
banh-gio-trung-cut,Bánh giò trứng cút,https://monngonmoingay.com/banh-gio-trung-cut/,https://monngonmoingay.com/wp-content/uploads/2016/05/CQC1945_BanhGioTrungCut-305-1501.jpg,banh_che,,4 người,"Bôt gạo lọc|Bột năng|Thịt nạc dăm xay|Trứng cút luộc|Nấm mèo cắt nhỏ|Lá chuối|Hành lá cắt nhỏ, hành tím băm, hành tím phi|Muối, tiêu, nước mắm, dầu ăn|Hạt nêm Aji-ngon®|Bột ngọt AJI-NO-MOTO®|Dụng cụ",,
banh-ha-cao,Bánh há cảo,https://monngonmoingay.com/banh-ha-cao/,https://monngonmoingay.com/wp-content/uploads/2017/11/banh-ha-cao-300.jpg,banh_che,20,4 người,"Cà rốt|Đậu xanh|Nấm hương, nấm mèo|Đậu hũ|Bột há cảo|Củ sắn|Bắp trái (mỹ)|Hành boaro|Rau răm|Đường, mè rang, muối, dầu mè, dầu ăn",,
banh-ha-cao-hoa-hong,Bánh há cảo hoa hồng,https://monngonmoingay.com/banh-ha-cao-hoa-hong/,https://monngonmoingay.com/wp-content/uploads/2015/08/IMG-3112-banh-ha-cao-hoa-hong.jpg,banh_che,60,4 người,"Thịt nạc băm|Giò sống|Tôm tươi|Bột há cảo|Nấm mèo|Hành tím băm|Hành lá, ngò rí, ớt tỉa hoa|Lá chuối cắt tròn làm đế bánh Tiêu, tương ớt, dầu ăn",,
banh-hanh-top-mo,Bánh hành tóp mỡ,https://monngonmoingay.com/banh-hanh-top-mo/,https://monngonmoingay.com/wp-content/uploads/2016/08/198-BanhHanhTopMo-305-150.jpg,banh_che,25,4 người,"Tôm khô|Mỡ phần|Hành lá|Đầu hành trắng|Mỡ nước|Bột mì|Trứng gà|Bột nở|Nước ấm|Gừng cắt lát đập dập|Muối, tiêu, đường, tương xí muội, dầu ăn",,
banh-he,Bánh Hẹ,https://monngonmoingay.com/banh-he/,,banh_che,,,,,
banh-hen-chien,Bánh hến chiên,https://monngonmoingay.com/banh-hen-chien/,https://monngonmoingay.com/wp-content/uploads/2015/08/BanhHenChien_CQC01181.jpg,banh_che,25,4 người,"Thịt hến|Cần tàu|Hành tỏi băm|Trứng gà|Chanh|Tỏi băm, ớt băm|Dầu ăn ,tiêu, nước mắm, đường",,
banh_it_nhan_tom_thit,Bánh ít nhân tôm thịt,https://monngonmoingay.com/banh_it_nhan_tom_thit/,https://monngonmoingay.com/wp-content/uploads/2015/09/bánh-ít.png,banh_che,30,4 người,"Bột nếp ngon|Nấm mèo|Đậu xanh|Thịt nạc dăm|Tôm khô|Ngò băm|Hành lá|Lá chuối|Muối, tiêu, đường, dầu ăn",,
banh-it-tran,Bánh ít trần,https://monngonmoingay.com/banh-it-tran/,,banh_che,,,,,
banh-khoai,Bánh khoái,https://monngonmoingay.com/banh-khoai/,https://monngonmoingay.com/wp-content/uploads/2015/08/201209060412430000008_mn-ngon-mi-ngy-banh-khoai-tim-nhan-thit-11.jpg,banh_che,15,4 người,"Bột bánh xèo|Tôm tươi|Ớt bột, ớt băm|Giá, bột nghệ, mè rang|Thịt heo xay, gan heo|Tương bần, bột năng|Hành lá, hành tỏi băm|Đậu phộng rang",,
banh-khoai-mi-trung-cut,Bánh khoai mì trứng cút,https://monngonmoingay.com/banh-khoai-mi-trung-cut/,https://monngonmoingay.com/wp-content/uploads/2015/08/79.jpg,banh_che,20,4 người,"Khoai mì nấu chín|Chả lụa cắt hạt lựu|Trứng cút|Ham cắt lát|Hành lá cắt nhỏ|Mè trắng rang|Hành tím phi bóp nhỏ|Cọng ngò rí băm|Muối, dầu ăn, tương ớt",,
banh-khoai-mon-dut-lo,Bánh khoai môn đút lò,https://monngonmoingay.com/banh-khoai-mon-dut-lo/,https://monngonmoingay.com/wp-content/uploads/2018/03/banh-khoai-mon-dut-lo-300-min.jpg,banh_che,30,4 người,"Thịt cua|Khoai môn cao|Bông cải xanh|Cà rốt|Ngò rí|Trứng gà|Tỏi băm|Bột xù, tiêu, dầu ăn",,
banh-khoai-tay,Bánh khoai tây,https://monngonmoingay.com/banh-khoai-tay/,https://monngonmoingay.com/wp-content/uploads/2015/08/BanhKTay_CQC5196.jpg,banh_che,15,4 người,"Khoai tây|Khoai môn|Tôm|Bắp hạt|Hành tây|Hành lá|Hành tím băm|Tiêu, tương xí muội, dầu ăn",,
banh-khoai-tay-chien-xu,Bánh khoai tây chiên xù,https://monngonmoingay.com/banh-khoai-tay-chien-xu/,https://monngonmoingay.com/wp-content/uploads/2017/02/banh-ktay-305.png,banh_che,30,4 người,"Khoai tây|Thịt ba rọi xông khói|Phô mai cheddar|Hẹ lá|Tỏi băm|Rau húng quế cắt nhỏ|Tiêu, bột xù, tương cà, dầu ăn",,
banh-khoai-tim-nhan-thit,Bánh khoai tím nhân thịt,https://monngonmoingay.com/banh-khoai-tim-nhan-thit/,https://monngonmoingay.com/wp-content/uploads/2015/08/15-Banh-khoai-mon-nhan-thit-305-150.jpg,banh_che,15,4 người,"Thịt heo xay|Tôm đất xay|Khoai mỡ tím|Giò sống|Trứng cút luộc|Nấm mèo băm nhuyễn|Hành tím băm, hành lá|Tiêu, gia vị thông thường",,
banh-khot-chay,Bánh khọt chay,https://monngonmoingay.com/banh-khot-chay/,https://monngonmoingay.com/wp-content/uploads/2018/08/banh-khot-chay-300-min.jpg,chay,30,4 người,"Nấm mỡ|Xúc xích chay|Bột bánh xèo|Ớt Đà Lạt xanh, đỏ|Giá|Đậu xanh cà ngâm hấp chín|Nước cốt dừa|Hành boaro|Xà lách, rau sống và đồ chua|Nước cốt chanh, ớt băm, kiệu chua cắt lát, dầu ăn",,
banh-khot-la-cam-nhan-nam-hat-sen,Bánh khọt lá cẩm nhân nấm hạt sen,https://monngonmoingay.com/banh-khot-la-cam-nhan-nam-hat-sen/,,man,,,,,
banh-kim-chi-hai-san,Bánh kim chi hải sản,https://monngonmoingay.com/banh-kim-chi-hai-san/,https://monngonmoingay.com/wp-content/uploads/2018/07/banh-kim-chi-hai-san-300-min.jpg,banh_che,30,4 người,"Tôm đất hoặc tôm sú nhỏ|Mực lá|Bông hẹ|Ớt Đà Lạt đỏ, vàng|Kim chi|Nước kim chi|Bánh phồng tôm (bánh lớn)|Trứng gà ta|Dầu ăn, ớt sừng cắt nhỏ",,
banh-mi-luoi-heo-khia,Bánh mì - Lưỡi heo khìa,https://monngonmoingay.com/banh-mi-luoi-heo-khia/,,mot_to,,,,,
banh-mi-ap-chao,Bánh mì áp chảo,https://monngonmoingay.com/banh-mi-ap-chao/,https://monngonmoingay.com/wp-content/uploads/2025/05/Banh-mi-ap-chao-website.png,mot_to,10,2 người,Bánh mì Việt Nam|Xúc xích|Chà bông heo|Hành lá|Dầu ăn,,
banh-mi-bi-sai-gon,Bánh mì bì Sài Gòn,https://monngonmoingay.com/banh-mi-bi-sai-gon/,https://monngonmoingay.com/wp-content/uploads/2015/08/IMG_0055-banh-mi-bi-Sai-Gon.jpg,mot_to,10,4 người,"Thịt nách hoặc thịt ba chỉ|Da heo|Thính|Bánh mì|Nước dừa|Đồ chua, ớt, ngò rí, hành tỏi|Ớt, hành lá, đường, muối|Nước mắm, ngũ vị hương, dầu ăn",,
banh-mi-chao,Bánh Mì Chảo,https://monngonmoingay.com/banh-mi-chao/,,mot_to,,,,banh_mi_chao,
banh-mi-chien-tom,Bánh mì chiên tôm,https://monngonmoingay.com/banh-mi-chien-tom/,https://monngonmoingay.com/wp-content/uploads/2015/08/AGF_0879-banh-mi-chien-tom.jpg,mot_to,30,4 người,"Tôm sú|Giò sống|Bánh mì sandwich|Mè trắng|Đầu hành lá|Tỏi|Nước mắm, tiêu, tương ớt",,
banh-mi-cuon-ca-hop,Bánh mì cuộn cá hộp,https://monngonmoingay.com/banh-mi-cuon-ca-hop/,https://monngonmoingay.com/wp-content/uploads/2015/08/IMG_0040-banh-mi-cuon-ca-hop.jpg,mot_to,30,4 người,"Cá mòi|Bánh mì sandwich|Cá thác lác|Rong biển Nori vuông bằng miếng sandwich|Tỏi phi, ngò",,
banh-mi-hanh-nhan,Bánh mì hạnh nhân,https://monngonmoingay.com/banh-mi-hanh-nhan/,https://monngonmoingay.com/wp-content/uploads/2023/07/banh-mi-hanh-nhan-300.jpg,mot_to,15,2 người,Bánh mì trắng (sandwich)|Mứt cam|Phô mai kem ( cream cheese)|Hạnh nhân lát|Trứng gà|Dâu ngọt|Đường xay|Húng lủi|Bơ lạt,,
banh-mi-hap-bi-chay,Bánh mì hấp bì chay,https://monngonmoingay.com/banh-mi-hap-bi-chay/,https://monngonmoingay.com/wp-content/uploads/2016/03/Bánh-mì-hấp-bì-chay_305-e1458230936748.jpg,chay,30,4 người,"Bánh mì đặc ruột|Đậu hũ trắng|Củ sắn|Nấm đông cô khô|Cà rốt cắt sợi|Sườn chay|Nước dừa tươi|Miến ngâm mềm|Hẹ lá cắt nhỏ|Boa rô cắt lát, boa rô phi, ớt băm|Đậu phộng rang, thính|Đường, dầu ăn",,
banh-mi-kep-ca-chien-xu,Bánh mì kẹp cá chiên xù,https://monngonmoingay.com/banh-mi-kep-ca-chien-xu/,,mot_to,,,,,
banh-mi-kep-pho-mai-thit-nguoi,Bánh mì kẹp phô mai thịt nguội,https://monngonmoingay.com/banh-mi-kep-pho-mai-thit-nguoi/,https://monngonmoingay.com/wp-content/uploads/2015/09/bánh-mì-phô-mai.png,au,15,4 người,"½ trái dưa leo|Muối, tiêu, dầu ăn",,
banh-mi-kep-thit-bo-bam,Bánh mì kẹp thịt bò bằm,https://monngonmoingay.com/banh-mi-kep-thit-bo-bam/,https://monngonmoingay.com/wp-content/uploads/2015/08/9-BANH-MI-KEP-THIT-BO-BAM.jpg,mot_to,30,4 người,"Bánh mì tròn|Thịt bò xay|Mỡ heo xay|Hành tây|Cà chua|Cà lách|Trứng gà|Phô mai|Muối, tiêu, tương cà, mù tạc vàng, dầu ăn",,
banh-mi-kep-thit-ga,Bánh mì kẹp thịt gà,https://monngonmoingay.com/banh-mi-kep-thit-ga/,https://monngonmoingay.com/wp-content/uploads/2015/08/IMG-5105-banh-mi-kep-thit-ga.jpg,mot_to,20,4 người,"Bánh mì|Đùi gà góc tư|Dừa xiêm|Dưa leo|Cà chua|Hành tây|Ớt sừng|Ngò rí, xà lách|Tiêu, ngũ vị hương, dầu ăn",,
banh-mi-kep-thit-ga-khia,Bánh mì kẹp thịt gà khìa,https://monngonmoingay.com/banh-mi-kep-thit-ga-khia/,https://monngonmoingay.com/wp-content/uploads/2015/08/9.banhmikepgakhia12.jpg,mot_to,20,4 người,"Bánh mì|Đùi gà góc tư|Dừa xiêm|Dưa leo|Cà chua|Hành tây|Ớt sừng|Tiêu, ngũ vị hương, dầu ăn|Ngò rí, xà lách",,
banh-mi-kep-tom-tron-mayonnaise,Bánh mì kẹp tôm trộn Mayonnaise,https://monngonmoingay.com/banh-mi-kep-tom-tron-mayonnaise/,https://monngonmoingay.com/wp-content/uploads/2015/08/7.banhmikeptomtronmayo22.jpg,mot_to,15,4 người,"Tôm sú|Bánh mì|Hành tây|Hành tím|Xà lách, cà chua, dưa leo, ớt sừng|Tương ớt, muối, tiêu|Xốt Mayonnaise LISA",,
banh-mi-kep-xuc-xich-2,Bánh mì kẹp xúc xích,https://monngonmoingay.com/banh-mi-kep-xuc-xich-2/,https://monngonmoingay.com/wp-content/uploads/2015/08/7-BANH-MI-KEP-XUC-XICH.jpg,mot_to,20,4 người,"Bánh mì Hot dog|Xúc xích Hot dog|Cà chua|Dưa leo|Xà lách|Cần tây, ngò rí|Cà rốt, hành tây, ớt chuông đỏ|Tương cà, mù tạc vàng",,
banh-mi-nuong-hai-san,Bánh mì nướng hải sản,https://monngonmoingay.com/banh-mi-nuong-hai-san/,https://monngonmoingay.com/wp-content/uploads/2015/08/201306131029510000001_mn-ngon-mi-ngy-bnh-m-nng-hi-sn-11.jpg,mot_to,20,4 người,"Tôm vột vỏ|Thịt cua|Trứng cá|Bánh mì|Ớt chuông xanh|Ớt chuông đỏ|Hành tây|Hành tỏi băm|Cọng ngò băm|Hành lá xắt nhỏ|Rượu, gừng, dầu ăn, tiêu",,
banh-mi-nuong-hoa-hong,Bánh mì nướng hoa hồng,https://monngonmoingay.com/banh-mi-nuong-hoa-hong/,https://monngonmoingay.com/wp-content/uploads/2015/08/8_CQC9767_BanhMiNuongHoaHong1.jpg,mot_to,20,4 người,"Bánh mì sandwich|Cải bó xôi|Thịt Jambon|Bơ lạt, phô mai bột, muối, tiêu",,
banh-mi-nuong,Bánh mì nướng phô mai,https://monngonmoingay.com/banh-mi-nuong/,https://monngonmoingay.com/wp-content/uploads/2015/08/Bánh-mì-nướng-phô-mai305-e1458851131670.jpg,au,15,4 người,"Bánh mì baguette|Thơm|Thịt nguội|Bắp hạt|Hành tây|Cà chua|Phô mai sợi|Tỏi băm, ngò rí|Dầu ăn, đường, cà chua cô đặc hộp",,
banh-mi-nuong-toi,Bánh mì nướng tỏi,https://monngonmoingay.com/banh-mi-nuong-toi/,,mot_to,,,,,
banh-mi-nuong-xot-ca,Bánh mì nướng xốt cà,https://monngonmoingay.com/banh-mi-nuong-xot-ca/,https://monngonmoingay.com/wp-content/uploads/2015/08/77.jpg,mot_to,45,4 người,"Bánh mì baguette|Cà chua|Hành tím|Tỏi|Húng quế tây|Nấm rơm|Ngò tây|Muối, tiêu, đường|Bơ lạt, nước cốt chanh, bột ớt",,
banh-mi-op-la-ca-moi,Bánh mì ốp la cá mòi,https://monngonmoingay.com/banh-mi-op-la-ca-moi/,https://monngonmoingay.com/wp-content/uploads/2015/08/banh-mi-op-la-ca-moi-37lm4361.jpg,mot_to,20,4 người,"Bánh mì|Cá mòi|Dưa leo|Trứng gà|Ngò rí|Tỏi|Ớt sừng|Hành lá|Dầu ăn, tương ớt, tiêu xay|Xốt Mayonnaise LISA",,
banh-mi-pho-mai-thit-nguoi,Bánh mì phô mai thịt nguội,https://monngonmoingay.com/banh-mi-pho-mai-thit-nguoi/,https://monngonmoingay.com/wp-content/uploads/2015/08/banh-mi-kep-pho-mai-thit-nguoi-07lm0801.jpg,au,20,4 người,"Bánh mí sandwich|Thịt nguột|Phô mai|Cà chua|Dưa leo|Xà lách|Khoai tây chiên đông lạnh|Muốn, tiêu, dầu ăn",,
banh-mi-que-nuong-rau-cu,Bánh mì que nướng rau củ,https://monngonmoingay.com/banh-mi-que-nuong-rau-cu/,https://monngonmoingay.com/wp-content/uploads/2017/10/banh-mi-que-nuong-rau-cu-300.jpg,mot_to,20,4 người,"Bánh mì que|Ba rọi xông khói|Cải bó xôi|Hành tây|Cà chua bi|Cà rốt|Phô mai sợi|Lá ngò rí, tỏi băm|Tiêu, ớt bột parika",,
banh-mi-que-xot-thit-cay-mayo,Bánh mì que xốt thịt cay Mayo,https://monngonmoingay.com/banh-mi-que-xot-thit-cay-mayo/,,mot_to,,,,,
banh-mi-sandwich-nuong-pho-mai,Bánh Mì Sandwich Nướng Phô Mai,https://monngonmoingay.com/banh-mi-sandwich-nuong-pho-mai/,,au,,,,,
banh-mi-tam-trung-chien,Bánh mì tẩm trứng chiên,https://monngonmoingay.com/banh-mi-tam-trung-chien/,https://monngonmoingay.com/wp-content/uploads/2015/08/8.banhmitamtrungchien12.jpg,mot_to,15,4 người,"Bánh mì|Xúc xích|Trứng gà|Hành lá|Bột năng, tương cà, tương ớt|Xốt Mayonnaise LISA",,
banh-mi-thit-nguoi-bap-cai,Bánh mì thịt nguội bắp cải,https://monngonmoingay.com/banh-mi-thit-nguoi-bap-cai/,https://monngonmoingay.com/wp-content/uploads/2015/08/IMG-6287-banh-mi-thit-nguoi-bap-cai.jpg,mot_to,10,4 người,"Bánh mì sandwich|Thịt nguội|Bắp cải trắng nhỏ|Cà rốt|Xà lách|Muối, tiêu, đường",,
banh-mi-thit-nuong-sa-mayo,Bánh mì thịt nướng sả mayo,https://monngonmoingay.com/banh-mi-thit-nuong-sa-mayo/,,mot_to,,,,,
banh-mi-trung-danh-thit-nguoi,Bánh mì trứng thịt nguội,https://monngonmoingay.com/banh-mi-trung-danh-thit-nguoi/,https://monngonmoingay.com/wp-content/uploads/2015/08/IMG-6215-banh-mi-trung-danh-thit-nguoi.jpg,mot_to,10,4 người,"Bánh mì sandwich|Trứng gà|Thịt nguội|Hành tây|Xà lách|Ngò rí|Cà chua|Muối, tiêu, dầu ăn, ớt cắt lát",,
banh-mi-dut-lo-xot-mayonnaise,Bánh mì đút lò xốt mayonnaise,https://monngonmoingay.com/banh-mi-dut-lo-xot-mayonnaise/,https://monngonmoingay.com/wp-content/uploads/2015/08/banh-mi-dut-lo_1.jpg,mot_to,20,4 người,"Bánh mì baguette|Thịt heo xông khói|Nấm rơm|Nấm kim châm|Hành tây|Ngò tây|Bơ, bột mì, phô mai mài sợi, kem tươi, sữa tươi|Tỏi băm Muối, tiêu",,
banh-mi-xiu-mai-2,Bánh mì xíu mại,https://monngonmoingay.com/banh-mi-xiu-mai-2/,https://monngonmoingay.com/wp-content/uploads/2025/01/10.-BANH-MI-XIU-MAI.png,mot_to,25,4 người,Thịt nạc dăm xay|Giò sống|Củ sắn|Trứng gà|Cà chua chín đỏ|Hành lá|Ngò rí|Hành tây băm|Hành tím phi|Bánh mì|Bột năng,,
banh-mi-xiu-mai,Bánh mì xíu mại,https://monngonmoingay.com/banh-mi-xiu-mai/,https://monngonmoingay.com/wp-content/uploads/2015/08/10.banhmixiumai3.jpg,mot_to,20,4 người,"Thịt xay|Củ sắn|Bánh mì|Trứng gà|Củ sắn, cà chua, hành lá|Dưa leo, ngò rí, ớt sừng|Hành tím phi, bột năng|Đường, muối, tiêu|Dầu điều, tương cà|Nước tương LISA",,
banh-muc-khoai-mon,Bánh mực khoai môn,https://monngonmoingay.com/banh-muc-khoai-mon/,https://monngonmoingay.com/wp-content/uploads/2015/08/842.jpg,banh_che,20,4 người,"Khoai môn cao|Râu mực|Giò sống|Cọng ngò rí băm nhuyễn|Tiêu, dầu ăn, tương xí muội",,
banh-muffin-chuoi-socola,Bánh muffin chuối socola,https://monngonmoingay.com/banh-muffin-chuoi-socola/,https://monngonmoingay.com/wp-content/uploads/2022/11/banh-muffin-chuoi-socola-300.jpg,banh_che,40,4 người,Trứng gà|Chuối già hương|Bơ lạt|Socola hạt|Bột quế|Chanh,,
banh-nep-nhan-so-diep,Bánh nếp nhân sò điệp,https://monngonmoingay.com/banh-nep-nhan-so-diep/,,banh_che,,,,,
banh-nuong-halloween,Bánh nướng Halloween,https://monngonmoingay.com/banh-nuong-halloween/,https://monngonmoingay.com/wp-content/uploads/2024/10/Banh-nuong-Halloween.png,banh_che,30,4 người,Trứng gà|Sữa tươi|Nước cốt chanh vàng|Bột socola đen|Chuối chín|Đường|Muối|Dầu ăn|Vỏ chanh vàng,,
banh-dong-xu-pho-mai,Bánh đồng xu phô mai,https://monngonmoingay.com/banh-dong-xu-pho-mai/,,banh_che,,,,,
banh-pancake-hat-de-cuoi,Bánh pancake hạt dẻ cười,https://monngonmoingay.com/banh-pancake-hat-de-cuoi/,https://monngonmoingay.com/wp-content/uploads/2019/04/banh-pancake-hat-de-de-cuoi-300.jpg,banh_che,30,4 người,Hạt dẻ cười|Quả Việt quất tươi (blueberry)|Dâu tây tươi|Sữa chua có đường|Phô mai mềm|Vỏ chanh vàng mài|Nước cốt chanh|Rau húng lủi,,
banh-pancake-sinh-nhat-sac-mau,Bánh pancake sinh nhật sắc màu,https://monngonmoingay.com/banh-pancake-sinh-nhat-sac-mau/,https://monngonmoingay.com/wp-content/uploads/2019/07/banh-pancake-sinh-nhat-sac-mau-300.jpg,banh_che,30,4 người,Bột bánh rán pha sẵn Ajinomoto|Màu dành dành|Màu trà xanh|Màu gấc|Topping cream|Đường bột,,
banh-pancake-xep-nhan-sau-rieng,Bánh pancake xếp nhân sầu riêng,https://monngonmoingay.com/banh-pancake-xep-nhan-sau-rieng/,,banh_che,,,,,
banh-quay-nhoi-cha-tom,Bánh quẩy nhồi chả tôm,https://monngonmoingay.com/banh-quay-nhoi-cha-tom/,,banh_che,,,,,
banh-quy-chay-tam-sac,Bánh qui chay tam sắc,https://monngonmoingay.com/banh-quy-chay-tam-sac/,https://monngonmoingay.com/wp-content/uploads/2017/01/banh-qui-chay-tam-sac.jpg,chay,30,4 người,"Bột nếp|Đậu hũ non|Chả lụa chay cắt hạt lựu nhỏ|Nước từ lá chùm ngây|Nước từ lá cẩm|Củ năng, cà rốt, nấm hương, nấm mèo|Kiệu chua cắt sợi hoặc đồ chua, ớt hiểm băm, hành boa rô bào Dầu mè, dầu ăn, muối, tiêu",,
banh-qui-me-den,Bánh qui mè đen,https://monngonmoingay.com/banh-qui-me-den/,,banh_che,,,,,
banh-qui-trai-cay,Bánh qui trái cây,https://monngonmoingay.com/banh-qui-trai-cay/,,banh_che,,,,,
banh-quy,Bánh quy,https://monngonmoingay.com/banh-quy/,https://monngonmoingay.com/wp-content/uploads/2024/09/banh-quy.png,banh_che,,0 người,,,thieu_buoc
banh-quy-gion-mayonnaise,Bánh quy giòn mayonnaise,https://monngonmoingay.com/banh-quy-gion-mayonnaise/,https://monngonmoingay.com/wp-content/uploads/2015/08/banh-quy-gion-mayonnaise-14lm1611.jpg,banh_che,20,4 người,"Bánh quy giòn|Thịt nguội|Trứng gà|Dưa leo|Phô mai|Olive đen|Cà chua bi|Ngò tây, muối, tiêu, dầu ăn",,
banh-ran-bo-dua,Bánh rán bơ dừa,https://monngonmoingay.com/banh-ran-bo-dua/,,banh_che,,,,,
banh-ran-burger-bo,Bánh rán burger bò,https://monngonmoingay.com/banh-ran-burger-bo/,,banh_che,,,,,
banh-ran-cam-mat-ong,Bánh rán cam mật ong,https://monngonmoingay.com/banh-ran-cam-mat-ong/,,banh_che,,,,,
banh-ran-chocolate,Bánh rán Chocolate,https://monngonmoingay.com/banh-ran-chocolate/,https://monngonmoingay.com/wp-content/uploads/2018/01/banh-ran-chocolate-300.jpg,banh_che,20,4 người,"Chuối cau|Bơ lạt|Nho|Dâu tây|Húng lủi/húng bạc hà|Mật ong, bột quế",,
banh-ran-chocolate-dau-do,Bánh rán chocolate đậu đỏ,https://monngonmoingay.com/banh-ran-chocolate-dau-do/,https://monngonmoingay.com/wp-content/uploads/2018/06/banh-ran-chocolate-dau-do-300-min.jpg,banh_che,30,4 người,Đậu đỏ khô(ngâm nước cho mềm)/ Đậu đỏ tươi|Đường|Hạnh nhân lát|Kem tươi (dạng đánh bông)|Trang trí,,
banh-ran-chocolate-jelly-chanh-day,Bánh rán chocolate jelly chanh dây,https://monngonmoingay.com/banh-ran-chocolate-jelly-chanh-day/,https://monngonmoingay.com/wp-content/uploads/2018/06/banh-ran-an-kem-jelly-chanh-day-300-min.jpg,banh_che,30,4 người,Chanh dây|Bột rau câu jelly|Kem tươi (dạng đánh bông)|Đường|Hạt điều rang|Trang trí,,
banh-ran-chocolate-mut-tam-bop,Bánh rán chocolate mứt tầm bóp,https://monngonmoingay.com/banh-ran-chocolate-mut-tam-bop/,https://monngonmoingay.com/wp-content/uploads/2023/05/banh-chocolate-mut-tam-bop-300.jpg,banh_che,15,4 người,Bôt bánh rán pha sẵn Chocolate|Quả tầm bóp chín|Nước cốt tầm bóp|Đường bột|Dâu tây|Húng lủi,,
banh-ran-giang-sinh,Bánh rán giáng sinh,https://monngonmoingay.com/banh-ran-giang-sinh/,https://monngonmoingay.com/wp-content/uploads/2018/12/banh-ran-giang-sinh-300.jpg,banh_che,30,4 người,"Kiwi|Dâu tây|Kẹo đường hình ngôi sao nhiều màu|Đường bột|Whipping cream (loại bông kem đã đánh sẵn)|Vỏ cam vàng|Khuôn hình ngôi sao, khuôn hình thỏ nhỏ",,
banh-ran-hamburger,Bánh rán hamburger,https://monngonmoingay.com/banh-ran-hamburger/,https://monngonmoingay.com/wp-content/uploads/2018/08/banh-ran-hamburger-300-min.jpg,banh_che,30,4 người,Thịt nguội|Xà lách|Dưa leo|Phô mai lát|Nước cốt chanh,,
banh-ran-huong-mua-he,Bánh rán hương mùa hè,https://monngonmoingay.com/banh-ran-huong-mua-he/,,banh_che,,,,,
banh-ran-kep-ca-ngu-mayonnaise,Bánh rán kẹp cá ngừ mayonnaise,https://monngonmoingay.com/banh-ran-kep-ca-ngu-mayonnaise/,https://monngonmoingay.com/wp-content/uploads/2023/08/banh-ran-kep-ca-ngu-300.jpg,banh_che,30,4 người,Cá ngừ ngâm dầu|Hành tây|Xà lách|Dưa leo|Cà chua lớn,,
banh-ran-kep-pate-thit-xong-khoi,Bánh rán kẹp pate thịt xông khói,https://monngonmoingay.com/banh-ran-kep-pate-thit-xong-khoi/,https://monngonmoingay.com/wp-content/uploads/2019/03/banh-ran-kep-thit-xong-khoi-300.jpg,banh_che,30,4 người,Pate gan|Thịt xông khói|Hành tây|Xà lách roman|Rau mầm,,
banh-ran-nhan-cua,Bánh rán nhân cua,https://monngonmoingay.com/banh-ran-nhan-cua/,https://monngonmoingay.com/wp-content/uploads/2015/08/89.jpg,banh_che,60,4 người,"Bột mì|Thịt cua|Hành boaro|Hành tây|Phô mai sợi|Cà rốt|Sữa hộp không đường|Trứng gà|Bơ lạt, muối, tiêu, rượu trắng",,
banh-ran-nhan-khoai-lang,Bánh rán nhân khoai lang,https://monngonmoingay.com/banh-ran-nhan-khoai-lang/,https://monngonmoingay.com/wp-content/uploads/2021/11/banh-ran-nhan-khoai-lang-300.jpg,banh_che,20,4 người,"Khoai lang vàng luộc chín|Bơ lạt|Dâu tây, lá húng lủi|Nước cốt dừa lon, sữa đặc có đường",,
banh-ran-pho-mai-trung-muoi,Bánh rán phô mai trứng muối,https://monngonmoingay.com/banh-ran-pho-mai-trung-muoi/,,banh_che,,,,,
banh-ran-so-co-la-xot-tao,Bánh rán sô-cô-la xốt táo,https://monngonmoingay.com/banh-ran-so-co-la-xot-tao/,https://monngonmoingay.com/wp-content/uploads/2021/12/banh-ran-socola-xot-tao-300.jpg,banh_che,15,4 người,"Dâu tây|Táo đỏ|Húng lủi|Chanh, mật ong, đường",,
banh-ran-socola-mut-xoai,Bánh rán socola mứt xoài,https://monngonmoingay.com/banh-ran-socola-mut-xoai/,,banh_che,,,,,
banh-ran-sua-chua-ngu-coc,Bánh rán sữa chua ngũ cốc,https://monngonmoingay.com/banh-ran-sua-chua-ngu-coc/,,banh_che,,,,,
banh-ran-thit-nguoi-pate,Bánh rán thịt nguội pate,https://monngonmoingay.com/banh-ran-thit-nguoi-pate/,,banh_che,,,,,
banh-ran-thu-cung,Bánh rán thú cưng,https://monngonmoingay.com/banh-ran-thu-cung/,https://monngonmoingay.com/wp-content/uploads/2017/09/pancake-cqc-300.jpg,banh_che,20,4 người,Mật ong|Nho đen|Dâu tây|Sữa tươi không đường,,
banh-ran-trai-cay,Bánh rán trái cây,https://monngonmoingay.com/banh-ran-trai-cay/,,banh_che,,,,,
banh-ran-trung-pho-mai,Bánh rán trứng phô mai,https://monngonmoingay.com/banh-ran-trung-pho-mai/,,banh_che,,,,,
banh-ran-vi-chanh,Bánh rán vị chanh,https://monngonmoingay.com/banh-ran-vi-chanh/,https://monngonmoingay.com/wp-content/uploads/2017/05/banh-ran-vi-chanh-300.jpg,banh_che,35,4 người,"Chanh vàng|Kem làm bánh (topping cream)|Kẹo đường nhiều màu|Húng lũi, siro dâu",,
banh-ran-xien-que,Bánh rán xiên que,https://monngonmoingay.com/banh-ran-xien-que/,https://monngonmoingay.com/wp-content/uploads/2017/09/pancake-xien-que-300.jpg,banh_che,15,4 người,Kiwi|Dâu tây|Dưa lưới|Mứt dâu tây|Trang trí,,
banh-ran-xuc-xich-bap-vang,Bánh rán xúc xích bắp vàng,https://monngonmoingay.com/banh-ran-xuc-xich-bap-vang/,,banh_che,,,,,
banh-rau-cu-chien,Bánh rau củ chiên,https://monngonmoingay.com/banh-rau-cu-chien/,https://monngonmoingay.com/wp-content/uploads/2018/11/banh-rau-cu-chien-300.jpg,banh_che,30,4 người,Nấm kim châm|Khoai tây|Cà rốt|Đậu hà lan|Hành boaro|Đậu hũ trắng|Mè trắng|Dầu ăn,,
banh-rau-cu-chien-gion,Bánh rau củ chiên giòn,https://monngonmoingay.com/banh-rau-cu-chien-gion/,https://monngonmoingay.com/wp-content/uploads/2017/12/banh-rau-cu-chien-gion-300.jpg,banh_che,15,4 người,"Tôm đất|Mực lá|Bí ngòi|Cà rốt|Kim chi|Tiêu, dầu ăn|Ngò rí, tỏi ớt băm",,
banh-roti-cuon-thit-bo,Bánh Rôti cuốn thịt bò,https://monngonmoingay.com/banh-roti-cuon-thit-bo/,https://monngonmoingay.com/wp-content/uploads/2015/08/IMG-0163-banh-roti-cuon-thit-bo.jpg,banh_che,15,4 người,"Bánh rô ti|Thịt bò xay|Bắp cải|Cà rốt|Cần tây|Ớt sợi, ớt băm, olive đen, tỏi băm",,
banh-roti-cuon-thit-ga,Bánh rôti cuộn thịt gà,https://monngonmoingay.com/banh-roti-cuon-thit-ga/,https://monngonmoingay.com/wp-content/uploads/2015/08/201412270927010000005_monngonmoingay.com-banh-ro-ti-cuon-thit-ga-11.jpg,banh_che,20,4 người,"Thịt đùi gà không xương|Bơ|Bánh rô ti|Phô mai Mozarella cắt nhỏ|Cà rốt cắt sợi|Củ Đậu Hà Lan|Nước dùng gà|Cơm|Hành lá|Bột nghệ|Hành tím băm|Tiêu, xốt tabasco, dầu ăn",,
banh-ruoc-chien-gion,Bánh ruốc chiên giòn,https://monngonmoingay.com/banh-ruoc-chien-gion/,https://monngonmoingay.com/wp-content/uploads/2015/08/IMG_0120-banh-ruoc-chien-gion.jpg,banh_che,10,4 người,"Ruốc tươi|Bắp hạt đông lạnh|Đồ chua|Hẹ lá|Tỏi băm, ớt băm|Tiêu, đường|Nước mắm, dầu ăn, nước cốt chanh",,
banh-sen-chien-gion,Bánh sen chiên giòn,https://monngonmoingay.com/banh-sen-chien-gion/,https://monngonmoingay.com/wp-content/uploads/2015/08/Banh-Sen-chien-gion_CQC76211.jpg,banh_che,4,0 người,"Củ sen non|Hạt sen tươi|Mè đen|Húng lũi cắt nhỏ|Nước cốt chanh|Tỏi, ớt băm|Húng lũi băm nhỏ|Tỏi phi|Tương ớt, tương cà, dầu ăn",,
banh-tart-thap-cam,Bánh tart thập cẩm,https://monngonmoingay.com/banh-tart-thap-cam/,https://monngonmoingay.com/wp-content/uploads/2016/09/99-BanhTartThapCam-305-150.jpg,banh_che,25,4 người,"*Vỏ bánh|Bột mì|Trứng gà|Bơ mềm|Nước|*Nhân bánh|Lạp xưởng luộc chín, cắt hạt lựu|Gà quay cắt hạt lựu|Bacon cắt|Phô mai sợi mozzarella|Mứt bí cắt hạt lựu nhỏ|Hạt điều đập bể",,
banh-tet-la-cam,Bánh tét lá cẩm,https://monngonmoingay.com/banh-tet-la-cam/,https://monngonmoingay.com/wp-content/uploads/2015/08/1.banhtetlacam2.jpg,banh_che,300,5 người,"Gạo nếp ngỗng|Đậu xanh|Thịt ba chỉ|Dừa nạo|Lá cẩm|Lá dứa|Lá chuối hột|Hành lá, hành tím băm|Mối, đường, dầu ăn|Dây lát",,
banh-tom,Bánh tôm,https://monngonmoingay.com/banh-tom/,https://monngonmoingay.com/wp-content/uploads/2015/08/banh-tom-15av180.jpg,banh_che,60,4 người,"Bột mì|Bột gạo|Bột nổi|Khoai lang vàng|Tôm đất|Đu đủ|Cà rốt|Su hào|Nước vôi trong|Bột nghệ, ớt sừng|Xà lách, rau thơm, ngò rí, tỏi, ớt băm|Muối, đường, nước mắm, bột nghệ",,
banh-tom-chien-cu-san,Bánh tôm chiên củ sắn,https://monngonmoingay.com/banh-tom-chien-cu-san/,,banh_che,,,,,
banh-tom-he-chien-gion,Bánh tôm hẹ chiên giòn,https://monngonmoingay.com/banh-tom-he-chien-gion/,,banh_che,,,,,
banh-trang-cuon-rau-rung,Bánh tráng cuộn rau rừng,https://monngonmoingay.com/banh-trang-cuon-rau-rung/,https://monngonmoingay.com/wp-content/uploads/2017/01/Banh-cuon-305.png,man,30,4 người,"Bánh tráng bột gạo|Bánh tráng bột gạo nướng|Thịt heo phần nách|Trứng vịt luộc|Thơm băm nhuyễn|Chả lụa|Nước cốt chanh|Tỏi băm, ớt băm, hành tím, sả băm|Dầu ăn, mắm nêm, nước nắm, mật ong, đường",,
banh-trang-cuon-thit-bam,BÁNH TRÁNG CUỐN THỊT BĂM,https://monngonmoingay.com/banh-trang-cuon-thit-bam/,,man,,,,,
banh-trang-cuon-trung-ap-chao,Bánh tráng cuộn trứng áp chảo,https://monngonmoingay.com/banh-trang-cuon-trung-ap-chao/,https://monngonmoingay.com/wp-content/uploads/2024/11/Banh-trang.png,man,9,4 người,Bánh tráng|Trứng gà|Rau răm|Hành phi|Sa tế,,
banh-trang-cuon-xot-mayo,Bánh tráng cuốn xốt Mayo,https://monngonmoingay.com/banh-trang-cuon-xot-mayo/,https://monngonmoingay.com/wp-content/uploads/2017/06/BanhTrangCuonXotMayo.jpg,man,35,4 người,"Bánh tráng vuông|Xoài keo|Khô bò xé sợi|Ruốc khô|Trứng cút luộc (bóc vỏ)|Mỡ hành|Rau răm|Đường, tương ớt, dầu ăn|Đậu phộng rang, hành phi, tỏi băm, ớt băm",,
banh-trung-cut,Bánh trứng cút,https://monngonmoingay.com/banh-trung-cut/,https://monngonmoingay.com/wp-content/uploads/2015/08/8_BanhTrungCut_CQC5192.jpg,banh_che,20,4 người,"Trứng cút|Chà bông|Ruốc khô|Pate gan|Hành lá|Phô mai|Thanh cua|Dụng cụ|Tương ớt, dầu ăn",,
banh-trung-nuong-ap-chao,Bánh trứng nướng áp chảo,https://monngonmoingay.com/banh-trung-nuong-ap-chao/,,banh_che,,,,,
banh-trung-pho-mai-rau-cu,Bánh trứng phô mai rau củ,https://monngonmoingay.com/banh-trung-pho-mai-rau-cu/,,banh_che,,,,,
banh-duc-chien-ap-chao-trung,Bánh đúc chiên áp chảo trứng,https://monngonmoingay.com/banh-duc-chien-ap-chao-trung/,https://monngonmoingay.com/wp-content/uploads/2015/08/IMG-5691-banh-duc-ap-chao-trung.jpg,banh_che,10,4 người,"Bánh đúc|Trứng gà|Lạp xưởng|Ớt sừng|Hành lá|Ngò rí|Cà rốt, đu đủ ngâm giấm đường|Tương ớt, dầu ăn, tiêu, đường",,
banh-duc-chien-hai-san,Bánh đúc chiên hải sản,https://monngonmoingay.com/banh-duc-chien-hai-san/,https://monngonmoingay.com/wp-content/uploads/2015/08/IMG_0236_banh-duc-chien-hai-san.jpg,banh_che,20,4 người,"Bánh đúc|Cà rốt|Trứng gà|Tôm sú|Mực lá|Hành lá|Tỏi băm|Ớt băm|Đu đủ bào|Đường, tương ớt, tiêu, dầu ăn",,
banh-duc-cu-cai,Bánh đúc củ cải,https://monngonmoingay.com/banh-duc-cu-cai/,https://monngonmoingay.com/wp-content/uploads/2018/01/banh-duc-cu-cai-300.jpg,banh_che,40,4 người,"Củ cải trắng|Tôm đất nhỏ|Thịt heo xay|Bột gạo|Nước cốt dừa lon|Hành tỏi băm|Hành lá|Dầu hành lá|Dầu ăn, tiêu, đường, muối",,
banh-duc-tom-thit,Bánh đúc tôm thịt,https://monngonmoingay.com/banh-duc-tom-thit/,https://monngonmoingay.com/wp-content/uploads/2015/08/201205170445170000003_banh-duc-tom-thit-52an6171.png,banh_che,10,4 người,"Bột gạo|Nước cốt dừa|Thịt nạc dăm|Tôm khô|Nước dừa tươi|Hành tím băm,củ sắn xắt sợi nhuyễn, tỏi băm, ớt băm, hành lá, ngò rí, chanh|Nước mắm, đường, dầu ăn",,
banh-uot-xa-xiu-ap-chao,Bánh ướt xá xíu áp chảo,https://monngonmoingay.com/banh-uot-xa-xiu-ap-chao/,https://monngonmoingay.com/wp-content/uploads/2016/09/29-Banh-uot-xa-xiu-305-150.jpg,man,25,4 người,"Bánh ướt|Xá xíu|Cà rốt|Củ sắn|Nấm mèo|Giá sống|Hẹ|Trứng cút|Hành tím, tỏi, ớt băm|Đường, tiêu, nước mắm, dầu hào, dầu ăn",,
banh-uot-xao-hai-san,Bánh ướt xào hải sản,https://monngonmoingay.com/banh-uot-xao-hai-san/,https://monngonmoingay.com/wp-content/uploads/2015/08/130.jpg,man,20,4 người,"Bánh ướt|Tôm sú bóc vỏ, chừa đuôi|Mực lá|Ớt chuông xanh|Ớt chuông đỏ|Ớt chuông vàng|Hành tây|Tỏi băm|Gừng băm|Tiêu, dầu ăn, tương ớt,dầu mè, dầu hào|Trang trí",,
banh-xeo,Bánh xèo,https://monngonmoingay.com/banh-xeo/,https://monngonmoingay.com/wp-content/uploads/2015/08/3.BAnh-xeo-2.jpg,mot_to,30,4 người,"Bột bánh xèo|Dừa nạo|Thịt ba rọi|Mỡ heo|Tôm bạc tươi|Giá sống|Đậu xanh cà|Hành lá|Hành lá cắt nhỏ|Dừa|Đồ chua, ớt, hành tỏi băm, bột nghệ|Muối, tiêu đường, nước mắm, dầu ăn",,
banh-xeo-cuon-ap-chao,Bánh xèo cuốn áp chảo,https://monngonmoingay.com/banh-xeo-cuon-ap-chao/,https://monngonmoingay.com/wp-content/uploads/2015/08/IMG-0100-banh-xeo-cuon-ap-chao.jpg,mot_to,35,4 người,"Thịt băm|Tôm sú lột vỏ|Bột bánh xèo|Giá sống|Măng luộc;|Cà rốt|Hành lá, ngò rí|Hành tỏi băm|Tiêu, đường, dầu ăn",,
banh-xeo-hai-san,Bánh xèo hải sản,https://monngonmoingay.com/banh-xeo-hai-san/,https://monngonmoingay.com/wp-content/uploads/2020/05/banh-xeo-hai-san-300.jpg,mot_to,30,4 người,"Bột bánh xèo|Mực ống|Tôm đất (nhỏ)|Giá sống|Trứng gà ta|Hành tây tím, củ sắn|Cà rốt|Nước cốt dừa|Hành lá|Hành tỏi đập dập",,
banh-xeo-han-quoc,Bánh xèo Hàn Quốc,https://monngonmoingay.com/banh-xeo-han-quoc/,https://monngonmoingay.com/wp-content/uploads/2015/08/IMG-0027-banh-xeo-han-quoc.jpg,mot_to,20,4 người,"Tôm lột vỏ|Mực lá|Bột bánh xèo|Kim chi|Hẹ lá|Tỏi băm|Dầu ăn, tiêu, tương ớt",,
banh-xeo-nam-moi-chay,Bánh xèo nấm mối chay,https://monngonmoingay.com/banh-xeo-nam-moi-chay/,https://monngonmoingay.com/wp-content/uploads/2019/10/banh-xeo-nam-moi-chay-nam-bo-300.jpg,chay,30,4 người,Bột bánh xèo|Nước cốt dừa|Nấm mối sơ chế sạch|Ham chay|Boaro|Bông điên điển|Giá sống|Đậu xanh hột đã nấu chín,,
banh-xeo-nhat-ban-2,Bánh xèo Nhật Bản,https://monngonmoingay.com/banh-xeo-nhat-ban-2/,https://monngonmoingay.com/wp-content/uploads/2022/09/banh-xeo-nhat-ban-300.jpg,mot_to,,4 người,Bắp cải|Khoai môn|Ba chỉ xông khói|Trứng gà|Tôm đông lạnh|Cá ngừ khô bào|Rong biển cắt sợi|Bột mì,,
banh-xeo-nhat-ban-3,Bánh Xèo Nhật Bản,https://monngonmoingay.com/banh-xeo-nhat-ban-3/,,mot_to,,,,,
banh-xeo-nhat-ban,Bánh xèo Nhật Bản,https://monngonmoingay.com/banh-xeo-nhat-ban/,https://monngonmoingay.com/wp-content/uploads/2017/10/banh-xeo-nhat-ban-300.jpg,mot_to,20,4 người,"Bắp cải trắng|Tôm đất|Mực tươi|Trứng gà|Ba chỉ xông khói|Cá ngừ khô bào|Lá rong biển cắt sợi|Bột mì, xốt Okonomi, dầu ăn",,
banh-xeo-xot-trung-ga-tuoi,Bánh xèo xốt trứng gà tươi,https://monngonmoingay.com/banh-xeo-xot-trung-ga-tuoi/,https://monngonmoingay.com/wp-content/uploads/2015/08/IMG-0169-banh-xeo-xot-trung-ga-tuoi.jpg,mot_to,5,4 người,"Mực tẩm|Bột gạo|Bột bánh xèo|Bắp cải|Cà rốt|Tỏi tây|Muối, dầu ăn",,
banh-xep,Bánh xếp,https://monngonmoingay.com/banh-xep/,https://monngonmoingay.com/wp-content/uploads/2018/05/banh-xep-300-min.jpg,banh_che,60,4 người,Vỏ bánh|Bột mì|Mỡ nước|Bột năng|Trứng gà|Nước|Nhân bánh|Thịt ba rọi xay|Nấm hương ngâm nở cắt nhỏ|Củ sắn cắt hạt lựu nhỏ|Cà rốt cắt hạt lựu nhỏ|Hành tây cắt hạt lựu nhỏ,,
banh-xep-chay,Bánh xếp chay,https://monngonmoingay.com/banh-xep-chay/,https://monngonmoingay.com/wp-content/uploads/2016/05/20May_BanhXepChay-305-150.jpg,chay,30,4 người,Ham chay|Nấm hương khô|Nấm mèo ngâm mềm|Cà rốt|Củ sắn|Hành tây|Boa-rô cắt nhỏ|Ngò rí cắt nhỏ|Trứng gà|Bột mì|Dầu ăn|Muối,,
bao-tu-ca-basa-chien-xot-me,Bao tử cá basa chiên xốt me,https://monngonmoingay.com/bao-tu-ca-basa-chien-xot-me/,https://monngonmoingay.com/wp-content/uploads/2019/06/bao-tu-ca-basa-chien-sot-me.jpg,man,20,4 người,"Bao tử cá Basa|Nước me cô đặc|Cải mầm|Cà rốt bào sợi nhuyễn|Nước cốt hành, tỏi|Tỏi phi|Ớt băm",,
bao-tu-ca-basa-xao-bac-ha,Bao tử cá basa xào bạc hà,https://monngonmoingay.com/bao-tu-ca-basa-xao-bac-ha/,https://monngonmoingay.com/wp-content/uploads/2015/08/IMG_9887_bao-tu-ca-basa-xao-bac-ha.jpg,man,15,4 người,"Bao tử cá basa|Bạc hà|Bột nghệ, củ nghệ tươi|Đậu phộng rang|Ngò gai, rau om|Hành tỏi băm, ớt hiểm|Muối, tiêu, nước mắm, dầu ăn",,
bao-tu-ca-kho-tieu,Bao tử cá kho tiêu,https://monngonmoingay.com/bao-tu-ca-kho-tieu/,https://monngonmoingay.com/wp-content/uploads/2016/07/17-Bao-tử-cá-kho-tiêu-305-150.jpg,man,10,4 người,"Bao tử cá basa|Thịt ba rọi|Tiêu đen giã bể|Ớt hiểm|Hành lá|Dừa xiêm|Nước màu|Dầu điều, muối, đường|Trang trí",,
bao-tu-khia-nuoc-dua-2,Bao tử khìa nước dừa,https://monngonmoingay.com/bao-tu-khia-nuoc-dua-2/,,man,,,,,
bao-tu-khia-nuoc-sa-xi,Bao tử khìa nước sá xị,https://monngonmoingay.com/bao-tu-khia-nuoc-sa-xi/,,man,,,,,
bao-tu-khia-tieu-xanh,Bao tử khìa tiêu xanh,https://monngonmoingay.com/bao-tu-khia-tieu-xanh/,https://monngonmoingay.com/wp-content/uploads/2015/08/IMG-0139-bao-tu-khia-tieu-xanh.jpg,man,15,4 người,"Bao tử heo|Dừa xiêm|Tiêu xanh|Tiêu sọ giã dập, ngũ vị hương, tỏi băm, muối, đường, màu hạt điều, dầu ăn",,
bao-tu-kho-dua-cai-trung-cut,Bao tử kho dưa cải trứng cút,https://monngonmoingay.com/bao-tu-kho-dua-cai-trung-cut/,https://monngonmoingay.com/wp-content/uploads/2015/08/6.baotukhoduacaitrungcutIMG_9950.jpg,man,35,4 người,"Bao tử heo|Trứng cút|Dưa cải|Dừa tươi|Ớt hiểm|Ớt sừng|Hành tỏi băm, tiêu, đường, hành ngò, dầu ăn, dầu điều",,
bao-tu-kho-xot-cay,Bao tử kho xốt cay,https://monngonmoingay.com/bao-tu-kho-xot-cay/,https://monngonmoingay.com/wp-content/uploads/2017/04/Bao-tu-305.jpg,man,35,4 người,"Bao tử heo làm sạch (khoảng|Gừng băm nhỏ|Ớt hiểm băm nhỏ|Hoa xuyên tiêu rang giã bể|Hành tím củ nhỏ|Tỏi củ nhỏ|Đầu hành lá cắt khúc|Nước dừa tươi|Đường, dầu ăn, dầu màu điều, dầu hào, tiêu sọ bể",,
bao-tu-xao-dong-co,Bao tử xào đông cô,https://monngonmoingay.com/bao-tu-xao-dong-co/,https://monngonmoingay.com/wp-content/uploads/2015/08/0081-bao-tu-xao-dong-co.jpg,man,20,4 người,"Bao tử heo|Nấm đông cô|Cà rốt|Hành tây|Cần tây cọng non|Tỏi băm, gừng xắt sợi, ớt sừng|Bột năng, đường, tiêu, muối|Dầu mè, dầu ăn|Nước tương LISA",,
bap-bo-kho-chua-ngot,Bắp bò kho chua ngọt,https://monngonmoingay.com/bap-bo-kho-chua-ngot/,https://monngonmoingay.com/wp-content/uploads/2015/08/6_CQC1470_BapBoKhoChuaNgot.jpg,man,30,4 người,"Bắp bò|Dừa xiêm tươi|Gừng băm|Chao trắng|Sả cây|Ớt hiểm băm|Tỏi tép|Rau răm, đậu phộng rang|Muối, tiêu, đường",,
bap-bo-kho-thom,Bắp bò kho thơm,https://monngonmoingay.com/bap-bo-kho-thom/,https://monngonmoingay.com/wp-content/uploads/2017/03/bo-305.png,man,40,4 người,"Bắp bò|Thơm|Củ sen gọt vỏ|Cà chua bi|Hành tím|Ớt sừng|Nước dừa tươi|Gừng cắt sợi, tỏi băm, sả cây, ngò rí|Ớt bột, hoa hồi, quế chi|Muối, đường, rượu trắng, dầu màu điều",,
bap-bo-ngam-giam,Bắp bò ngâm giấm,https://monngonmoingay.com/bap-bo-ngam-giam/,https://monngonmoingay.com/wp-content/uploads/2015/08/11.bapbongamgiam1.jpg,man,30,4 người,"Bắp bò|Đường phèn|Gừng|Hành tím|Dừa|Tỏi|Ớt hiểm|Muối, đinh hương, quế chi",,
bap-bo-ngam-nuoc-mam,Bắp bò ngâm nước mắm,https://monngonmoingay.com/bap-bo-ngam-nuoc-mam/,,man,,,,,
bap-bo-nhung-mam-ruoc-2,Bắp Bò Nhúng Mắm Ruốc,https://monngonmoingay.com/bap-bo-nhung-mam-ruoc-2/,https://monngonmoingay.com/wp-content/uploads/2024/11/Bap-bo-nhung-mam-ruoc.png,man,20,4 người,"Bắp bò hoa|Mồng tơi|Nấm linh chi|Bún tươi|Mắm ruốc|Dầu ăn|Dầu màu điều|Nước lọc|Đường cát|Tiêu đen xay|Mướp|Hành tím băm, Hành lá, Ớt sừng",,
bap-bo-nhung-me,Bắp bò nhúng mẻ,https://monngonmoingay.com/bap-bo-nhung-me/,,man,,,,,
bap-bo-om-gung-sa,Bắp bò om gừng sả,https://monngonmoingay.com/bap-bo-om-gung-sa/,,man,,,,,
bap-bo-xao-dau-rong,Bắp bò xào đậu rồng,https://monngonmoingay.com/bap-bo-xao-dau-rong/,https://monngonmoingay.com/wp-content/uploads/2022/11/bap-bo-xao-dau-rong-30.jpg,man,20,4 người,Bắp bò hoa|Đậu rồng non|Hành tây tím|Ớt sừng|Cà chua|Thơm|Ngò om|Tỏi bắc|Mè trắng rang,,
bap-bo-xao-sa-ot-com-chay,Bắp bò xào sả ớt cơm cháy,https://monngonmoingay.com/bap-bo-xao-sa-ot-com-chay/,https://monngonmoingay.com/wp-content/uploads/2016/03/Bap-bo-xao-sa-ot-com-chay_305-e1458231339697.jpg,man,25,4 người,"Bắp bò|Sả băm|Sả cây bào mỏng|Tỏi băm|Ớt băm|Cơm trắng|Đầu hành lá, ớt sừng cắt sợi, mỡ hành|Tiêu, đường, ngũ vị hương|Bột cà ri, dầu điều, dầu ăn",,
bap-bo-xao-xot-tieu-xanh,Bắp bò xào xốt tiêu xanh,https://monngonmoingay.com/bap-bo-xao-xot-tieu-xanh/,https://monngonmoingay.com/wp-content/uploads/2016/05/20May_BapBoXotTieuXanh-305-150.jpg,man,25,4 người,"Bắp bò (loại bắp rùa)|Tiêu xanh|Thơm chín|Ớt chuông đỏ|Hành lá|Cọng cần tây bào vỏ|Hành tím củ|Tỏi băm|Tiêu sọ xay, dầu hào, dầu điều",,
bap-bo-xot-pate-cham-muoi-tac,Bắp bò xốt pate chấm muối tắc,https://monngonmoingay.com/bap-bo-xot-pate-cham-muoi-tac/,,man,,,,,
bap-cai-cuon-kho-chay,Bắp cải cuộn kho chay,https://monngonmoingay.com/bap-cai-cuon-kho-chay/,,chay,,,,,
bap-cai-cuon-thit-kho-bo,Bắp cải cuộn thịt kho bơ,https://monngonmoingay.com/bap-cai-cuon-thit-kho-bo/,https://monngonmoingay.com/wp-content/uploads/2015/08/BapCaiCuonThitKhoBo_CQC2191.jpg,man,30,4 người,"Bắp cải trắng|Thịt bò xay|Bơ lạt|Tép mỡ|Cà rốt cắt nhuyễn|Nấm mèo ngâm mềm, cắt nhuyễn|Trứng vịt|Hành tím băm|Hành lá, ngò rí|Đường, tiêu, nước mắm, dầu ăn",,
bap-cai-hap-nam-tom,Bắp cải hấp nấm tôm,https://monngonmoingay.com/bap-cai-hap-nam-tom/,,man,,,,,
bap-cai-tim-tron-tom,Bắp cải tím trộn tôm,https://monngonmoingay.com/bap-cai-tim-tron-tom/,,man,,,,,
bap-cai-tim-xao-hai-san,Bắp cải tím xào hải sản,https://monngonmoingay.com/bap-cai-tim-xao-hai-san/,https://monngonmoingay.com/wp-content/uploads/2019/04/bap-cai-tim-xao-hai-san.jpg,rau,30,4 người,"Tôm sú|Mực tươi|Bắp cải tím|Giá|Hành tây, cà chua, cần tàu, ớt sừng, tỏi|Rượu trắng, bột năng, đường, tiêu, muối|Nước tương LISA®",,
bap-hat-chien-gion,Bắp hạt chiên giòn,https://monngonmoingay.com/bap-hat-chien-gion/,https://monngonmoingay.com/wp-content/uploads/2024/10/Bap-hat-chien-gion-2.png,man,20,4 người,Bắp mỹ|Dầu ăn|Tương ớt,,
bap-hat-xao-ga-gion-mayonnaise,Bắp hạt xào gà giòn Mayonnaise,https://monngonmoingay.com/bap-hat-xao-ga-gion-mayonnaise/,https://monngonmoingay.com/wp-content/uploads/2015/08/CQC5746_BapXaoGa.jpg,man,20,4 người,"Ức gà|Bắp hạt lon|Khoai tây|Đậu Hà Lan|Cà rốt|Nước tỏi|Tỏi băm|Trứng gà|Bột xù|Bột mì|Tiêu, dầu ăn, tương xí muội",,
bap-non-xao-muc-cay,Bắp non xào mực cay,https://monngonmoingay.com/bap-non-xao-muc-cay/,https://monngonmoingay.com/wp-content/uploads/2015/08/bap-non-xao-muc-cay_CQC82921.jpg,man,20,4 người,"Mực ống|Bắp non|Cà rốt|Hành lá|Ớt sừng cắt quả trám|Ớt hiểm|Ớt sừng băm|Gừng băm|Sa tế|Tương ớt|Muối, nước mắm, dầu ăn, hành tỏi băm",,
bap-vang-tron-xuc-xich,Bắp vàng trộn xúc xích,https://monngonmoingay.com/bap-vang-tron-xuc-xich/,https://monngonmoingay.com/wp-content/uploads/2015/08/IMG-5466-bap-vang-tron-xuc-xich.jpg,man,5,4 người,"Xúc xích ăn liền|Bắp hạt|Xà lách Đà Lạt|Cà rốt|Ngò tây|Muối, tiêu",,
bap-xao-ngu-sac,Bắp xào ngũ sắc,https://monngonmoingay.com/bap-xao-ngu-sac/,https://monngonmoingay.com/wp-content/uploads/2015/08/IMG-0013-bap-xao-ngu-sac.jpg,man,5,4 người,"Bắp Mỹ|Tôm khô|Đậu cô ve Nhật|Nấm mèo|Bơ lạt|Hành lá|Ngò rí|Tiêu, muối, dầu ăn",,
bap-xao-trung-muoi,Bắp xào trứng muối,https://monngonmoingay.com/bap-xao-trung-muoi/,,man,,,,,
bau-non-tron-heo-quay,Bầu non trộn heo quay,https://monngonmoingay.com/bau-non-tron-heo-quay/,https://monngonmoingay.com/wp-content/uploads/2015/08/IMG_0289-bau-non-tron-heo-quay.jpg,man,20,4 người,"Thịt heo quay da giòn|Bầu non nguyên vỏ|Cà rốt|Lá húng lủi|Mè rang, ớt sừng|Muối, tiêu",,
bau-xao-gio-thu,Bầu xào giò thủ,https://monngonmoingay.com/bau-xao-gio-thu/,https://monngonmoingay.com/wp-content/uploads/2019/04/bao-xao-gio-thu-300.jpg,rau,30,4 người,Bầu non|Giò thủ|Nấm hương khô|Ớt sừng|Rau húng quế|Hành tỏi băm,,
bau-xao-ngheu,Bầu xào nghêu,https://monngonmoingay.com/bau-xao-ngheu/,,rau,,,,,
be-chao,Bê chao,https://monngonmoingay.com/be-chao/,https://monngonmoingay.com/wp-content/uploads/2015/08/201505221120560000007_monngonmoingay.com-bechao-11.jpg,man,20,4 người,"Thịt bê (loại mềm)|Sả|Gừng|Lá chanh|Nước bột năng|Tỏi băm, ớt hiểm băm|Tương bần, dầu ăn, nước mắm, đường, tiêu",,
be-cuon-khia-nuoc-dua-tuoi,Bê cuộn khìa nước dừa tươi,https://monngonmoingay.com/be-cuon-khia-nuoc-dua-tuoi/,,man,,,,,
be-hap-bia,Bê hấp bia,https://monngonmoingay.com/be-hap-bia/,https://monngonmoingay.com/wp-content/uploads/2018/09/be-hap-bia-300-min.jpg,man,30,4 người,"Thịt đùi bê thui|Bia|Mè trắng rang|Sả non bào|Đầu hành lá|Gừng chua|Nước bột năng|Tương ớt|Bột năng, tương ớt|Dầu ăn, tiêu, đường",,
be-thau,Bê thấu,https://monngonmoingay.com/be-thau/,https://monngonmoingay.com/wp-content/uploads/2015/08/be-thau-305.png,man,20,4 người,"Bê thui|Khế chua|Chuối chát|Kiệu chua|Ớt sừng|Rau răm, mè trắng rang|Tỏi ớt băm|Muối, đường, bánh tráng nướng|Nước mắm, dầu ăn",,
be-thui-xao-sa-te-2,Bê thui xào sa tế,https://monngonmoingay.com/be-thui-xao-sa-te-2/,https://monngonmoingay.com/wp-content/uploads/2015/08/IMG-0040-be-thui-xao-sa-te.jpg,man,10,4 người,"Thịt bê thui|Ớt chuông|Hành tây|Hành tỏi băm, mè trắng rang, ngò rí, tiêu, đường, sa tế, dầu ăn|Nước tương LISA",,
be-xao-dot-su,Bê xào đọt su,https://monngonmoingay.com/be-xao-dot-su/,,man,,,,,
bi-bun-chay,Bì bún chay,https://monngonmoingay.com/bi-bun-chay/,https://monngonmoingay.com/wp-content/uploads/2016/02/Bi-bun-chay_305-e1455815546342.jpg,chay,25,4 người,"Đậu hũ|Củ sắn|Khoai tây|Thính gạo rang|Nước dừa|Đậu phộng rang giã dập|Dầu hành lá|Tỏi ớt băm, nước cốt chanh|Muối, tiêu xay, đường",,
bi-cuon-chay,Bì cuốn chay,https://monngonmoingay.com/bi-cuon-chay/,https://monngonmoingay.com/wp-content/uploads/2015/08/11.bicuonchay1.jpg,chay,25,4 người,"Chả lụa chay|Khoai lang|Củ sắn|Cà rốt|Xà lách, rau sống|Đậu hũ trắng|Bún tàu|Boaro phi|Ớt sừng băm|Dưa kiệu chua|Nước dừa tươi|Muối, tiêu, đường, dầu ăn",,
bi-ngoi-hap-cha-chay,Bí ngòi hấp chả chay,https://monngonmoingay.com/bi-ngoi-hap-cha-chay/,https://monngonmoingay.com/wp-content/uploads/2019/05/bi-ngoi-hap-cha-chay-300.jpg,chay,30,4 người,"Bí ngòi vàng, xanh|Giò sống chay|Ớt Đà Lạt đỏ cắt hạt lựu|Boa rô phi|Nấm hương khô ngâm mềm, cắt nhỏ|Cọng ngò rí cắt nhỏ|Tiêu xanh giã bể",,
bi-ngoi-hap-xot-nam,Bí ngòi hấp xốt nấm,https://monngonmoingay.com/bi-ngoi-hap-xot-nam/,https://monngonmoingay.com/wp-content/uploads/2015/08/10_CQC4282_BiNgoiHapSotNAm.jpg,rau,25,4 người,"Bí ngòi|Cá thác lác|Nấm hương|Nấm linh chi|Trứng cút|Tỏi ớt băm|Muối, đường, tiêu, dầu hào, dầu ăn, nước bột năng",,
bi-ngoi-xao-hai-san,Bí ngòi xào hải sản,https://monngonmoingay.com/bi-ngoi-xao-hai-san/,https://monngonmoingay.com/wp-content/uploads/2015/08/26.png,rau,10,4 người,"Bí ngòi xanh|Bí ngòi vàng|Cà chua|Tôm sú lột vỏ|Mực lá tươi|Hành tây|Gừng cắt sợi, tỏi băm, hành lá, ngò rí|Muối, tiêu, đường, nước bột năng, dầu ăn, dầu mè",,
bi-ho-lo-nhoi-thit-kho,Bí nhồi thịt kho,https://monngonmoingay.com/bi-ho-lo-nhoi-thit-kho/,https://monngonmoingay.com/wp-content/uploads/2016/04/CQC2162_BiHoLoThitKho-305-e1462002558884.jpg,man,20,4 người,"Bí Nhật|Thịt heo xay|Giò sống|Cà rốt cắt sợi|Nấm mèo ngâm nở, cắt nhỏ|Ớt sừng|Hành lá|Hành tím băm|Đường, tiêu, dầu ăn",,
bi-do-hap-hai-san,Bí đỏ hấp hải sản,https://monngonmoingay.com/bi-do-hap-hai-san/,https://monngonmoingay.com/wp-content/uploads/2017/05/bi-do-hap-hai-san-305.jpg,rau,45,4 người,"Bí đỏ tròn (cỡ vừa)|Tôm sú|Mực tươi|Bí đỏ miếng|Củ năng|Nấm hương|Nấm linh chi nâu|Ớt sừng|Hành tỏi băm, ngò gai|Đường, tiêu, dầu hào, dầu ăn",,
bi-do-hap-hat-sen,Bí đỏ hấp hạt sen,https://monngonmoingay.com/bi-do-hap-hat-sen/,,rau,,,,,
bi-do-kho-rong-bien,Bí đỏ kho rong biển,https://monngonmoingay.com/bi-do-kho-rong-bien/,https://monngonmoingay.com/wp-content/uploads/2017/07/BiDoRongBien.jpg,rau,45,4 người,"Bí đỏ|Rong biển wakame|Chả lụa chay|Ớt hiểm|Tiêu xanh|Nước dừa tươi|Lá húng quế, hành boa-rô cắt lát|Đường, màu dầu điều, dầu ăn",,
bi-do-xao-thit-xong-khoi,Bí đỏ xào thịt xông khói,https://monngonmoingay.com/bi-do-xao-thit-xong-khoi/,https://monngonmoingay.com/wp-content/uploads/2016/10/2810-Bi-Do-Xao-Thit-Xong-Khoi-305-150.jpg,rau,25,4 người,Bí đỏ|Thịt ba rọi xông khói|Hành boaro|Lá tía tô|Mè rang|Tỏi tép|Bơ lạt cắt khối,,
bi-xanh-nhoi-suon-hap,Bí xanh nhồi sườn hấp,https://monngonmoingay.com/bi-xanh-nhoi-suon-hap/,https://monngonmoingay.com/wp-content/uploads/2015/08/952.jpg,man,30,4 người,"Bí đao xanh|Giò sống|Sườn non|Nấm hương cắt sợi|Hành tím nướng|Ớt sừng băm|Ngò rí|Gừng cắt sợi|Bột năng, dầu mè, dầu hào|Tiêu",,
bi-xanh-tiem-tu-hai,Bí xanh tiềm tứ hải,https://monngonmoingay.com/bi-xanh-tiem-tu-hai/,https://monngonmoingay.com/wp-content/uploads/2019/04/bi-xanh-tiem-tu-hai.jpg,rau,30,4 người,"Bí xanh|Bọng gà|Cá chẻm|Tôm sú|Sò điệp khô|Thịt cua|Cà rốt, gừng, nấm hương, hành lá, bột năng, dầu mè, muối, tiêu",,
blendy-gao-rang-kem-chuoi,Blendy gạo rang kem chuối,https://monngonmoingay.com/blendy-gao-rang-kem-chuoi/,,man,,,,,
blendy-kem-nho,Blendy kem nho,https://monngonmoingay.com/blendy-kem-nho/,https://monngonmoingay.com/wp-content/uploads/2023/11/blendy-kem-nho-3.jpg,man,15,1 người,"Trà sữa Royal “Blendy""|Nho xanh không hạt|Sữa tươi không đường|Kem vani|Đá bi|Syrup socola",,
blendy-tra-dao-cam-sa,Blendy trà đào cam sả,https://monngonmoingay.com/blendy-tra-dao-cam-sa/,,man,,,,,
blendy-matcha-sua-tao-pho,Blendy®matcha sữa tào phớ,https://monngonmoingay.com/blendy-matcha-sua-tao-pho/,,man,,,,,
bo-ap-chao,Bò áp chảo,https://monngonmoingay.com/bo-ap-chao/,,man,,,,,
bo-ap-chao-ban-gang,Bò áp chảo bản gang,https://monngonmoingay.com/bo-ap-chao-ban-gang/,,man,,,,,
bo-ap-chao-chanh-day,Bò áp chảo chanh dây,https://monngonmoingay.com/bo-ap-chao-chanh-day/,https://monngonmoingay.com/wp-content/uploads/2016/09/169-BoNuongChanhDay-305-150.jpg,man,20,4 người,"Thịt bò Mỹ|Nước chanh dây|Bí ngòi xanh, vàng|Cà rốt|Nước bột năng|Nước dừa tươi|Tương ớt|Ớt băm, cọng ngò rí, tỏi băm",,
bo-ap-chao-mam-ruoc,Bò áp chảo mắm ruốc,https://monngonmoingay.com/bo-ap-chao-mam-ruoc/,https://monngonmoingay.com/wp-content/uploads/2015/08/bo-ap-chao-mam-ruoc0481.jpg,man,20,4 người,"Thịt bò phi lê|Củ hành tím|Hành tây|Đầu hành|Tỏi băm|Sả băm|Mắm ruốc|Đậu phộng rang|Tiêu, đường, dầu ăn",,
bo-ap-chao-sot-tieu,Bò áp chảo sốt tiêu,https://monngonmoingay.com/bo-ap-chao-sot-tieu/,,man,,,,,
bo-bit-tet,Bò bít tết,https://monngonmoingay.com/bo-bit-tet/,https://monngonmoingay.com/wp-content/uploads/2015/08/bo-bit-tet-300.jpg,au,40,4 người,"Thịt bò thăn|Xà lách xoong|Hành tím|Khoai tây|hương thảo|Cà chua bi|Ngò rí|Tỏi, muối, tiêu|Đường, bơ, dầu ăn, dầu olive",,
bo-cau-quay-nuoc-dua,Bồ câu quay nước dừa,https://monngonmoingay.com/bo-cau-quay-nuoc-dua/,https://monngonmoingay.com/wp-content/uploads/2019/04/bo-cau-quay-nuoc-dua-1.jpg,man,30,4 người,"Bồ câu|Hành lá, hành tím, tỏi, ngũ vị hương|Đường, muối, tiêu, dầu ăn",,
bo-chien-mot-nang,Bò chiên một nắng,https://monngonmoingay.com/bo-chien-mot-nang/,https://monngonmoingay.com/wp-content/uploads/2019/09/bo-chien-mot-nang-300.jpg,man,30,4 người,Bò phi lê|Sả đập dập xé sợi|Lá chanh thái chỉ|Ớt sừng thái lát|Lá lốt thái chỉ,,
bo-cui-bao-ngu,Bó củi bào ngư,https://monngonmoingay.com/bo-cui-bao-ngu/,https://monngonmoingay.com/wp-content/uploads/2018/02/bo-cui-bao-ngu-300-min.jpg,man,30,4 người,"Thịt đùi heo|Chả lụa|Bào ngư hộp|Trứng gà chiên, cắt sợi|Tôm sú luộc|Cải bẹ xanh|Bông hẹ chần|Dưa leo|Gừng ngâm chua cắt sợi, ớt sừng cắt sợi|Rau thơm các loại|Nước dừa tươi, đậu phộng rang giã bể|Hành tỏi băm, ớt hiểm băm",,
bo-cuon-ba-roi-xong-khoi-chien,Bò cuộn ba rọi xông khói,https://monngonmoingay.com/bo-cuon-ba-roi-xong-khoi-chien/,https://monngonmoingay.com/wp-content/uploads/2015/08/201412190548090000008_monngonmoingay.com-cuon-ba-roi-xong-khoi-11.jpg,man,25,4 người,"Thịt bò phi lê|Thịt bò xay|Thịt ba rọi xông khói cắt nhỏ|Cà rốt cắt nhỏ|Hành tây cắt nhỏ|Cọng cần tàu cắt nhỏ|Rượu brandy|Rau mầm|Cà chua bi|Bột mì, dầu ăn, muối, tiêu, tương ớt",,
bo-cuon-la-que-nuong,Bò cuộn lá quế nướng,https://monngonmoingay.com/bo-cuon-la-que-nuong/,https://monngonmoingay.com/wp-content/uploads/2017/06/bo-cuon-la-que-huong-300.jpg,man,30,4 người,"Thịt bò xay|Thịt ba rọi xông khói|Lá quế tây (basil)|Phô mai Mozzarella|Trứng gà|Bột xù|Tiêu xanh|Dầu ăn, muối, đường, tương ớt|Xốt mù tạt vàng, mật ong, tương cà",,
bo-cuon-la-rong-bien,Bò cuộn lá rong biển,https://monngonmoingay.com/bo-cuon-la-rong-bien/,,man,,,,,
bo-cuon-nam-kim-cham,Bò cuộn nấm kim châm,https://monngonmoingay.com/bo-cuon-nam-kim-cham/,https://monngonmoingay.com/wp-content/uploads/2015/08/185.jpg,man,15,4 người,"Thịt bò phi lê|Thịt ba rọi xông khói|Nấm kim châm|Cần tây|Ớt chuông xanh|Ớt chuông đỏ|Hành tây|Tỏi băm, ớt sừng|Muối, tiêu, đường, dầu ăn, tương ớt|Nước tương LISA",,
bo-cuon-nam-xot-tieu,Bò cuộn nấm xốt tiêu,https://monngonmoingay.com/bo-cuon-nam-xot-tieu/,https://monngonmoingay.com/wp-content/uploads/2015/09/IMG-0078.jpg,man,30,4 người,"Thịt bò phi lê|Mỡ chài|Nấm kim châm|Hành tây cắt hạt lựu|Nước dùng|Bột năng pha loãng|Muối, tiêu, đường|Tương cà, dầu ăn, bơ tươi",,
bo-cuon-pho-mai,Bò cuộn phô mai,https://monngonmoingay.com/bo-cuon-pho-mai/,https://monngonmoingay.com/wp-content/uploads/2015/08/8.bocuonphomai2.jpg,au,45,4 người,"Bò phi lê|Thịt băm|Giò sống|Phô mai|Trứng gà, hành tây, lá thơm, cần tây|Cà chua hộp, mù tạc vàng, bột mì|Cà rốt, hành boaro, ngò tây băm|Muối, tiêu, dầu ăn, rượu Brandy",,
bo-cuon-rau-cu,Bò cuộn rau củ,https://monngonmoingay.com/bo-cuon-rau-cu/,https://monngonmoingay.com/wp-content/uploads/2017/03/bo-305.jpg,man,20,4 người,"Ba chỉ bò đông lạnh|Hành tây|Ớt chuông đỏ|Bí ngòi xanh, vàng|Ớt hiểm băm|Lá hương thảo băm|Rượu vang đỏ, đường, tiêu, dầu ăn, muối",,
bo-cuon-rong-bien,Bò cuộn rong biển,https://monngonmoingay.com/bo-cuon-rong-bien/,,man,,,,,
bo-cuon-xot-la-que,Bò cuộn xốt lá quế,https://monngonmoingay.com/bo-cuon-xot-la-que/,https://monngonmoingay.com/wp-content/uploads/2015/08/IMG_4511-bo-cuon-xot-la-que.jpg,man,25,4 người,"Bò phi lê|Ba rọi muối|Lá quế tây|Hạt điều băm|Phô mai bột|Tỏi băm|Dầu ăn, muối, tiêu|Mù tạt vàng",,
bo-cuon-xuc-xich-chien-gion,Bò cuộn xúc xích chiên giòn,https://monngonmoingay.com/bo-cuon-xuc-xich-chien-gion/,,man,,,,,
bo-kho,Bò kho,https://monngonmoingay.com/bo-kho/,https://monngonmoingay.com/wp-content/uploads/2019/04/bo-kho.jpg,man,30,4 người,"Thịt nạm bò|Cà rốt|Sả|Lá cà ri, rau quế, ngò gai, hành tím , tỏi, ớt, gừng, tai vị, quế|Muối, đường, màu điều, bột bò kho, bột mì, rượu trắng",bo_kho,
bo-kho-chay,Bò kho chay,https://monngonmoingay.com/bo-kho-chay/,,chay,,,,,
bo-kho-dua-kieu,Bò kho dưa kiệu,https://monngonmoingay.com/bo-kho-dua-kieu/,https://monngonmoingay.com/wp-content/uploads/2018/02/bo-kho-dua-kieu-300-min.jpg,man,15,4 người,"Bắp bò|Hành tím băm|Dưa kiệu|Ngò gai|Sữa tươi không đường|Dầu ăn, nước mắm, ớt satế, bột cà ri, bột nghệ",,
bo-kho-khoai-so,Bò kho khoai sọ,https://monngonmoingay.com/bo-kho-khoai-so/,https://monngonmoingay.com/wp-content/uploads/2017/02/bo-kho-khoai-so-305.png,man,30,4 người,"Thịt cổ bò|Khoai sọ|Boa-rô cắt khúc|Ketchup|Rượu vang đỏ|Nước dừa tươi|Ngò gai, tiêu xay, tỏi băm, bột nghệ, dầu ăn",,
bo-kho-nuoc-dua,Bò kho nước dừa,https://monngonmoingay.com/bo-kho-nuoc-dua/,https://monngonmoingay.com/wp-content/uploads/2018/01/bo-kho-nuoc-dua-300.jpg,man,20,4 người,"Thịt bắp bò|Nước dừa tươi|Cà rốt|Hành tây|Ớt sừng|Quế chi|Hoa hồi|Đinh hương|Ngò gai, húng quế, chanh|Sả cây, gừng, hành tỏi băm|Bột cà ri, xốt cà paste, bột ngũ vị hương, bột năng",,
bo-la-lot-chien,Bò lá lốt chiên,https://monngonmoingay.com/bo-la-lot-chien/,,man,,,,,
bo-la-lot-mayonnaise,Bò lá lốt mayonnaise,https://monngonmoingay.com/bo-la-lot-mayonnaise/,https://monngonmoingay.com/wp-content/uploads/2015/08/IMG-0134-bo-la-lot-mayonnaise.jpg,man,25,4 người,"Thịt bò phi lê|Thịt xay|Hành tây|Lá lốt|Tỏi băm, ớt băm, sả băm|Tiêu, đường, nước mắm, dầu ăn",,
bo-luc-lac-mayo,Bò lúc lắc Mayo,https://monngonmoingay.com/bo-luc-lac-mayo/,https://monngonmoingay.com/wp-content/uploads/2015/08/Bo-luc-lac-Mayo-305-150.jpg,man,25,4 người,"Thịt bò phi lê|Ớt chuông xanh|Cà chua|Hành tây|Tiêu đen đập dập|Tỏi băm, ngò rí|Dầu ăn, tương cà, tương ớt, rượu Brandy",,
bo-luc-lac-vi-pho,Bò lúc lắc vị phở,https://monngonmoingay.com/bo-luc-lac-vi-pho/,https://monngonmoingay.com/wp-content/uploads/2023/01/no-image-300.jpg,man,20,4 người,"Phi lê bò, cắt khối vuông cạnh|Ớt chuông vàng, cắt miếng vừa ăn|Ớt chuông đỏ cắt miếng vừa ăn|Hành tây cắt miếng vừa ăn|Ngò gai, rau quế cắt sợi",,
bo-nau-pate-tieu-xanh,Bò nấu pate tiêu xanh,https://monngonmoingay.com/bo-nau-pate-tieu-xanh/,https://monngonmoingay.com/wp-content/uploads/2015/09/BoNauPateTieuXanh_305.jpg,man,,0 người,"Thịt bắp bò|Pate gan|Tiêu xanh|Cà rốt|Khoai tây|Hành tây|Bơ|Nước dừa tươi|Cà chua hộp|Hành tỏi băm|Muối, đường, tiêu, dầu ăn, ngũ vị hương",,
bo-nau-trai-cay,Bò nấu trái cây,https://monngonmoingay.com/bo-nau-trai-cay/,https://monngonmoingay.com/wp-content/uploads/2016/04/CQC1871_BoNauTraiCay305-e1460128507554.jpg,man,30,4 người,Giò sống|Trứng cút|Thịt bò phi lê|Jambon có da|Cà chua bi|Nho xanh|Bắp trái non|Củ năng|Cà chua cắt hạt lựu nhỏ (bỏ hạt)|Nước dừa tươi|Nước thơm ép|Hành tím củ,,
bo-ne-chay,Bò né chay,https://monngonmoingay.com/bo-ne-chay/,https://monngonmoingay.com/wp-content/uploads/2015/10/BoNeChay_305-e1447161086637.jpg,chay,,0 người,"Chân nấm đông cô khô|Ớt sừng cắt sợi|Cọng cần tây|Hoa thiên lý|Khổ qua|Boaro cắt lát, sả băm, sa tế chay|Bơ lạt, chao, rượu mai quế lộ|Đường, ngũ vị hương, dầu ăn",,
bo-ne-hoa-thien-ly,Bò né hoa thiên lý,https://monngonmoingay.com/bo-ne-hoa-thien-ly/,https://monngonmoingay.com/wp-content/uploads/2015/08/12.bonehoathienlyIMG_9746.jpg,man,,4 người,"Bò phi lê|Bông thiên lý|Tỏi băm|Nước tỏi|Hành tím băm|Ớt sừng|Bơ lạt|Mè rang, tiêu, đường, nước mắm, dầu ăn",,
bo-nhung-giam,Bò nhúng giấm,https://monngonmoingay.com/bo-nhung-giam/,https://monngonmoingay.com/wp-content/uploads/2015/08/201304240925530000003_bo-nhung-giam-v21.jpg,man,15,4 người,"Thịt bò phi lê|Dừa xiêm tươi|Hành tây|Sả|Hành tím|Mắm nêm|Thơm|Tỏi, ớt băm, Bánh tráng, bún, dưa leo, xà lách, rau thơm, khế, chuối chát|Đường, muối, dầu ăn",bo_nhung_giam,
bo-nuong-la-cach,Bò nướng lá cách,https://monngonmoingay.com/bo-nuong-la-cach/,https://monngonmoingay.com/wp-content/uploads/2022/07/bo-nuong-la-cach-300.jpg,man,35,4 người,Thịt bò file mềm|Lá cách|Sả cây,,
bo-nuong-sa-te,Bò nướng sa tế,https://monngonmoingay.com/bo-nuong-sa-te/,https://monngonmoingay.com/wp-content/uploads/2015/08/134.jpg,man,35,4 người,"Bò phi lê|Sả băm|Sả|Tỏi băm|Hành tím băm|Ớt băm|Cọng ngò rí cắt nhỏ|Dầu ăn, nước mắm, sữa đặc, ớt bột nhuyễn|Trang trí",,
bo-ping-pong,Bò ping pong,https://monngonmoingay.com/bo-ping-pong/,https://monngonmoingay.com/wp-content/uploads/2019/09/bo-ping-pong-300.jpg,man,30,4 người,Bò xay|Giò sống|Thịt ba chỉ không da|Cốm dẹp xanh|Bột mì|Trứng gà|Trứng cút luộc chín|Củ năng cắt nhỏ|Cà rốt cắt nhỏ|Hành tây cắt nhỏ|Tiêu xanh|Hành phi,,
bo-tam-sac-ap-chao,Bò tam sắc áp chảo,https://monngonmoingay.com/bo-tam-sac-ap-chao/,https://monngonmoingay.com/wp-content/uploads/2015/08/7_BoTamSacApChao_CQC5053.jpg,man,25,4 người,"Thịt bò phi lê|Cà rốt|Đậu cô ve|Phô mai Mozzarella|Ngò tây băm|Tiêu, đường, xốt cà chua, dầu ăn",,
bo-thung,Bò thưng,https://monngonmoingay.com/bo-thung/,https://monngonmoingay.com/wp-content/uploads/2015/08/6.bothung1.jpg,man,40,4 người,"Thịt bò thăn|Mỡ gáy|Cà chua|Sả cây|Bánh mì barguete|Dừa tươi|Hành tím, tỏi, ngũ vị hương, đậu phộng giã|Muối, tiêu, đường, nước mắm, dầu ăn|Xà lách, rau thơm, dưa leo,ớt sừng|Nước tương LISA",,
bo-thung-cuon-trung-cut-xot-thom,Bò Thưng Cuộn Trứng Cút Xốt Thơm,https://monngonmoingay.com/bo-thung-cuon-trung-cut-xot-thom/,https://monngonmoingay.com/wp-content/uploads/2026/02/Bò-thưng-cuộn-trứng-cút-xốt-thơm.jpg,man,5,8 người,"Thăn lưng bò|Trứng cút luộc|Giò sống|Thơm|Cà rốt|Đậu cove Đà lạt|Cà chua bi đỏ|Hành tây|Dầu hào ""AJINOMOTO""|Nước tương ""Phú Sĩ""|Bột ngọt AJI-NO-MOTO®|Dầu ăn",,
bo-tiem-trai-dua,Bò tiềm trái dừa,https://monngonmoingay.com/bo-tiem-trai-dua/,https://monngonmoingay.com/wp-content/uploads/2016/05/bo-tiem-trai-dua-305-150.jpg,man,55,4 người,Bắp bò hoa|Dừa xiêm|Táo tàu đỏ|Kỉ tử|Đảng sâm|Bạch quả|Xà lách xoong|Muối,,
bo-tiem-trai-le,Bò tiềm trái lê,https://monngonmoingay.com/bo-tiem-trai-le/,,man,,,,,
bo-vien-chay-xao-thap-cam-2,Bò viên chay xào thập cẩm,https://monngonmoingay.com/bo-vien-chay-xao-thap-cam-2/,https://monngonmoingay.com/wp-content/uploads/2015/08/IMG-0058-bo-vien-chay-xao-thap-cam.jpg,chay,20,4 người,"Bò viên chay|Cà chua|Dưa leo|Thơm|Hành tây|Cần tàu|Muối, tiêu, đường, dầu hào chay, dầu ăn|Hành boarô",,
bo-xao-kho-qua-bap-cai-tim,Bò xào khổ qua bắp cải tím,https://monngonmoingay.com/bo-xao-kho-qua-bap-cai-tim/,https://monngonmoingay.com/wp-content/uploads/2017/10/bo-xao-kho-qua-bap-cai-tim-300.jpg,man,15,4 người,"Thịt bò phi lê|Khổ qua|Bắp cải tím|Hành tây|Ớt sừng cắt sợi|Hành tỏi băm, hành lá|Muối, đường, tiêu, dầu hào, dầu ăn, mè trắng rang",,
bo-xao-lan,Bò xào lăn,https://monngonmoingay.com/bo-xao-lan/,https://monngonmoingay.com/wp-content/uploads/2015/08/IMG_7288-bo-xao-lan.jpg,man,25,4 người,"Thịt bò phi lê|Nấm mèo|Bún tàu|Hành tây|Cần tàu|Sả băm|Ớt sừng|Hành tím băm|Tỏi băm|Bột cà ri, đường, dầu ăn, tiêu, nước mắm",,
bo-xao-nam-mo,Bò xào nấm mỡ,https://monngonmoingay.com/bo-xao-nam-mo/,https://monngonmoingay.com/wp-content/uploads/2017/02/Than-bo-305.png,man,30,4 người,"Thịt bò phi lê|Nấm mỡ|Bông cải xanh, trắng mỗi loại|Ớt chuông vàng, đỏ mỗi loại|Hành tây|Mè trắng rang, dầu oliu, hành tỏi băm, ngò rí|Muối, tiêu, ớt cắt lát",,
bo-xao-ot-kho,Bò xào ớt khô,https://monngonmoingay.com/bo-xao-ot-kho/,https://monngonmoingay.com/wp-content/uploads/2015/08/IMG_9699_bo-xao-ot-kho.jpg,man,20,4 người,"Bò phi lê|Ớt chuông xanh|Ớt chuông đỏ|Ớt hiểm khô|Tỏi băm|Bột năng pha loãng|Gừng|Hành tím|Rau càng cua|Dầu điều, tiêu, đường, dầu ăn",,
bo-xot-vang,Bò xốt vang,https://monngonmoingay.com/bo-xot-vang/,https://monngonmoingay.com/wp-content/uploads/2015/08/4.png,man,40,4 người,"Thịt bò nạm sườn|Hành tây|Khoai tây|Cà rốt|Cà chua chín đỏ|Gừng đập dập|Cà chua hộp|Tỏi gừng băm, rau ngò gai|Rượu vang đỏ|Ngũ vị hương, bơ lạt Muối, đường, tiêu hạt",,
bon-bon-xao-tom,Bồn bồn xào tôm,https://monngonmoingay.com/bon-bon-xao-tom/,https://monngonmoingay.com/wp-content/uploads/2016/07/87-bon-bon-xao-tom-305-150.jpg,man,5,4 người,"Bồn bồn muối chua|Tôm|Cà rốt|Tỏi băm, hành băm|Muối, tiêu|Hành lá, đường, dầu ăn",,
bong-bi-chien-gion-chay,Bông bí chiên giòn chay,https://monngonmoingay.com/bong-bi-chien-gion-chay/,https://monngonmoingay.com/wp-content/uploads/2015/08/AGF_0547-bong-bi-chien-gion-chay.jpg,chay,20,4 người,"Bông bí|Nấm rơm|Đậu hũ trắng|Bún tàu|Nấm mèo|Nấm hương|Kiệu chua|Ngò tây|Củ năng|Hành boaro|Đậu xanh|Bột năng, bột bắp, ngò rí, ớt, tỏi băm",,
bong-cai-tron-tom-2,Bông cải trộn tôm,https://monngonmoingay.com/bong-cai-tron-tom-2/,https://monngonmoingay.com/wp-content/uploads/2015/08/IMG-0159-bong-cai-tron-tom.jpg,man,20,4 người,"Tôm sú tươi bóc vỏ|Bông cải trắng|Cà rốt|Hành tây|Rau húng lủi|Chanh|Sả phi|Muối, tiêu|Tỏi, ớt, sả băm",,
bong-cai-xao-nuoc-tuong,Bông cải xào nước tương,https://monngonmoingay.com/bong-cai-xao-nuoc-tuong/,,rau,,,,,
bong-so-dua-chien-gion,Bông so đũa chiên giòn,https://monngonmoingay.com/bong-so-dua-chien-gion/,https://monngonmoingay.com/wp-content/uploads/2015/08/bong-so-dua-chien-300x2111.jpg,man,30,4 người,"Bông so đũa|Cá thác lác|Giò sống|Hành tỏi băm Hành lá|Nước mắm, tiêu, dầu ăn, tương ớt|Ớt sừng băm",,
bong-thien-ly-xao-hai-san,Bông thiên lý xào hải sản,https://monngonmoingay.com/bong-thien-ly-xao-hai-san/,https://monngonmoingay.com/wp-content/uploads/2015/08/bong-thien-ly-xao-hai-san5.jpg,rau,10,4 người,"Tôm sú tươi|Mực tươi|Bông thiên lý|Hành tây|Cà chua, ngò rí, ớt, bột năng|Tỏi xay, hành tím xay, bột năng|Đường, muối, tiêu, rượu trắng",,
bong-thien-ly-xao-tom,Bông thiên lý xào tôm,https://monngonmoingay.com/bong-thien-ly-xao-tom/,https://monngonmoingay.com/wp-content/uploads/2015/08/IMG-0143-bong-thien-ly-xao-tom.jpg,rau,20,4 người,"Tôm tươi|Bông thiên lý|Giá|Hành tím băm|Hành tím phi|Ớt xắt lát|Tiêu, tương ớt, dầu ăn",,
bot-chien,Bột chiên,https://monngonmoingay.com/bot-chien/,https://monngonmoingay.com/wp-content/uploads/2018/06/bot-chien-300.jpg,man,30,4 người,"Bánh bột chiên (loại khoai môn)|Bắp hạt luộc sẵn|Trứng gà|Hành lá cắt nhỏ|Đu đủ bào sợi|Cà rốt bào sợi|Dầu ăn, đường, tương ớt",,
bot-chien-bap,Bột chiên bắp,https://monngonmoingay.com/bot-chien-bap/,https://monngonmoingay.com/wp-content/uploads/2024/12/5.png,man,18,4 người,Bắp hạt|Đu đủ bào|Trứng gà|Hành lá|Ớt xay|Dầu ăn để chiên,,
brulee-tra-sua,Brulee trà sữa,https://monngonmoingay.com/brulee-tra-sua/,,banh_che,,,,,
bun-bi-can,Bún bì căn,https://monngonmoingay.com/bun-bi-can/,https://monngonmoingay.com/wp-content/uploads/2016/07/297-bun-bi-can-305-150.jpg,mot_to,25,4 người,"Bún tươi|Mì căn|Nấm hương khô|Nấm bào ngư|Tỏi ớt băm, sả băm|Rau thơm các loại, dưa leo, xoài bào sợi|Mỡ hành, đậu phộng rang, mù tạt vàng|Đường, bột nghệ, dầu hào, dầu ăn",,
bun-bo-bap-cai-chua,Bún bò bắp cải chua,https://monngonmoingay.com/bun-bo-bap-cai-chua/,,mot_to,,,,,
bun-bo-gan,Bún bò gân,https://monngonmoingay.com/bun-bo-gan/,,mot_to,,,,,
bun-bo-gio-heo,Bún bò giò heo,https://monngonmoingay.com/bun-bo-gio-heo/,https://monngonmoingay.com/wp-content/uploads/2018/08/bun-bo-gio-heo-300-min.jpg,mot_to,30,4 người,Giò heo|Chả Huế cây|Nạm bò|Sả cây|Hành tây|Rau răm|Hành lá|Bún bò tươi|Màu điều,,
bun-bo-hue,Bún bò Huế Chay,https://monngonmoingay.com/bun-bo-hue/,https://monngonmoingay.com/wp-content/uploads/2015/08/5_CQC9676-bun-bo-hue-chay1.jpg,chay,40,4 người,Chả chay (hoặc thịt bò chay)|Tàu hũ ki cọng|Thơm|Đậu hũ miếng vuông nhỏ|Susu|Bắp Mỹ|trái Sả cây (chừa phần lá xanh)|Củ sắn|Nấm rơm búp|Sả băm|Tỏi băm|Ớt hiểm băm,,
bun-ca-hop,Bún cá hộp,https://monngonmoingay.com/bun-ca-hop/,,mot_to,,,,,
bun-cha-ca,Bún chả cá,https://monngonmoingay.com/bun-cha-ca/,https://monngonmoingay.com/wp-content/uploads/2015/08/IMG_4179-bun-cha-ca.jpg,mot_to,30,4 người,"Cá thác lác nạo|Phi lê cá lóc|Bún tươi|Nước dùng|Cà chua|Dọc mùng (bạc hà)|Thì là băm, hành lá băm, hành tím băm|Nước nghệ tươi, cơm mẻ, nước cốt chanh|Dầu điều, dầu ăn, mắm tôm, tiêu",,
bun-cha-hen,Bún chả hến,https://monngonmoingay.com/bun-cha-hen/,https://monngonmoingay.com/wp-content/uploads/2025/03/11.png,mot_to,15,4 người,"Thịt hến|Cá thác lác nạo|Mỡ gáy luộc, cắt hạt lựu|Thì là băm|Tiêu xanh giã dập|Bún tươi|Rau sống|Đường|Nước mắm|Giấm|Đậu phộng rang giã bể|Hành tây băm",,
bun-chay-la-chanh-2,Bún chay lá chanh,https://monngonmoingay.com/bun-chay-la-chanh-2/,https://monngonmoingay.com/wp-content/uploads/2015/08/20.png,chay,30,4 người,"Bún cọng to|Đậu hũ chiên|Chả lụa chay|Nấm rơm|Cà chua chín|Thơm|Tương hột|Sả băm|Nước dùng chay nấu từ|Sả cây, boa-rô, ớt băm, ngò rí, lá chanh Bắc|Dầu điều|Tàu hũ ky chiên giòn, chanh, muối ớt",,
bun-chum-ngay-xao-hai-san,Bún chùm ngây xào hải sản,https://monngonmoingay.com/bun-chum-ngay-xao-hai-san/,https://monngonmoingay.com/wp-content/uploads/2018/07/bun-chum-ngay-xao-hai-san-300.jpg,mot_to,15,4 người,"Tôm sú đã lột vỏ|Mực lá làm sạch|Ớt Đà Lạt đỏ vàng|Cần tây|Hành tây|Bún chùm ngây khô|Hành ngò, ớt sừng, gừng, hành tỏi băm|Tiêu, mè rang, dầu ăn",,
bun-cu-hu-dua-la-chanh,Bún củ hủ dừa lá chanh,https://monngonmoingay.com/bun-cu-hu-dua-la-chanh/,https://monngonmoingay.com/wp-content/uploads/2017/08/bun-du-hu-dua-la-chanh-300.jpg,mot_to,20,4 người,"Củ hủ dừa|Củ sắn|Cà rốt|Đậu hũ chiên|Nấm đùi gà|Bún tươi|Lá chanh Bắc, hẹ cắt nhỏ, boaro|Thính gạo, tương ớt, đậu phộng rang, dầu ăn",,
bun-cua-luoi-heo,Bún cua lưỡi heo,https://monngonmoingay.com/bun-cua-luoi-heo/,https://monngonmoingay.com/wp-content/uploads/2016/05/Bun-cua-luoi-heo-305-150.jpg,mot_to,30,4 người,"Lưỡi heo|Cua xay|Cà chua|Đậu hũ|Huyết heo|Hành lá, ngò gai|Hành tím củ, ớt xay|Tóp mỡ, mỡ nước, hành phi|Muối, đường, nước mắm, mắm tôm, dầu điều, dầu ăn",,
bun-ga-xao-sa,Bún gà xáo sả,https://monngonmoingay.com/bun-ga-xao-sa/,,mot_to,,,,,
bun-gao-xao-chao-do,Bún gạo xào chao đỏ,https://monngonmoingay.com/bun-gao-xao-chao-do/,https://monngonmoingay.com/wp-content/uploads/2015/08/12.bungaoxaochay1.jpg,mot_to,20,4 người,"Bún gạo khô|Chả lụa chay|Cà rốt|Cần tàu|Giá|Boaro|Đậu hũ chiên|Nấm mèo|Đậu phộng rang, ngò rí, ớt Chao đỏ, đường, dầu ăn, nước tương",,
bun-gao-xao-ga,Bún gạo xào gà,https://monngonmoingay.com/bun-gao-xao-ga/,https://monngonmoingay.com/wp-content/uploads/2025/05/Bun-gao-xao-ga-Website.png,mot_to,30,2 người,Thịt má đùi|Bún gạo khô|Hành tây|Cà rốt|Cải bó xôi|Rau nêm,,
bun-gao-xao-long-nghe,Bún gạo xào lòng nghệ,https://monngonmoingay.com/bun-gao-xao-long-nghe/,https://monngonmoingay.com/wp-content/uploads/2021/10/bun-gao-xao-long-nghe-300.jpg,mot_to,20,4 người,"Bún gạo khô|Lòng non|Hẹ lá|Hành tây|Nấm hương luộc chín|Nghệ|Hành tỏi băm|Dầu ăn, đường, tiêu, muối|Ngò rí",,
bun-gao-xao-mayo,Bún gạo xào mayo,https://monngonmoingay.com/bun-gao-xao-mayo/,,mot_to,,,,,
