ma_mon,ten_mon,loai,nhiet,do_nang,dau_mo,nguyen_lieu_chinh,thoi_tiet_hop,khau_phan_goc,thoi_gian_phut,do_kho,mo_ta_ngan,cach_lam,do_pho_bien,nguon,trang_thai
dau_hu_non_sot_thit_bam,Đậu hũ non sốt thịt băm,mon_chinh,am,nang,vua,dau_phu,moi,4,,,,,,https://cookpad.com/vn/cong-thuc/16785833,chua_nau_thu
thit_bam_rang_man_ngot,Thịt băm rang mặn ngọt,mon_chinh,nong,nang,vua,thit_heo,mua,4,,,,,,https://cookpad.com/vn/cong-thuc/16351277,chua_nau_thu
ba_chi_rang_chay_canh,Ba chỉ rang cháy cạnh,mon_chinh,nong,nang,vua,thit_heo,mua,4,,,,,,https://cookpad.com/vn/cong-thuc/25261491,chua_nau_thu
thit_ba_chi_rim_man_ngot,Thịt ba chỉ rim mặn ngọt,mon_chinh,nong,nang,vua,thit_heo,mua,4,,,,,,https://cookpad.com/vn/cong-thuc/25729384,chua_nau_thu
ca_tim_om_thit_bam,Cà tím om thịt băm,mon_chinh,nong,nang,vua,ca_tim,mua,4,,,,,,https://cookpad.com/vn/cong-thuc/16641002,chua_nau_thu
khoai_tay_xao_thit_bam,Khoai tây xào thịt băm,mon_chinh,nong,nhe,vua,khoai_tay,mua,4,,,,,,https://cookpad.com/vn/cong-thuc/24754176,chua_nau_thu
cha_gio_re,Chả giò rế,mon_chinh,am,nhe,it,,moi,4,,,,,,https://cookpad.com/vn/cong-thuc/8482066,chua_nau_thu
thit_heo_mot_nang_chien,Thịt heo một nắng chiên,mon_chinh,nong,nhe,nhieu,thit_heo,mua,4,,,,,,https://cookpad.com/vn/cong-thuc/22562519,chua_nau_thu
suon_xao_chua_ngot,Sườn xào chua ngọt,mon_chinh,am,nhe,vua,thit_heo,moi,4,,,,,,https://cookpad.com/vn/cong-thuc/26333608,chua_nau_thu
suon_non_kho_thom,Sườn non kho thơm,mon_chinh,nong,nang,vua,thit_heo,mua,4,,,,,,https://cookpad.com/vn/cong-thuc/24839862,chua_nau_thu
thit_ba_chi_sot_ca_chua,Thịt ba chỉ sốt cà chua,mon_chinh,am,nang,vua,ca_chua,moi,4,,,,,,https://cookpad.com/vn/cong-thuc/5222899,chua_nau_thu
thit_dong,Thịt đông (món Tết),mon_chinh,am,nhe,it,thit_heo,moi,4,,,,,,https://cookpad.com/vn/cong-thuc/217132,chua_nau_thu
thit_kho_trung,Thịt kho trứng,mon_chinh,am,nang,vua,trung|thit_heo,mua,4,90,de,"Ba chỉ kho nước dừa với trứng luộc, nước kho màu cánh gián – nồi kho để được vài bữa.","1. Ba chỉ cắt miếng to, chần sơ, ướp nước mắm, đường, hành tỏi băm, tiêu 30 phút.
2. Trứng luộc chín, bóc vỏ.
3. Thắng đường làm nước màu, cho thịt vào đảo săn cho ngấm màu.
4. Đổ nước dừa xâm xấp, kho lửa nhỏ 40 phút, hớt bọt.
5. Cho trứng vào kho thêm 20 phút đến khi thịt mềm, trứng thấm màu; nêm lại vừa ăn.",301,https://cookpad.com/vn/cong-thuc/1069610-th%E1%BB%8Bt-kho-tr%E1%BB%A9ng-th%E1%BB%8Bt-kho-tau,chua_nau_thu
thit_kho_cu_cai,Thịt kho củ cải,mon_chinh,am,nang,vua,cu_cai,mua,4,50,de,"Ba chỉ kho với củ cải trắng thấm nước kho ngọt mặn, ăn với cơm nóng.","1. Ba chỉ cắt miếng, chần sơ, ướp nước mắm, đường, hành tỏi băm, tiêu 20 phút.
2. Thắng chút đường làm nước màu, cho thịt vào đảo săn.
3. Đổ nước xâm xấp, kho lửa nhỏ 20 phút.
4. Củ cải gọt vỏ, cắt miếng dày, cho vào kho thêm 15 phút đến khi trong và thấm.
5. Nêm lại, rắc hành lá, tiêu.",,https://cookpad.com/vn/cong-thuc/16899696,chua_nau_thu
nem_ran_ha_noi,Nem rán Hà Nội,an_vat,nong,nang,nhieu,thit_heo,mua,4,90,vua,"Nem cuốn bánh đa nem nhân thịt, miến, mộc nhĩ, trứng, rán giòn – món cỗ, ngày Tết của người Bắc.","1. Miến ngâm mềm cắt ngắn; mộc nhĩ, nấm hương ngâm nở thái nhỏ; cà rốt, su hào bào sợi, vắt bớt nước.
2. Trộn thịt xay, tôm băm, rau củ, miến, mộc nhĩ, trứng, hành lá, nước mắm, tiêu cho thật đều.
3. Làm ẩm bánh đa nem bằng nước pha chút giấm, đặt nhân, gấp hai mép, cuộn chặt vừa tay.
4. Rán ngập dầu lửa nhỏ đến khi vàng giòn (khoảng 10 phút), vớt ra giấy thấm dầu.
5. Chấm nước mắm chua ngọt có đu đủ, cà rốt; ăn với bún, rau sống.",478,https://cookpad.com/vn/cong-thuc/24109052-nem-ran-ha-n%E1%BB%99i,chua_nau_thu
ca_bung,Cà tím bung đậu phụ thịt ba chỉ,mon_chinh,nong,nang,vua,ca_tim|dau_phu,mua,4,60,vua,"Cà tím om với ba chỉ, đậu phụ rán, cà chua, mẻ, tía tô – món om dân dã ngày mưa (kiểu Bắc).","1. Cà tím cắt miếng, ngâm nước muối 15 phút cho đỡ thâm, vắt nhẹ.
2. Ba chỉ thái miếng, xào cho ra mỡ, săn lại.
3. Đậu phụ cắt miếng, rán vàng.
4. Cho cà chua vào xào cùng thịt, thêm cà tím, mẻ, nước mắm, đổ ít nước, om lửa nhỏ 15–20 phút đến khi cà mềm nhừ.
5. Cho đậu phụ vào om thêm 5 phút, nêm lại; tắt bếp thả tía tô, hành lá.",35,https://cookpad.com/vn/cong-thuc/4052226,chua_nau_thu
thit_luoc_cham_mam_dua_leo,"Thịt luộc chấm mắm, dưa leo",mon_chinh,mat,nhe,it,thit_heo,nang,4,,,,,,https://cookpad.com/vn/cong-thuc/22560971,chua_nau_thu
thit_vien_sot_ca_chua,Thịt viên sốt cà chua,mon_chinh,am,nang,vua,ca_chua,moi,4,,,,,,https://cookpad.com/vn/cong-thuc/12222398,chua_nau_thu
suon_ram_man_ngot,Sườn ram mặn ngọt,mon_chinh,nong,nang,vua,thit_heo,mua,4,,,,,,https://cookpad.com/vn/cong-thuc/25300672,chua_nau_thu
cha_la_lot,Chả lá lốt,mon_chinh,am,nhe,it,,moi,4,,,,,,https://cookpad.com/vn/cong-thuc/15556832,chua_nau_thu
thit_heo_kho_tieu,Thịt heo kho tiêu,mon_chinh,nong,nang,vua,thit_heo,mua,4,,,,,,https://cookpad.com/vn/cong-thuc/13820757,chua_nau_thu
ca_loc_kho_to,Cá lóc kho tộ,mon_chinh,nong,nang,vua,,mua,4,,,,,,https://cookpad.com/vn/cong-thuc/217193,chua_nau_thu
ca_kho_rieng,Cá kho riềng (kiểu Bắc),mon_chinh,nong,nang,vua,,mua,4,,,,,,https://cookpad.com/vn/cong-thuc/5514398,chua_nau_thu
ca_hoi_sot_ca_chua,Cá hồi sốt cà chua,mon_chinh,am,nang,vua,ca_chua,moi,4,,,,,,https://cookpad.com/vn/cong-thuc/2991329,chua_nau_thu
ca_dieu_hong_hap_nam_kim_cham,Cá diêu hồng hấp nấm kim châm,mon_chinh,mat,nhe,it,,nang,4,,,,,,https://cookpad.com/vn/cong-thuc/17277935,chua_nau_thu
ca_chim_hap_xi_dau,Cá chim hấp xì dầu,mon_chinh,mat,nhe,it,,nang,4,,,,,,https://cookpad.com/vn/cong-thuc/16718192,chua_nau_thu
ca_bac_ma_kho_thom,Cá bạc má kho thơm,mon_chinh,nong,nang,vua,,mua,4,,,,,,https://cookpad.com/vn/cong-thuc/26323488,chua_nau_thu
ca_thu_nuong_muoi_tieu,Cá thu nướng muối tiêu,mon_chinh,nong,nhe,vua,ca_thu,mua,4,,,,,,https://cookpad.com/vn/cong-thuc/13561985,chua_nau_thu
cha_ca_sot_ca_chua,Chả cá sốt cà chua,mon_chinh,am,nang,vua,ca_chua,moi,4,,,,,,https://cookpad.com/vn/cong-thuc/16917510,chua_nau_thu
kho_ca_chi_vang_rim_chua_ngot,Khô cá chỉ vàng rim chua ngọt,mon_chinh,nong,nang,vua,,mua,4,,,,,,https://cookpad.com/vn/cong-thuc/17066255,chua_nau_thu
ca_thu_sot_ca_chua,Cá thu sốt cà chua,mon_chinh,am,nang,vua,ca_thu,moi,4,,,,,,https://cookpad.com/vn/cong-thuc/16366696,chua_nau_thu
ca_ngu_kho_tieu,Cá ngừ kho tiêu,mon_chinh,nong,nang,vua,ca_ngu_dd,mua,4,,,,,,https://cookpad.com/vn/cong-thuc/5505039-ca-ng%E1%BB%AB-kho-tieu,chua_nau_thu
ca_nuc_kho_ca_chua,Cá nục kho cà chua,mon_chinh,nong,nang,vua,ca_nuc,mua,4,,,,,,https://cookpad.com/vn/cong-thuc/13958057,chua_nau_thu
cha_ca_thu_chien,Chả cá thu chiên (kiểu Nha Trang),mon_chinh,nong,nhe,nhieu,ca_thu,mua,4,,,,,,https://cookpad.com/vn/cong-thuc/647465-ch%E1%BA%A3-ca-thu-chien,chua_nau_thu
ca_com_kho_rim_dau_phong,Cá cơm khô rim đậu phộng,mon_chinh,nong,nang,vua,ca_com_kho,mua,4,,,,,,https://cookpad.com/vn/cong-thuc/14029575,chua_nau_thu
ca_thu_chien_sa,Cá thu chiên sả,mon_chinh,nong,nhe,nhieu,ca_thu,mua,4,,,,,,https://cookpad.com/vn/cong-thuc/25276733,chua_nau_thu
dau_hap_tom_thit_sot_chua_ngot,Đậu hấp tôm thịt sốt chua ngọt,mon_chinh,mat,nang,vua,tom_the,nang,4,,,,,,https://cookpad.com/vn/cong-thuc/217179,chua_nau_thu
muc_xao_dua,Mực xào dứa,mon_chinh,am,nhe,vua,muc_tuoi,moi,4,,,,,,https://cookpad.com/vn/cong-thuc/217191,chua_nau_thu
tom_thit_rim_man_ngot,Tôm thịt rim mặn ngọt,mon_chinh,nong,nang,vua,tom_the,mua,4,,,,,,https://cookpad.com/vn/cong-thuc/13190014,chua_nau_thu
sua_tron_mam_nhi,Sứa trộn mắm nhĩ,mon_chinh,mat,nhe,it,sua,nang,4,,,,,,https://cookpad.com/vn/cong-thuc/23939150,chua_nau_thu
ngheu_hap_sa,Nghêu hấp sả,mon_chinh,mat,nhe,it,,nang,4,,,,,,https://cookpad.com/vn/cong-thuc/7300663,chua_nau_thu
muc_hap_hanh_gung,Mực hấp hành gừng,mon_chinh,mat,nhe,it,muc_tuoi,nang,4,,,,,,https://cookpad.com/vn/cong-thuc/7404028,chua_nau_thu
oc_huong_luoc,Ốc hương luộc,mon_chinh,mat,nhe,it,,nang,4,,,,,,https://cookpad.com/vn/cong-thuc/13242489,chua_nau_thu
tom_rang_muoi,Tôm rang muối,mon_chinh,nong,nang,vua,tom_the,mua,4,,,,,,https://cookpad.com/vn/cong-thuc/25299365,chua_nau_thu
cha_muc,Chả mực,mon_chinh,am,nhe,it,muc_tuoi,moi,4,,,,,,https://cookpad.com/vn/cong-thuc/16939202,chua_nau_thu
tom_hap_nuoc_dua,Tôm hấp nước dừa,mon_chinh,mat,nhe,it,tom_the,nang,4,,,,,,https://cookpad.com/vn/cong-thuc/5739759,chua_nau_thu
ghe_hap_gung_sa,Ghẹ hấp gừng sả,mon_chinh,mat,nhe,it,,nang,4,,,,,,https://cookpad.com/vn/cong-thuc/15804786-gh%E1%BA%B9-h%E1%BA%A5p,chua_nau_thu
so_diep_nuong_mo_hanh,Sò điệp nướng mỡ hành,mon_chinh,nong,nhe,vua,,mua,4,,,,,,https://cookpad.com/vn/cong-thuc/16222488,chua_nau_thu
muc_ong_nhoi_thit_sot_ca,Mực ống nhồi thịt sốt cà,mon_chinh,am,nang,vua,muc_tuoi,moi,4,,,,,,https://cookpad.com/vn/cong-thuc/11770565,chua_nau_thu
cua_rang_me,Cua rang me,mon_chinh,nong,nang,vua,,mua,4,,,,,,https://cookpad.com/vn/cong-thuc/3009864-cua-rang-me,chua_nau_thu
nom_ga_rau_thom,Nộm gà rau thơm,mon_chinh,mat,nhe,it,ga_ta,nang,4,,,,,,https://cookpad.com/vn/cong-thuc/217184,chua_nau_thu
canh_ga_nuong_sa,Cánh gà nướng sả,mon_chinh,nong,nhe,vua,ga_ta,mua,4,,,,,,https://cookpad.com/vn/cong-thuc/217124,chua_nau_thu
thit_ga_sot_chua_ngot,Thịt gà sốt chua ngọt,mon_chinh,am,nang,vua,ga_ta,moi,4,,,,,,https://cookpad.com/vn/cong-thuc/25799674,chua_nau_thu
vit_chay_toi,Vịt cháy tỏi,mon_chinh,am,nhe,it,ga_ta,moi,4,,,,,,https://cookpad.com/vn/cong-thuc/15614258,chua_nau_thu
ga_xao_ngo,Gà xào ngô,mon_chinh,am,nhe,vua,ga_ta,moi,4,,,,,,https://cookpad.com/vn/cong-thuc/26061108,chua_nau_thu
canh_ga_chien_nuoc_mam,Cánh gà chiên nước mắm,mon_chinh,nong,nhe,nhieu,ga_ta,mua,4,,,,,,https://cookpad.com/vn/cong-thuc/4579470,chua_nau_thu
vit_nau_thom,Vịt nấu thơm,mon_chinh,am,nhe,it,ga_ta,moi,4,,,,,,https://cookpad.com/vn/cong-thuc/25718470,chua_nau_thu
cha_uc_ga_nam_huong,Chả ức gà nấm hương,mon_chinh,am,nhe,it,ga_ta,moi,4,,,,,,https://cookpad.com/vn/cong-thuc/25218609,chua_nau_thu
dui_ga_rut_xuong_ap_chao,Đùi gà rút xương áp chảo,mon_chinh,am,nhe,vua,ga_ta,moi,4,,,,,,https://cookpad.com/vn/cong-thuc/25759126,chua_nau_thu
ga_luoc_la_chanh,Gà luộc lá chanh,mon_chinh,am,nhe,it,ga_ta,moi,4,60,de,"Gà ta luộc da vàng giòn, rắc lá chanh thái chỉ, chấm muối tiêu chanh – món mâm cơm Bắc.","1. Gà ta làm sạch, xát muối và gừng đập để khử mùi, rửa lại.
2. Cho gà vào nồi nước lạnh ngập, thêm gừng, hành tím nướng; đun sôi rồi hạ lửa nhỏ, luộc 20–25 phút.
3. Tắt bếp, đậy nắp ngâm thêm 10 phút; xiên vào đùi không ra nước hồng là chín.
4. Vớt gà ngâm ngay vào nước đá 5 phút cho da giòn; quét chút nghệ hoặc mỡ gà nếu muốn da vàng đẹp.
5. Chặt miếng, rắc lá chanh thái chỉ, chấm muối tiêu chanh. Nước luộc dùng nấu canh hoặc cháo.",30,https://cookpad.com/vn/cong-thuc/251987-ga-lu%E1%BB%99c-la-chanh,chua_nau_thu
ga_kho_gung,Gà kho gừng,mon_chinh,nong,nang,vua,ga_ta,mua,4,,,,,,https://cookpad.com/vn/cong-thuc/24631325,chua_nau_thu
ga_om_nam,Gà om nấm,mon_chinh,nong,nang,vua,ga_ta,mua,4,,,,,,https://cookpad.com/vn/cong-thuc/11139096,chua_nau_thu
ca_ri_ga,Cà ri gà (ít cay),mon_chinh,nong,nhe,it,ga_ta,mua,4,,,,,,https://cookpad.com/vn/cong-thuc/910411-ca-ri-ga,chua_nau_thu
vit_luoc_cham_mam_gung,Vịt luộc chấm mắm gừng,mon_chinh,mat,nhe,it,ga_ta,nang,4,,,,,,https://cookpad.com/vn/cong-thuc/24337187,chua_nau_thu
bo_xao_luc_lac,Bò xào lúc lắc,mon_chinh,am,nang,vua,thit_bo,moi,4,,,,,,https://cookpad.com/vn/cong-thuc/217190,chua_nau_thu
bo_kho,Bò kho,mon_chinh,nong,nang,vua,thit_bo,mua,4,,,,,,https://cookpad.com/vn/cong-thuc/217115,chua_nau_thu
bap_bo_ngam_chua_ngot,Bắp bò ngâm chua ngọt,mon_chinh,mat,nhe,it,thit_bo,nang,4,,,,,,https://cookpad.com/vn/cong-thuc/217148,chua_nau_thu
bap_bo_hap_sa_gung,Bắp bò hấp sả gừng,mon_chinh,mat,nhe,it,thit_bo,nang,4,,,,,,https://cookpad.com/vn/cong-thuc/14872375,chua_nau_thu
bo_xao_mang_tay,Bò xào măng tây,mon_chinh,am,nhe,vua,mang_tay,moi,4,,,,,,https://cookpad.com/vn/cong-thuc/25375748,chua_nau_thu
bo_sot_vang,Bò sốt vang,mon_chinh,nong,nang,vua,thit_bo,mua,4,120,vua,"Bò om rượu vang với cà rốt, sả, quế hồi đến mềm, nước sốt sánh – ăn với bánh mì hoặc bún (kiểu Bắc).","1. Thịt bò (bắp hoặc nạm) cắt miếng vuông 3cm, ướp với rượu vang, nước mắm, tỏi băm, sả đập dập, ngũ vị hương, đường trong 1 tiếng.
2. Phi thơm tỏi, cho bò vào xào săn mặt ngoài.
3. Thêm cà chua băm và tương cà, đảo đến khi ra màu đỏ.
4. Đổ phần nước ướp và nước lọc ngập thịt, thả quế, hồi; om lửa nhỏ khoảng 1 tiếng đến khi bò mềm.
5. Cho cà rốt vào om thêm 15 phút; nếu nước sốt loãng thì hoà ít bột năng cho sánh.
6. Nêm lại, rắc rau mùi, ăn nóng với bánh mì.",50,https://cookpad.com/vn/cong-thuc/15848383,chua_nau_thu
bo_xao_can_toi,Bò xào cần tỏi,mon_chinh,am,nhe,vua,thit_bo,moi,4,20,de,"Thịt bò mềm xào nhanh với cần tây, tỏi tây và hành tây – món nhanh cho bữa cơm.","1. Bò thái mỏng ngang thớ, ướp với dầu hào, tỏi băm, tiêu, 1 thìa dầu ăn trong 15 phút.
2. Cần tây cắt khúc 4cm, tỏi tây cắt xéo, hành tây bổ múi cau.
3. Phi tỏi, xào bò lửa lớn đến tái thì trút ra đĩa.
4. Xào cần tây, hành tây với ít nước mắm khoảng 1–2 phút, vẫn giữ giòn.
5. Cho bò vào đảo nhanh, thêm tỏi tây, nêm lại rồi tắt bếp.",117,https://cookpad.com/vn/cong-thuc/3040261,chua_nau_thu
bo_cuon_la_lot,Bò cuốn lá lốt,mon_chinh,am,nang,vua,thit_bo|la_lot,moi,4,45,vua,"Thịt bò băm trộn mỡ heo, cuốn lá lốt rồi áp chảo hoặc nướng – thơm lừng, ăn với bún, rau sống.","1. Bò và mỡ heo băm nhỏ, trộn hành tím, tỏi, sả băm, nước mắm, đường, tiêu; để 20 phút.
2. Lá lốt rửa, lau khô, cắt bớt cuống.
3. Đặt lá mặt bóng xuống dưới, cho một thìa thịt, cuộn chặt.
4. Xếp cuốn vào chảo có ít dầu, mép lá úp xuống trước; áp chảo lửa vừa đến khi lá se và thịt chín (khoảng 10 phút). Có thể nướng than hoặc nồi chiên không dầu.
5. Rắc mỡ hành, đậu phộng; ăn với bún, rau sống, nước mắm chua ngọt.",,https://cookpad.com/vn/cong-thuc/25495015,chua_nau_thu
khoai_tay_xao_bo,Khoai tây xào thịt bò,mon_chinh,am,nang,vua,khoai_tay|thit_bo,moi,4,30,de,"Khoai tây Đà Lạt chiên sơ cho bùi, xào cùng thịt bò, hành tây, cà chua.","1. Khoai tây gọt vỏ, thái thanh dày, ngâm nước muối loãng 10 phút, vớt ra để ráo.
2. Bò thái mỏng, ướp dầu hào, tỏi, tiêu 15 phút.
3. Chiên khoai trong ít dầu đến vàng nhạt, gắp ra.
4. Xào bò lửa lớn vừa tái, trút ra.
5. Xào hành tây, cà chua cho mềm, cho khoai và bò vào đảo đều, nêm nước mắm, rắc hành lá, tiêu.",675,https://cookpad.com/vn/cong-thuc/4495704-khoai-tay-xao-th%E1%BB%8Bt-bo,chua_nau_thu
bo_xao_hanh_tay,Bò xào hành tây,mon_chinh,am,nhe,vua,thit_bo,moi,4,,,,,,https://cookpad.com/vn/cong-thuc/24633399,chua_nau_thu
bo_vien_sot_ca_chua,Bò viên sốt cà chua,mon_chinh,am,nang,vua,thit_bo,moi,4,,,,,,https://cookpad.com/vn/cong-thuc/6854874,chua_nau_thu
trung_chien_nuoc_mam,Trứng chiên nước mắm,mon_chinh,nong,nhe,nhieu,trung,mua,4,,,,,,https://cookpad.com/vn/cong-thuc/23958089,chua_nau_thu
trung_chung_ca_chua,Trứng chưng cà chua,mon_chinh,am,nhe,it,trung,moi,4,,,,,,https://cookpad.com/vn/cong-thuc/2573005,chua_nau_thu
dau_hu_nhoi_thit_sot_ca_chua,Đậu hũ nhồi thịt sốt cà chua,mon_chinh,am,nang,vua,dau_phu,moi,4,,,,,,https://cookpad.com/vn/cong-thuc/26656584,chua_nau_thu
dau_hu_trung_sot_nam,Đậu hũ trứng sốt nấm,mon_chinh,am,nang,vua,trung,moi,4,,,,,,https://cookpad.com/vn/cong-thuc/16401406,chua_nau_thu
nam_rom_kho_dau_hu,Nấm rơm kho đậu hũ,mon_chinh,nong,nang,vua,dau_phu,mua,4,,,,,,https://cookpad.com/vn/cong-thuc/24570935,chua_nau_thu
trung_cut_rim_nuoc_mam,Trứng cút rim nước mắm,mon_chinh,nong,nang,vua,trung,mua,4,,,,,,https://cookpad.com/vn/cong-thuc/11951685,chua_nau_thu
dau_phu_sot_ca_chua,Đậu phụ sốt cà chua,mon_chinh,am,nhe,vua,dau_phu,moi,4,25,de,"Đậu phụ rán vàng rim trong sốt cà chua hành lá – món rẻ, dễ, rất đưa cơm.","1. Đậu phụ cắt miếng vừa ăn, để ráo, rán vàng các mặt.
2. Cà chua bỏ hạt, băm nhỏ.
3. Phi hành tím, cho cà chua vào xào nát, thêm chút nước, nêm nước mắm, đường cho vừa chua ngọt.
4. Cho đậu vào rim lửa nhỏ 5–7 phút cho thấm sốt.
5. Rắc hành lá, tiêu, tắt bếp.",13,https://cookpad.com/vn/cong-thuc/827516,chua_nau_thu
trung_duc_thit,Trứng đúc thịt,mon_chinh,am,nhe,vua,trung,moi,4,25,de,"Trứng đánh cùng thịt băm, mộc nhĩ, hành lá rồi rán thành bánh dày.","1. Mộc nhĩ ngâm nở, thái nhỏ; hành lá thái nhỏ.
2. Đánh tan trứng, trộn thịt băm, mộc nhĩ, hành lá, nước mắm, tiêu.
3. Đun chảo với dầu, đổ hỗn hợp vào dàn đều, để lửa vừa nhỏ.
4. Khi mặt dưới vàng và mặt trên se lại thì lật (dùng đĩa úp lên cho dễ), rán tiếp đến khi thịt chín.
5. Cắt miếng, chấm nước mắm ớt.",36,https://cookpad.com/vn/cong-thuc/25062394,chua_nau_thu
trung_ran_hanh,Trứng rán hành lá,mon_chinh,am,nhe,vua,trung,moi,4,10,de,"Trứng đánh với hành lá, nước mắm, rán mỏng vàng thơm – món cứu nguy 10 phút.","1. Đập trứng ra bát, thêm nước mắm, tiêu, đánh tan.
2. Cho hành lá thái nhỏ vào trứng.
3. Đun nóng chảo với dầu, phi sơ phần đầu hành cho thơm.
4. Đổ trứng, lắc chảo cho dàn đều, rán lửa vừa đến khi mặt dưới vàng thì lật, rán thêm 1 phút.
5. Cắt miếng, ăn với cơm nóng, dưa chuột.",1108,https://cookpad.com/vn/cong-thuc/12483186,chua_nau_thu
trung_hap_van,Trứng hấp vân,mon_chinh,am,nhe,it,trung,mua,4,40,de,"Trứng đánh với thịt băm, mộc nhĩ, miến rồi hấp cách thuỷ; phết lòng đỏ tạo vân vàng.","1. Mộc nhĩ ngâm nở thái nhỏ; miến ngâm mềm cắt ngắn.
2. Tách riêng 1 lòng đỏ để phết mặt; phần trứng còn lại đánh tan.
3. Trộn trứng với thịt băm, mộc nhĩ, miến, hành lá, nước mắm, tiêu.
4. Đổ vào bát hoặc khay có phết dầu, hấp cách thuỷ 25 phút.
5. Phết lòng đỏ lên mặt, hấp thêm 5 phút cho lớp vân vàng chín. Cắt miếng, chấm nước mắm ớt.",5,https://cookpad.com/vn/tim-kiem/tr%E1%BB%A9ng%20h%E1%BA%A5p%20v%C3%A2n,chua_nau_thu
dau_phu_ran_cham_mam_hanh,Đậu phụ rán chấm mắm hành,mon_chinh,nong,nhe,nhieu,dau_phu,mua,4,,,,,,https://cookpad.com/vn/cong-thuc/11029910,chua_nau_thu
ech_om_chuoi_dau,Ếch om chuối đậu,mon_chinh,nong,nang,vua,ech|chuoi_xanh,mua,4,75,vua,"Ếch om với chuối xanh, đậu phụ rán, mẻ, nghệ, tía tô, lá lốt – món đậm đà ngày mưa (kiểu Bắc).","1. Ếch làm sạch, chặt miếng; ướp với mẻ, mắm tôm, nghệ, riềng, nước mắm trong 30 phút.
2. Chuối xanh gọt vỏ, cắt khúc, ngâm nước có chút muối và giấm cho khỏi thâm.
3. Đậu phụ cắt miếng, rán vàng; thịt ba chỉ thái miếng, xào cho ra bớt mỡ.
4. Cho ếch vào xào cùng ba chỉ đến săn; thêm chuối, đổ nước xâm xấp, om lửa nhỏ 20 phút.
5. Cho đậu phụ vào om thêm 10 phút, nêm lại; tắt bếp thì thả tía tô, lá lốt thái nhỏ. Ăn với bún hoặc cơm.",,https://cookpad.com/vn/cong-thuc/10331747,chua_nau_thu
ech_xao_sa_ot,Ếch xào sả ớt,mon_chinh,nong,nhe,vua,ech,mua,4,40,de,"Ếch xào sả ớt cay thơm, thịt chắc ngọt – rất đưa cơm.","1. Ếch làm sạch, chặt miếng vừa ăn, ướp nước mắm, hạt nêm, đường, tiêu và một nửa sả băm trong 20 phút.
2. Phi thơm tỏi, phần sả băm còn lại và ớt.
3. Cho ếch vào đảo lửa lớn đến khi săn và chín (khoảng 8–10 phút); nếu khô thêm vài thìa nước.
4. Nêm lại vừa ăn, cho hành lá, rau răm vào đảo vài giây rồi tắt bếp.",26,https://cookpad.com/vn/cong-thuc/11872707,chua_nau_thu
ech_chien_gion,Ếch chiên giòn,an_vat,am,nang,nhieu,ech,moi,4,40,de,"Đùi ếch tẩm bột chiên giòn, chấm tương ớt hoặc muối tiêu chanh.","1. Ếch làm sạch, chặt miếng (hoặc lấy đùi), ướp tỏi băm, hạt nêm, đường, tiêu 20 phút.
2. Lăn ếch qua bột chiên giòn trộn chút bột bắp cho lớp vỏ xốp.
3. Chiên ngập dầu lửa vừa đến khi vàng đều (6–8 phút), vớt ra giấy thấm dầu.
4. Ăn nóng với tương ớt hoặc muối tiêu chanh, kèm rau sống.",44,https://cookpad.com/vn/cong-thuc/875414,chua_nau_thu
cuu_nuong,Cừu nướng (Ninh Thuận),mon_chinh,nong,nhe,vua,thit_cuu,mua,4,,,,,,https://cookpad.com/vn/tim-kiem/c%E1%BB%ABu%20n%C6%B0%E1%BB%9Bng,chua_nau_thu
rau_muong_xao_bo,Rau muống xào thịt bò,mon_chinh,am,nhe,vua,rau_muong|thit_bo,moi,4,20,de,Rau muống xanh giòn xào lửa lớn cùng thịt bò mềm và tỏi.,"1. Rau muống nhặt lấy ngọn và cọng non, rửa sạch, để ráo; trụng sơ qua nước sôi có chút muối rồi xả nước lạnh để giữ màu xanh.
2. Bò thái mỏng, ướp dầu hào, tỏi băm, tiêu khoảng 10 phút.
3. Phi tỏi, xào bò lửa lớn vừa tái thì trút ra.
4. Cho rau muống vào chảo nóng, đảo nhanh với ít nước mắm và hạt nêm.
5. Trút bò vào đảo đều 30 giây, tắt bếp.",27,https://cookpad.com/vn/cong-thuc/15409009,chua_nau_thu
sup_lo_trang_xao_bo,Súp lơ trắng xào thịt bò,mon_chinh,am,nhe,vua,sup_lo_trang|thit_bo,moi,4,25,de,"Súp lơ trắng trụng giòn, xào nhanh cùng bò và cà rốt.","1. Súp lơ cắt bông nhỏ, ngâm nước muối 10 phút, trụng sôi 1 phút rồi xả nước lạnh.
2. Bò thái mỏng, ướp dầu hào, tỏi, tiêu.
3. Xào bò lửa lớn vừa tái, trút ra.
4. Xào súp lơ và cà rốt thái lát với ít nước khoảng 2 phút, nêm nước mắm, hạt nêm.
5. Cho bò vào đảo đều, hoà chút bột năng cho sốt sánh nhẹ.",26,https://cookpad.com/vn/cong-thuc/25269890,chua_nau_thu
su_hao_xao_bo,Su hào xào thịt bò,mon_chinh,am,nhe,vua,su_hao|thit_bo,moi,4,25,de,Su hào thái sợi giòn ngọt xào thịt bò – món quen của mâm cơm miền Bắc.,"1. Su hào gọt vỏ, thái sợi hoặc thanh mỏng; cà rốt thái sợi.
2. Bò thái mỏng, ướp nước mắm, tỏi, tiêu, chút dầu.
3. Xào bò lửa lớn vừa tái, trút ra.
4. Phi tỏi, xào su hào và cà rốt, thêm 3–4 thìa nước, đảo đến khi su hào hơi trong nhưng còn giòn.
5. Cho bò vào, nêm dầu hào, nước mắm, rắc rau mùi.",20,https://cookpad.com/vn/cong-thuc/16795923,chua_nau_thu
rau_muong_luoc,Rau muống luộc chấm nước luộc chua,canh,mat,nhe,it,rau_muong,nang,4,15,de,Rau muống luộc xanh giòn; nước luộc vắt chanh hoặc dầm me thay sấu thành bát canh chua mát (kiểu Bắc).,"1. Rau muống nhặt bỏ lá già, cọng già; rửa sạch.
2. Đun sôi khoảng 2 lít nước với 1 thìa muối, cho rau vào, đảo đều, luộc 2–3 phút đến khi cọng vừa chín.
3. Vớt rau ra đĩa (có thể xả qua nước lạnh cho giòn).
4. Múc nước luộc ra bát, dầm me chín hoặc vắt chanh, nêm chút muối, hạt nêm thành canh chua.
5. Chấm rau với nước mắm tỏi ớt hoặc tương bần, ăn kèm trứng luộc dầm vào nước mắm.",48,https://cookpad.com/vn/cong-thuc/17059070,chua_nau_thu
rau_muong_xao_toi,Rau muống xào tỏi,mon_chinh,am,nhe,vua,rau_muong,moi,4,15,de,"Rau muống xào lửa thật lớn với nhiều tỏi – xanh, giòn, thơm.","1. Nhặt rau lấy phần ngọn và cọng non bẻ gãy giòn, rửa sạch, để thật ráo.
2. Đập dập và băm tỏi.
3. Đun chảo thật nóng với dầu, phi một nửa lượng tỏi đến vàng thơm.
4. Cho rau vào đảo nhanh tay trên lửa lớn, nêm nước mắm và hạt nêm.
5. Khi rau vừa chín tái, cho nốt tỏi sống vào đảo vài giây rồi tắt bếp, bày ra đĩa ngay.",,https://cookpad.com/vn/cong-thuc/14845984-rau-mu%E1%BB%91ng-xao-t%E1%BB%8Fi,chua_nau_thu
nom_rau_muong_tai_heo,Nộm rau muống tai heo,goi,mat,nhe,it,rau_muong,nang,4,40,vua,"Cọng rau muống chẻ trụng giòn, tai heo luộc thái mỏng, trộn chua ngọt với lạc rang, rau thơm.","1. Tai heo cạo sạch, chà muối, luộc với gừng khoảng 20 phút; vớt ra ngâm nước đá rồi thái mỏng.
2. Cọng rau muống chẻ nhỏ, trụng nhanh qua nước sôi rồi ngâm nước đá cho giòn, vắt ráo.
3. Pha nước trộn: nước mắm, đường, nước cốt chanh, tỏi ớt băm.
4. Trộn rau muống, tai heo, cà rốt sợi với nước trộn, để 5 phút cho thấm.
5. Thêm rau kinh giới, húng, rắc đậu phộng rang giã dập.",3,https://cookpad.com/vn/cong-thuc/11239372,chua_nau_thu
dau_bap_luoc,Đậu bắp luộc chấm kho quẹt,mon_chinh,mat,nhe,it,dau_bap,nang,4,25,de,Đậu bắp luộc xanh giòn chấm kho quẹt tôm khô tóp mỡ.,"1. Đậu bắp rửa sạch, giữ nguyên cuống để không bị nhớt.
2. Luộc trong nước sôi có chút muối 3–4 phút, vớt ra ngâm nước lạnh rồi để ráo, cắt bỏ cuống.
3. Kho quẹt: phi thơm hành tím, tóp mỡ và tôm khô; thêm nước mắm, đường, chút nước, tiêu, ớt, đun lửa nhỏ đến khi sệt lại.
4. Bày đậu bắp ra đĩa, chấm với kho quẹt (hoặc chao, xì dầu).",46,https://cookpad.com/vn/cong-thuc/16496669,chua_nau_thu
dau_bap_xao_toi,Đậu bắp xào tỏi,mon_chinh,am,nhe,vua,dau_bap,moi,4,15,de,Đậu bắp trụng sơ rồi xào nhanh với nhiều tỏi phi.,"1. Đậu bắp rửa sạch, trụng nước sôi 1 phút rồi xả nước lạnh; cắt bỏ cuống, cắt đôi chéo.
2. Phi tỏi đến vàng, vớt bớt một nửa để rắc sau.
3. Cho đậu bắp vào xào lửa lớn 2–3 phút, nêm muối, hạt nêm, chút đường.
4. Bày ra đĩa, rắc tỏi phi, ớt nếu thích.",40,https://cookpad.com/vn/cong-thuc/24238935,chua_nau_thu
bi_do_xao_toi,Bí đỏ xào tỏi,mon_chinh,am,nhe,vua,bi_do,moi,4,20,de,"Bí đỏ cắt miếng xào tỏi, om nhẹ cho bở mà không nát.","1. Bí đỏ gọt vỏ, bỏ ruột, cắt miếng dày 1cm.
2. Phi thơm tỏi.
3. Cho bí vào đảo đều, nêm muối, hạt nêm, chút đường; thêm 3–4 thìa nước.
4. Đậy nắp om lửa nhỏ 5–7 phút đến khi bí vừa chín, nước cạn.
5. Rắc hành lá, tiêu.",54,https://cookpad.com/vn/cong-thuc/295393,chua_nau_thu
dau_co_ve_xao_thit,Đậu cô ve xào thịt,mon_chinh,am,nhe,vua,dau_co_ve,moi,4,25,de,Đậu cô ve Đà Lạt xào thịt nạc với tỏi và cà rốt – món xào thường ngày.,"1. Đậu cô ve tước xơ, cắt xéo; cà rốt thái lát mỏng.
2. Thịt nạc thái mỏng, ướp nước mắm, hành tím băm, tiêu.
3. Phi tỏi, xào thịt đến chín, trút ra.
4. Xào đậu và cà rốt với 3–4 thìa nước, đậy nắp 2 phút đến khi đậu xanh giòn.
5. Cho thịt vào đảo đều, nêm nước mắm, hạt nêm.",117,https://cookpad.com/vn/cong-thuc/17216547,chua_nau_thu
kho_qua_xao_trung,Khổ qua xào trứng,mon_chinh,am,nhe,vua,trung,moi,4,,,,,,https://cookpad.com/vn/cong-thuc/16968433,chua_nau_thu
bap_cai_xao_trung,Bắp cải xào trứng,mon_chinh,am,nhe,vua,trung,moi,4,,,,,,https://cookpad.com/vn/cong-thuc/14850511,chua_nau_thu
bap_cai_xao_toi,Bắp cải xào tỏi,mon_chinh,am,nhe,vua,bap_cai,moi,4,,,,,,https://cookpad.com/vn/cong-thuc/16956444,chua_nau_thu
dau_co_ve_xao_toi,Đậu cô ve xào tỏi,mon_chinh,am,nhe,vua,dau_co_ve,moi,4,,,,,,https://cookpad.com/vn/cong-thuc/9796672,chua_nau_thu
su_hao_xao_ca_rot_nam_meo,Su hào xào cà rốt nấm mèo,mon_chinh,am,nhe,vua,su_hao,moi,4,,,,,,https://cookpad.com/vn/cong-thuc/25351490,chua_nau_thu
goi_buoi,Gỏi bưởi,goi,mat,nhe,it,,nang,4,,,,,,https://cookpad.com/vn/cong-thuc/301379,chua_nau_thu
dua_leo_tron,Dưa leo trộn,goi,mat,nhe,it,,nang,4,,,,,,https://cookpad.com/vn/cong-thuc/25879494,chua_nau_thu
mang_tay_xao_toi,Măng tây xào tỏi,mon_chinh,am,nhe,vua,mang_tay,moi,4,,,,,,https://cookpad.com/vn/cong-thuc/16555579,chua_nau_thu
dot_su_su_xao_toi,Đọt su su xào tỏi,mon_chinh,am,nhe,vua,su_su,moi,4,,,,,,https://cookpad.com/vn/cong-thuc/15411295,chua_nau_thu
rau_bi_xao_toi,Rau bí xào tỏi,mon_chinh,am,nhe,vua,,moi,4,,,,,,https://cookpad.com/vn/cong-thuc/254232,chua_nau_thu
cai_chip_xao,Cải chíp xào,mon_chinh,am,nhe,vua,,moi,4,,,,,,https://cookpad.com/vn/cong-thuc/24619417,chua_nau_thu
muop_xao,Mướp xào,mon_chinh,mat,nhe,vua,muop,nang,4,,,,,,https://cookpad.com/vn/cong-thuc/25047120,chua_nau_thu
bau_xao_nam_bao_ngu,Bầu xào nấm bào ngư,mon_chinh,mat,nhe,vua,bau,nang,4,,,,,,https://cookpad.com/vn/cong-thuc/5335281,chua_nau_thu
goi_du_du_tom_thit,Gỏi đu đủ tôm thịt,goi,mat,nhe,it,tom_the,nang,4,,,,,,https://cookpad.com/vn/cong-thuc/16309298,chua_nau_thu
goi_xoai_tom_kho,Gỏi xoài tôm khô,goi,mat,nhe,it,xoai_uc,nang,4,,,,,,https://cookpad.com/vn/cong-thuc/291668,chua_nau_thu
ca_tim_nuong_mo_hanh,Cà tím nướng mỡ hành,mon_chinh,nong,nhe,vua,ca_tim,mua,4,,,,,,https://cookpad.com/vn/cong-thuc/14326562,chua_nau_thu
dau_ha_lan_xao_tau_hu_ky_nam_meo,"Đậu Hà Lan xào tàu hũ ky, nấm mèo",mon_chinh,am,nhe,vua,nam,moi,4,,,,,,https://cookpad.com/vn/cong-thuc/26646759,chua_nau_thu
rau_lang_luoc_cham_kho_quet,Rau lang luộc chấm kho quẹt,mon_chinh,mat,nang,vua,,nang,4,,,,,,https://cookpad.com/vn/cong-thuc/4549647-rau-lu%E1%BB%99c-ch%E1%BA%A5m-kho-qu%E1%BA%B9t,chua_nau_thu
cai_ngot_xao_toi,Cải ngọt xào tỏi,mon_chinh,am,nhe,vua,,moi,4,,,,,,https://cookpad.com/vn/cong-thuc/3531724,chua_nau_thu
rau_den_luoc,Rau dền luộc,mon_chinh,mat,nhe,it,,nang,4,,,,,,https://cookpad.com/vn/cong-thuc/16150297,chua_nau_thu
cai_thao_xao_nam,Cải thảo xào nấm,mon_chinh,am,nhe,vua,cai_thao,moi,4,,,,,,https://cookpad.com/vn/cong-thuc/836418,chua_nau_thu
gia_xao_he,Giá xào hẹ,mon_chinh,am,nhe,vua,,moi,4,,,,,,https://cookpad.com/vn/tim-kiem/gi%C3%A1%20%C4%91%E1%BB%97%20x%C3%A0o%20h%E1%BA%B9,chua_nau_thu
bap_cai_luoc_cham_trung_dam_nuoc_mam,Bắp cải luộc chấm trứng dầm nước mắm,mon_chinh,mat,nhe,it,trung,nang,4,,,,,,https://cookpad.com/vn/cong-thuc/1928651,chua_nau_thu
dau_que_luoc_cham_muoi_me,Đậu que luộc chấm muối mè,mon_chinh,mat,nhe,it,dau_co_ve,nang,4,,,,,,https://cookpad.com/vn/cong-thuc/1564858,chua_nau_thu
nom_dua_chuot_ca_rot,Nộm dưa chuột cà rốt,goi,mat,nhe,it,,nang,4,,,,,,https://cookpad.com/vn/cong-thuc/7438608,chua_nau_thu
xa_lach_tron_dau_giam,Xà lách trộn dầu giấm (kiểu Bắc),goi,mat,nhe,it,,nang,4,,,,,,https://cookpad.com/vn/tim-kiem/x%C3%A0%20l%C3%A1ch%20tr%E1%BB%99n%20d%E1%BA%A7u%20gi%E1%BA%A5m,chua_nau_thu
mong_toi_xao_toi,Mồng tơi xào tỏi,mon_chinh,mat,nhe,vua,mong_toi,nang,4,,,,,,https://cookpad.com/vn/cong-thuc/24803435,chua_nau_thu
cai_ngong_luoc,Cải ngồng luộc,mon_chinh,mat,nhe,it,,nang,4,,,,,,https://cookpad.com/vn/cong-thuc/11037158-c%E1%BA%A3i-ng%E1%BB%93ng-lu%E1%BB%99c-ch%E1%BA%A5m-tr%E1%BB%A9ng,chua_nau_thu
ngo_xao_tom_kho,Ngô xào tôm khô,mon_chinh,am,nhe,vua,tom_the,moi,4,,,,,,https://cookpad.com/vn/cong-thuc/13675793,chua_nau_thu
su_su_luoc_cham_muoi_vung,Su su luộc chấm muối vừng,mon_chinh,mat,nhe,it,su_su,nang,4,,,,,,https://cookpad.com/vn/cong-thuc/6133642,chua_nau_thu
mang_tay_luoc_cham_xi_dau_trung,Măng tây luộc chấm xì dầu trứng,mon_chinh,mat,nhe,it,mang_tay,nang,4,,,,,,https://cookpad.com/vn/tim-kiem/m%C4%83ng%20t%C3%A2y%20lu%E1%BB%99c,chua_nau_thu
canh_cua_rau_day,Canh cua rau đay mồng tơi,canh,mat,nhe,it,cua_dong|rau_day|mong_toi,nang,4,45,vua,"Riêu cua đồng nổi gạch, nấu rau đay, mồng tơi, mướp – bát canh giải nhiệt kinh điển của miền Bắc. Ăn kèm cà pháo.","1. Cua đồng (hoặc cua xay sẵn) lọc với khoảng 1,5 lít nước và chút muối, bỏ bã, lấy nước cua.
2. Đun nước cua lửa vừa, khuấy nhẹ một chiều đến khi gần sôi để riêu cua đóng thành mảng; vặn nhỏ lửa.
3. Rau đay, mồng tơi thái nhỏ; mướp gọt vỏ, cắt miếng.
4. Cho mướp vào trước, sau đó rau đay, mồng tơi; nấu thêm 2–3 phút đến khi rau chín.
5. Nêm muối, hạt nêm; không khuấy mạnh để giữ riêu.",39,https://cookpad.com/vn/cong-thuc/9554958,chua_nau_thu
canh_rau_ngot_thit_bam,Canh rau ngót thịt băm,canh,mat,nhe,it,rau_ngot,nang,4,20,de,"Rau ngót vò dập nấu thịt băm – canh nhanh, ngọt nước, mát.","1. Rau ngót tuốt lá, rửa sạch, vò nhẹ cho dập để nhanh chín và ngọt nước.
2. Thịt băm ướp chút nước mắm, hành tím băm.
3. Phi hành, xào thịt băm cho săn, đổ khoảng 1,2 lít nước, đun sôi, hớt bọt.
4. Cho rau ngót vào, nấu 3–4 phút đến khi rau chín mềm.
5. Nêm nước mắm, hạt nêm vừa ăn.",24,https://cookpad.com/vn/cong-thuc/251767,chua_nau_thu
canh_muop_mong_toi,Canh mướp mồng tơi nấu tôm,canh,mat,nhe,it,muop|mong_toi,nang,4,20,de,"Mướp hương ngọt, mồng tơi mát, tôm xào thơm – canh giải nhiệt mùa hè.","1. Tôm bóc vỏ, bỏ chỉ đen, băm sơ hoặc để nguyên con, ướp chút hạt nêm.
2. Mướp gọt vỏ, cắt miếng vừa ăn; mồng tơi nhặt lá non, rửa sạch.
3. Phi hành, xào tôm cho đỏ, đổ khoảng 1,2 lít nước, đun sôi.
4. Cho mướp vào nấu 2 phút, tiếp mồng tơi nấu thêm 2 phút.
5. Nêm nước mắm, hạt nêm, rắc tiêu.",18,https://cookpad.com/vn/cong-thuc/15223211,chua_nau_thu
canh_trung_ca_chua,Canh trứng cà chua,canh,am,nhe,it,trung|ca_chua,moi,4,15,de,"Canh cà chua chua nhẹ, trứng đánh tan thành vân – canh nhanh nhất cho bữa tối.","1. Cà chua bổ múi cau; trứng đánh tan với chút nước mắm.
2. Phi hành tím, xào cà chua với chút muối cho mềm, ra màu.
3. Đổ khoảng 1,2 lít nước, đun sôi, nêm nước mắm, hạt nêm.
4. Vặn nhỏ lửa, rót trứng thành dòng mảnh vào nồi, để 30 giây rồi mới khuấy nhẹ cho trứng thành vân.
5. Thả hành lá, mùi, tắt bếp.",45,https://cookpad.com/vn/cong-thuc/6301821,chua_nau_thu
canh_khoai_so_suon,Canh khoai sọ nấu sườn,canh,nong,nang,vua,khoai_mon,mua,4,60,de,"Sườn non hầm ngọt nước, khoai sọ bở dẻo, thả rau mùi tàu – canh ấm ngày mưa (kiểu Bắc).","1. Sườn chặt miếng, chần sôi 3 phút, rửa sạch.
2. Đun sôi khoảng 1,5 lít nước, cho sườn và hành tím đập vào, hầm lửa nhỏ 30 phút, hớt bọt.
3. Khoai sọ đeo găng gọt vỏ (tránh ngứa), rửa với muối, cắt miếng vừa ăn.
4. Cho khoai vào nấu 15–20 phút đến khi bở mềm; có thể dầm vài miếng cho nước canh sánh.
5. Nêm nước mắm, hạt nêm, thả hành lá, rau mùi tàu thái nhỏ.",82,https://cookpad.com/vn/cong-thuc/17126635-canh-khoai-s%E1%BB%8D-n%E1%BA%A5u-s%C6%B0%E1%BB%9Dn-heo,chua_nau_thu
canh_cu_cai_xuong,Canh củ cải nấu xương,canh,nong,nhe,it,cu_cai,mua,4,75,de,"Xương heo hầm với củ cải trắng và cà rốt – nước trong, ngọt thanh.","1. Xương heo chần sôi, rửa sạch.
2. Hầm xương với khoảng 2 lít nước và hành tím đập trong 45 phút, hớt bọt.
3. Củ cải gọt vỏ, cắt khúc; cà rốt cắt khoanh.
4. Cho củ cải, cà rốt vào nấu 15 phút đến khi củ cải trong và mềm.
5. Nêm muối, nước mắm, hạt nêm; rắc hành ngò, tiêu.",71,https://cookpad.com/vn/cong-thuc/25251535,chua_nau_thu
canh_bi_dao_tom,Canh bí đao nấu tôm,canh,mat,nhe,it,bi_dao,nang,4,25,de,Bí đao trong veo nấu tôm tươi – canh thanh nhiệt mùa nắng.,"1. Tôm bóc vỏ, băm sơ, ướp chút hạt nêm, hành tím băm.
2. Bí đao gọt vỏ, bỏ ruột, thái miếng mỏng.
3. Phi hành, xào tôm cho đỏ, đổ khoảng 1,2 lít nước, đun sôi.
4. Cho bí vào nấu 5–7 phút đến khi bí trong.
5. Nêm nước mắm, hạt nêm, thả hành ngò, tiêu.",,https://cookpad.com/vn/cong-thuc/7310605,chua_nau_thu
canh_bi_do_thit_bam,Canh bí đỏ thịt bằm,canh,am,nhe,it,bi_do,mua,4,30,de,Bí đỏ bở ngọt nấu thịt bằm – canh dễ ăn cho cả nhà.,"1. Bí đỏ gọt vỏ, bỏ ruột, cắt miếng vừa ăn.
2. Thịt bằm ướp nước mắm, hành tím băm, tiêu.
3. Phi hành, xào thịt săn lại, đổ khoảng 1,2 lít nước, đun sôi, hớt bọt.
4. Cho bí đỏ vào nấu 15 phút đến khi mềm.
5. Nêm nước mắm, hạt nêm, thả hành ngò.",51,https://cookpad.com/vn/cong-thuc/6658364,chua_nau_thu
canh_bau_tom,Canh bầu nấu tôm,canh,mat,nhe,it,bau,nang,4,20,de,"Bầu non thái sợi nấu tôm – canh mát, ngọt, nấu rất nhanh.","1. Tôm bóc vỏ, giã hoặc băm sơ, ướp hạt nêm, hành tím.
2. Bầu gọt vỏ, thái sợi hoặc thái miếng mỏng.
3. Phi hành, xào tôm cho thơm, đổ khoảng 1,2 lít nước, đun sôi.
4. Cho bầu vào nấu 2–3 phút (bầu chín rất nhanh, nấu lâu sẽ nhũn).
5. Nêm nước mắm, hạt nêm, rắc rau mùi, tiêu.",69,https://cookpad.com/vn/cong-thuc/3443935,chua_nau_thu
canh_ga_rau_cu,Canh gà rau củ,canh,am,nhe,it,ga_ta,moi,4,,,,,,https://cookpad.com/vn/cong-thuc/217166,chua_nau_thu
canh_moc_nam_huong,Canh mọc nấm hương,canh,am,nhe,it,nam,moi,4,,,,,,https://cookpad.com/vn/cong-thuc/25177369,chua_nau_thu
canh_kho_qua_nhoi_thit,Canh khổ qua nhồi thịt,canh,am,nhe,it,thit_heo,moi,4,,,,,,https://cookpad.com/vn/cong-thuc/26351790,chua_nau_thu
canh_rong_bien_thit_bam,Canh rong biển thịt băm,canh,am,nhe,it,thit_heo,moi,4,,,,,,https://cookpad.com/vn/cong-thuc/25746909,chua_nau_thu
canh_cai_cuc_thit_bam,Canh cải cúc thịt băm,canh,am,nhe,it,thit_heo,moi,4,,,,,,https://cookpad.com/vn/cong-thuc/25606782,chua_nau_thu
canh_suon_nau_ngo,Canh sườn nấu ngô,canh,am,nhe,it,ngo,moi,4,,,,,,https://cookpad.com/vn/cong-thuc/5594429,chua_nau_thu
canh_su_hao_nau_suon,Canh su hào nấu sườn,canh,am,nhe,it,su_hao,moi,4,,,,,,https://cookpad.com/vn/cong-thuc/14787331,chua_nau_thu
canh_ca_ngu_nau_ca_thom,Canh cá ngừ nấu cà thơm,canh,am,nhe,it,ca_ngu_dd,moi,4,,,,,,https://cookpad.com/vn/cong-thuc/7044398,chua_nau_thu
canh_ca_nau_ngot,Canh cá nấu ngót,canh,am,nhe,it,,moi,4,,,,,,https://cookpad.com/vn/cong-thuc/25323737,chua_nau_thu
canh_chua_tom,Canh chua tôm,canh,mat,nhe,it,tom_the,nang,4,,,,,,https://cookpad.com/vn/cong-thuc/14984539,chua_nau_thu
canh_ngheu_nau_rau_ngot,Canh nghêu nấu rau ngót,canh,mat,nhe,it,rau_ngot,nang,4,,,,,,https://cookpad.com/vn/cong-thuc/5651446,chua_nau_thu
canh_cai_xanh_nau_tom,Canh cải xanh nấu tôm,canh,am,nhe,it,tom_the,moi,4,,,,,,https://cookpad.com/vn/cong-thuc/25318232,chua_nau_thu
canh_bo_ham_khoai_tay_ca_rot,Canh bò hầm khoai tây cà rốt,canh,nong,nhe,it,thit_bo,mua,4,,,,,,https://cookpad.com/vn/cong-thuc/15803306,chua_nau_thu
canh_dau_hu_he_nam_rom,Canh đậu hũ hẹ nấm rơm,canh,am,nhe,it,dau_phu,moi,4,,,,,,https://cookpad.com/vn/cong-thuc/24808437,chua_nau_thu
canh_ga_nau_bi_do,Canh gà nấu bí đỏ,canh,am,nhe,it,ga_ta,moi,4,,,,,,https://cookpad.com/vn/cong-thuc/10575869,chua_nau_thu
canh_dau_phu_ca_chua,Canh đậu phụ cà chua (kiểu Bắc),canh,am,nhe,it,dau_phu,moi,4,,,,,,https://cookpad.com/vn/tim-kiem/canh%20c%C3%A0%20chua%20%C4%91%E1%BA%ADu%20ph%E1%BB%A5,chua_nau_thu
canh_rau_den_nau_tom,Canh rau dền nấu tôm,canh,am,nhe,it,tom_the,moi,4,,,,,,https://cookpad.com/vn/cong-thuc/17081220,chua_nau_thu
canh_rau_lang,Canh rau lang,canh,am,nhe,it,,moi,4,,,,,,https://cookpad.com/vn/cong-thuc/16088018,chua_nau_thu
canh_rong_bien_dau_hu,Canh rong biển đậu hũ,canh,am,nhe,it,dau_phu,moi,4,,,,,,https://cookpad.com/vn/cong-thuc/16061775-canh-rong-bi%E1%BB%83n-n%E1%BA%A5u-d%E1%BA%ADu-h%E1%BB%A7-va-th%E1%BB%8Bt-b%E1%BA%B1m,chua_nau_thu
canh_su_su_ca_rot_thit_bam,Canh su su cà rốt thịt băm,canh,am,nhe,it,su_su,moi,4,,,,,,https://cookpad.com/vn/cong-thuc/11061372-canh-susu-ca-r%E1%BB%91t-n%E1%BA%A5u-th%E1%BB%8Bt-bam,chua_nau_thu
canh_ngao_nau_chua,Canh ngao nấu chua (kiểu Bắc),canh,mat,nhe,it,,nang,4,,,,,,https://cookpad.com/vn/cong-thuc/16167514-canh-ngao-chua,chua_nau_thu
canh_khoai_mo_nau_tom,Canh khoai mỡ nấu tôm,canh,nong,nhe,it,tom_the,mua,4,,,,,,https://cookpad.com/vn/cong-thuc/690449,chua_nau_thu
canh_khoai_tay_thit_bam,Canh khoai tây thịt băm,canh,nong,nhe,it,khoai_tay,mua,4,,,,,,https://cookpad.com/vn/cong-thuc/11610943,chua_nau_thu
canh_muc_nau_chua,Canh mực nấu chua,canh,mat,nhe,it,muc_tuoi,nang,4,,,,,,https://cookpad.com/vn/cong-thuc/24738745,chua_nau_thu
canh_cai_thao_dau_hu_nam,Canh cải thảo đậu hũ nấm,canh,am,nhe,it,dau_phu,moi,4,,,,,,https://cookpad.com/vn/tim-kiem/canh%20c%E1%BA%A3i%20th%E1%BA%A3o%20n%E1%BA%A5m,chua_nau_thu
canh_dua_chua_nau_suon,Canh dưa chua nấu sườn (kiểu Bắc),canh,mat,nhe,it,thit_heo,nang,4,,,,,,https://cookpad.com/vn/cong-thuc/3174291-canh-d%C6%B0a-chua-s%C6%B0%E1%BB%9Dn-non,chua_nau_thu
canh_ga_nau_nam,Canh gà nấu nấm,canh,am,nhe,it,ga_ta,moi,4,,,,,,https://cookpad.com/vn/cong-thuc/24383667,chua_nau_thu
canh_ca_thu_nau_chua,Canh cá thu nấu chua,canh,mat,nhe,it,ca_thu,nang,4,,,,,,https://cookpad.com/vn/cong-thuc/708306-canh-chua-ca-thu,chua_nau_thu
canh_cai_be_xanh_thit_bam,Canh cải bẹ xanh thịt băm,canh,am,nhe,it,thit_heo,moi,4,,,,,,https://cookpad.com/vn/cong-thuc/15114171-canh-c%E1%BA%A3i-b%E1%BA%B9-xanh-n%E1%BA%A5u-th%E1%BB%8Bt-b%E1%BA%B1m,chua_nau_thu
canh_tom_nau_thom,Canh tôm nấu thơm,canh,am,nhe,it,tom_the,moi,4,,,,,,https://cookpad.com/vn/tim-kiem/canh%20n%E1%BA%A5u%20t%C3%B4m%20n%E1%BA%A5u%20d%E1%BB%A9a%20c%C3%A0,chua_nau_thu
pho_bo_tai_chin,Phở bò tái chín,mon_chinh,nong,nhe,it,thit_bo,mua,4,180,vua,"Nước dùng xương bò ninh quế hồi, thịt bò chín và tái thái mỏng – món ấm bụng ngày mưa (kiểu Bắc).","1. Xương bò chần nước sôi 5 phút, đổ nước, rửa sạch.
2. Nướng gừng và hành tím đến thơm, cạo phần cháy; rang quế, hồi, thảo quả rồi cho vào túi lọc.
3. Ninh xương với khoảng 3,5 lít nước, gừng, hành, túi gia vị và miếng nạm; hớt bọt thường xuyên. Nạm chín (khoảng 1 tiếng) thì vớt ra ngâm nước lạnh, xương ninh tiếp tổng 2,5–3 tiếng.
4. Nêm nước dùng bằng nước mắm, muối, đường phèn cho vừa.
5. Thăn bò thái thật mỏng để làm tái, nạm thái mỏng.
6. Trụng bánh phở, xếp nạm, thăn bò, hành lá, rau thơm; chan nước dùng đang sôi cho bò tái chín tới. Ăn kèm chanh, ớt.",266,https://cookpad.com/vn/cong-thuc/24317699,chua_nau_thu
bun_bo_nam_bo,Bún bò Nam Bộ (bún bò trộn),mon_chinh,mat,nang,vua,thit_bo,nang,4,40,de,"Bún trộn bò xào sả, rau sống, đậu phộng, hành phi, nước mắm chua ngọt – món mát của Hà Nội.","1. Bò thái mỏng, ướp nước mắm, đường, tỏi, sả băm, tiêu 15 phút.
2. Pha nước trộn: nước mắm, đường, nước lọc, chanh, tỏi ớt theo tỉ lệ 1:1:3, nếm vừa chua ngọt.
3. Xào bò lửa thật lớn với hành tây cho nhanh chín, không ra nước.
4. Xếp vào tô: rau sống, giá, bún, bò xào; rắc đậu phộng rang, hành phi.
5. Chan nước trộn, ăn kèm đu đủ hoặc cà rốt ngâm chua.",18,https://cookpad.com/vn/cong-thuc/15490385-bun-bo-nam-b%E1%BB%99,chua_nau_thu
chao_ech,Cháo ếch,mon_chinh,nong,nhe,vua,ech,mua,4,60,vua,Cháo trắng nấu nhừ ăn kèm ếch kho gừng hành sánh đậm – ấm bụng ngày mưa.,"1. Gạo vo sạch, rang sơ, nấu với khoảng 1,8 lít nước và lá dứa đến khi hạt nở bung, cháo mịn (khoảng 40 phút).
2. Ếch chặt miếng, ướp nước tương, dầu hào, nước mắm, đường, gừng, tỏi, hành băm 20 phút.
3. Phi thơm gừng, tỏi, ớt; cho ếch vào xào săn, thêm ít nước, kho lửa nhỏ đến khi sốt sánh lại.
4. Múc cháo ra bát, rắc hành lá, tiêu; ăn kèm ếch kho và quẩy.",,https://cookpad.com/vn/cong-thuc/23851069,chua_nau_thu
bun_cha_ha_noi,Bún chả Hà Nội,mon_chinh,am,nang,vua,thit_heo,moi,4,90,vua,"Chả miếng ba chỉ và chả viên nướng than, ngâm nước chấm chua ngọt có đu đủ xanh, ăn với bún, rau sống.","1. Ba chỉ thái miếng mỏng; nạc vai xay. Ướp riêng mỗi loại với nước mắm, đường, dầu hào, hành tím, tỏi băm, tiêu và chút nước hàng (hoặc mật ong) trong 1 tiếng.
2. Nặn thịt xay thành viên dẹt.
3. Nướng than hoa (hoặc lò/nồi chiên không dầu 200°C) đến khi xém cạnh, thơm.
4. Pha nước chấm: nước lọc, nước mắm, đường, giấm, chanh theo khẩu vị; đun ấm, để nguội, thả đu đủ xanh và cà rốt thái lát ngâm sẵn, tỏi ớt.
5. Thả chả vào bát nước chấm, ăn cùng bún và rau sống.",,https://cookpad.com/vn/cong-thuc/12757369-bun-ch%E1%BA%A3-ha-n%E1%BB%99i,chua_nau_thu
xoi_lac,Xôi lạc,mon_chinh,nong,nang,it,,mua,4,,,,,,https://cookpad.com/vn/cong-thuc/24578546,chua_nau_thu
banh_mi_chao,Bánh mì chảo,mon_chinh,nong,nang,it,,mua,4,,,,,,https://cookpad.com/vn/cong-thuc/16795480,chua_nau_thu
banh_cuon,Bánh cuốn (từ bánh tráng),mon_chinh,mat,nang,it,,nang,4,,,,,,https://cookpad.com/vn/cong-thuc/11599799,chua_nau_thu
xoi_dau_den,Xôi đậu đen,mon_chinh,nong,nang,it,,mua,4,,,,,,https://cookpad.com/vn/cong-thuc/25381905,chua_nau_thu
hu_tieu_kho,Hủ tiếu khô,mon_chinh,am,nang,it,,moi,4,,,,,,https://cookpad.com/vn/cong-thuc/16806678,chua_nau_thu
xoi_man,Xôi mặn,mon_chinh,nong,nang,it,,mua,4,,,,,,https://cookpad.com/vn/cong-thuc/12130506,chua_nau_thu
nui_xao_bo,Nui xào bò,mon_chinh,am,nang,vua,thit_bo,moi,4,,,,,,https://cookpad.com/vn/cong-thuc/16729016,chua_nau_thu
mi_hoanh_thanh,Mì hoành thánh,mon_chinh,nong,nang,it,,mua,4,,,,,,https://cookpad.com/vn/cong-thuc/9099445,chua_nau_thu
com_rang_thap_cam,Cơm rang thập cẩm,mon_chinh,nong,nang,vua,,mua,4,,,,,,https://cookpad.com/vn/cong-thuc/15191884,chua_nau_thu
bun_rieu_cua,Bún riêu cua,mon_chinh,am,nang,it,cua_dong,moi,4,,,,,,https://cookpad.com/vn/cong-thuc/2252943,chua_nau_thu
sup_ga_ngo_ngot,Súp gà ngô ngọt,mon_chinh,nong,nang,it,ga_ta,mua,4,,,,,,https://cookpad.com/vn/cong-thuc/10702363,chua_nau_thu
pho_ga,Phở gà,mon_chinh,nong,nang,it,ga_ta,mua,4,,,,,,https://cookpad.com/vn/cong-thuc/10897919,chua_nau_thu
chao_suon,Cháo sườn,mon_chinh,nong,nang,it,thit_heo,mua,4,,,,,,https://cookpad.com/vn/cong-thuc/15436394,chua_nau_thu
bun_cha_ca_nha_trang,Bún chả cá Nha Trang,mon_chinh,nong,nang,it,,mua,4,,,,,,https://cookpad.com/vn/cong-thuc/7488372,chua_nau_thu
bun_thit_nuong,Bún thịt nướng,mon_chinh,nong,nang,vua,thit_heo,mua,4,,,,,,https://cookpad.com/vn/cong-thuc/12399499,chua_nau_thu
com_tam_suon,Cơm tấm sườn,mon_chinh,am,nang,it,thit_heo,moi,4,,,,,,https://cookpad.com/vn/cong-thuc/6463825,chua_nau_thu
bun_bo_hue,Bún bò Huế (ít cay),mon_chinh,nong,nang,it,thit_bo,mua,4,,,,,,https://cookpad.com/vn/cong-thuc/25364799,chua_nau_thu
chao_ngao,Cháo ngao,mon_chinh,nong,nang,it,,mua,4,,,,,,https://cookpad.com/vn/cong-thuc/9009432,chua_nau_thu
mi_quang_ga,Mì Quảng gà,mon_chinh,nong,nang,it,ga_ta,mua,4,,,,,,https://cookpad.com/vn/cong-thuc/26648644,chua_nau_thu
banh_mi_op_la,Bánh mì ốp la,mon_chinh,nong,nang,it,,mua,4,,,,,,https://cookpad.com/vn/cong-thuc/12062881-banh-mi-%E1%BB%91p-la,chua_nau_thu
chao_trung_thit_bam,Cháo trứng thịt băm,mon_chinh,nong,nang,it,trung,mua,4,,,,,,https://cookpad.com/vn/cong-thuc/16320827,chua_nau_thu
bun_moc,Bún mọc,mon_chinh,am,nang,it,,moi,4,,,,,,https://cookpad.com/vn/cong-thuc/17183339,chua_nau_thu
com_chien_trung,Cơm chiên trứng,mon_chinh,nong,nang,nhieu,trung,mua,4,,,,,,https://cookpad.com/vn/cong-thuc/16146975,chua_nau_thu
mien_ga,Miến gà,mon_chinh,nong,nang,it,ga_ta,mua,4,,,,,,https://cookpad.com/vn/cong-thuc/14221863,chua_nau_thu
chao_ca_thu,Cháo cá thu,mon_chinh,nong,nang,it,ca_thu,mua,4,,,,,,https://cookpad.com/vn/cong-thuc/12425029-chao-ca-thu,chua_nau_thu
chao_tom_hum_binh_ba,Cháo tôm hùm Bình Ba (dịp đặc biệt),mon_chinh,nong,nang,it,tom_hum,mua,4,,,,,,https://cookpad.com/vn/cong-thuc/15137842-chao-tom-hum,chua_nau_thu
lau_nam_thap_cam,Lẩu nấm thập cẩm,lau,nong,nang,it,nam,mua,4,,,,,,https://cookpad.com/vn/cong-thuc/26573034,chua_nau_thu
lau_hai_san,Lẩu hải sản,lau,nong,nang,it,,mua,4,,,,,,https://cookpad.com/vn/cong-thuc/10819832,chua_nau_thu
bo_nhung_giam,Bò nhúng giấm,lau,am,nang,it,thit_bo,moi,4,,,,,,https://cookpad.com/vn/cong-thuc/25179303,chua_nau_thu
lau_rieu_cua,Lẩu riêu cua,lau,nong,nang,it,cua_dong,mua,4,,,,,,https://cookpad.com/vn/cong-thuc/17195165,chua_nau_thu
lau_muc,Lẩu mực (Phan Rang),lau,nong,nang,vua,muc_tuoi,mua,4,,,,,,https://cookpad.com/vn/cong-thuc/2968284-l%E1%BA%A9u-m%E1%BB%B1c,chua_nau_thu
che_bap,Chè bắp nước cốt dừa,trang_mieng,am,nhe,it,ngo,moi,4,45,de,"Chè bắp nếp dẻo, bột năng sánh, rưới nước cốt dừa – ăn nóng ngày mưa hoặc ăn lạnh ngày nắng.","1. Bắp nếp tách hạt (dùng dao lạng sát lõi), lõi bắp đem nấu với khoảng 1,2 lít nước 15 phút cho ngọt rồi vớt bỏ.
2. Cho hạt bắp vào nồi nước lõi bắp, nấu 10 phút đến khi chín mềm.
3. Thêm đường, lá dứa; hoà bột năng với ít nước, đổ từ từ vào, khuấy đến khi chè sánh trong.
4. Nấu nước cốt dừa với chút muối, đường và ít bột năng cho sánh.
5. Múc chè ra chén, rưới nước cốt dừa, rắc mè rang.",96,https://cookpad.com/vn/cong-thuc/15125923,chua_nau_thu
che_dau_xanh_bot_bang,Chè đậu xanh bột báng,trang_mieng,mat,nhe,it,,nang,4,,,,,,https://cookpad.com/vn/cong-thuc/2214716,chua_nau_thu
banh_flan,Bánh flan,trang_mieng,am,nhe,it,,moi,4,,,,,,https://cookpad.com/vn/cong-thuc/4928382,chua_nau_thu
rau_cau_dua,Rau câu dừa,trang_mieng,mat,nhe,it,,nang,4,,,,,,https://cookpad.com/vn/cong-thuc/9640692,chua_nau_thu
che_troi_nuoc,Chè trôi nước,trang_mieng,mat,nhe,it,,nang,4,,,,,,https://cookpad.com/vn/cong-thuc/9152377,chua_nau_thu
che_hat_sen_duong_phen,Chè hạt sen đường phèn,trang_mieng,mat,nhe,it,,nang,4,,,,,,https://cookpad.com/vn/cong-thuc/5439299,chua_nau_thu
sua_chua_nha_lam,Sữa chua nhà làm,trang_mieng,mat,nhe,it,,nang,4,,,,,,https://cookpad.com/vn/cong-thuc/16376217,chua_nau_thu
che_buoi,Chè bưởi,trang_mieng,mat,nhe,it,,nang,4,,,,,,https://cookpad.com/vn/cong-thuc/6100180,chua_nau_thu
che_bo,Chè bơ,trang_mieng,mat,nhe,it,bo_booth|bo_sap,nang,4,,,,,,https://cookpad.com/vn/cong-thuc/5735046,chua_nau_thu
thach_rau_cau_bo,Thạch rau câu bơ,trang_mieng,mat,nhe,it,bo_booth|bo_sap,nang,4,,,,,,https://cookpad.com/vn/cong-thuc/13941497,chua_nau_thu
trai_cay_lac,Trái cây lắc,trang_mieng,am,nhe,it,,moi,4,,,,,,https://cookpad.com/vn/cong-thuc/24618506,chua_nau_thu
che_dau_do,Chè đậu đỏ,trang_mieng,mat,nhe,it,,nang,4,,,,,,https://cookpad.com/vn/cong-thuc/25207225,chua_nau_thu
che_xoai,Chè xoài,trang_mieng,mat,nhe,it,xoai_uc,nang,4,,,,,,https://cookpad.com/vn/cong-thuc/22595809-che-xoai,chua_nau_thu
thach_nho_ninh_thuan,Thạch nho Ninh Thuận,trang_mieng,mat,nhe,it,nho_nt,nang,4,,,,,,https://cookpad.com/vn/cong-thuc/14533744,chua_nau_thu
sua_chua_nep_cam,Sữa chua nếp cẩm,trang_mieng,mat,nhe,it,,nang,4,,,,,,https://cookpad.com/vn/cong-thuc/17098815,chua_nau_thu
hong_gion_tron_sua_chua,Hồng giòn trộn sữa chua,trang_mieng,mat,nhe,it,hong_gion,nang,4,,,,,,https://cookpad.com/vn/cong-thuc/14678993,chua_nau_thu
nuoc_bi_dao,Nước bí đao,do_uong,mat,nhe,it,bi_dao,nang,2,60,de,"Bí đao nấu với đường phèn và lá dứa, uống lạnh – giải nhiệt ngày nắng gắt.","1. Bí đao rửa sạch, để cả vỏ (cho nước có màu đẹp), bỏ ruột, cắt miếng.
2. Nấu bí với khoảng 1 lít nước và lá dứa, lửa nhỏ 30–40 phút đến khi bí mềm nhừ.
3. Cho đường phèn vào khuấy tan, nếm vừa ngọt.
4. Lọc lấy nước (có thể xay bí rồi lọc cho đậm), để nguội, cho vào tủ lạnh. Uống với đá.",32,https://cookpad.com/vn/cong-thuc/12194918-n%E1%BB%9Bc-sam-bi-dao,chua_nau_thu
sua_ngo,Sữa ngô,do_uong,mat,nhe,it,ngo,nang,2,,,,,,https://cookpad.com/vn/cong-thuc/15374631,chua_nau_thu
nuoc_nha_dam_la_dua,Nước nha đam lá dứa,do_uong,mat,nhe,it,,nang,2,,,,,,https://cookpad.com/vn/cong-thuc/2966268,chua_nau_thu
tra_chanh_day,Trà chanh dây,do_uong,mat,nhe,it,,nang,2,,,,,,https://cookpad.com/vn/cong-thuc/15565377,chua_nau_thu
sinh_to_thanh_long_chuoi,Sinh tố thanh long chuối,do_uong,mat,nhe,it,thanh_long,nang,2,,,,,,https://cookpad.com/vn/cong-thuc/12262428,chua_nau_thu
sua_dau_xanh,Sữa đậu xanh,do_uong,mat,nhe,it,,nang,2,,,,,,https://cookpad.com/vn/cong-thuc/24541869,chua_nau_thu
nuoc_ep_ca_rot_tao,Nước ép cà rốt táo,do_uong,mat,nhe,it,,nang,2,,,,,,https://cookpad.com/vn/cong-thuc/14656301,chua_nau_thu
suong_sao,Sương sáo,do_uong,mat,nhe,it,,nang,2,,,,,,https://cookpad.com/vn/cong-thuc/4997091,chua_nau_thu
tra_dao_cam_sa,Trà đào cam sả,do_uong,mat,nhe,it,,nang,2,,,,,,https://cookpad.com/vn/cong-thuc/15448613,chua_nau_thu
nuoc_chanh_muoi,Nước chanh muối,do_uong,mat,nhe,it,,nang,2,,,,,,https://cookpad.com/vn/cong-thuc/10523004,chua_nau_thu
nuoc_rau_ma,Nước rau má,do_uong,mat,nhe,it,,nang,2,,,,,,https://cookpad.com/vn/cong-thuc/7927145,chua_nau_thu
sinh_to_xoai,Sinh tố xoài,do_uong,mat,nhe,it,xoai_uc,nang,2,,,,,,https://cookpad.com/vn/cong-thuc/6538893,chua_nau_thu
nuoc_ep_dua_hau,Nước ép dưa hấu,do_uong,mat,nhe,it,dua_hau,nang,2,,,,,,https://cookpad.com/vn/cong-thuc/24703752,chua_nau_thu
nuoc_mia_lau_re_tranh,Nước mía lau rễ tranh,do_uong,mat,nhe,it,,nang,2,,,,,,https://cookpad.com/vn/cong-thuc/13192528,chua_nau_thu
ngo_nuong_mo_hanh,Ngô nướng mỡ hành,an_vat,am,nhe,vua,ngo,mua,4,30,de,"Bắp nếp nướng than, phết mỡ hành – món ăn vặt chiều mưa.","1. Bắp lột vỏ, chừa vài lớp vỏ non nếu muốn giữ ẩm, rửa sạch; có thể luộc sơ 10 phút cho nhanh chín.
2. Làm mỡ hành: phi dầu nóng rồi rưới vào hành lá thái nhỏ, thêm chút muối, đường.
3. Nướng bắp trên than hoặc trong lò 200°C, trở đều đến khi hạt vàng xém (15–20 phút).
4. Phết mỡ hành lên bắp, nướng thêm 1–2 phút cho thơm. Ăn nóng.",45,https://cookpad.com/vn/cong-thuc/6050015,chua_nau_thu
khoai_lang_chien,Khoai lang chiên giòn,an_vat,am,nhe,nhieu,khoai_lang,mua,4,30,de,Khoai lang thái que tẩm bột chiên giòn – món ăn vặt chiều mưa.,"1. Khoai lang gọt vỏ, thái que dài, ngâm nước muối loãng 15 phút rồi để thật ráo.
2. Trộn bột chiên giòn, bột năng, chút đường, muối với nước lạnh thành bột hơi sệt.
3. Nhúng khoai vào bột (hoặc lăn bột khô cho vỏ mỏng hơn).
4. Chiên ngập dầu lửa vừa đến khi vàng giòn, vớt ra giấy thấm dầu. Ăn nóng.",155,https://cookpad.com/vn/cong-thuc/563082,chua_nau_thu
thit_heo_gia_bo_kho,Thịt heo giả bò khô,an_vat,am,nhe,it,thit_bo,moi,4,,,,,,https://cookpad.com/vn/cong-thuc/1929687,chua_nau_thu
muc_rim_me,Mực rim me,an_vat,nong,nang,vua,muc_tuoi,mua,4,,,,,,https://cookpad.com/vn/cong-thuc/16660701,chua_nau_thu
dua_gop_su_hao,Dưa góp su hào cà rốt củ cải,goi,mat,nhe,it,su_hao|cu_cai,nang,4,30,de,"Su hào, cà rốt, củ cải thái lát bóp muối, ngâm giấm đường – ăn kèm thịt kho, món chiên cho đỡ ngán.","1. Su hào, củ cải, cà rốt gọt vỏ, thái lát mỏng hoặc thái sợi.
2. Bóp rau củ với 1 thìa muối, để 20 phút cho ra nước, rửa lại, vắt thật khô.
3. Đun giấm, đường, nước lọc đến khi đường tan, để nguội.
4. Trộn rau củ với tỏi, ớt thái lát, đổ nước giấm đường, trộn đều.
5. Để ngăn mát ít nhất 1 tiếng; ăn được trong 3–4 ngày.",,https://cookpad.com/vn/cong-thuc/16015119,chua_nau_thu
do_chua_ca_rot_cu_cai,Đồ chua cà rốt củ cải,goi,am,nhe,it,cu_cai,moi,4,,,,,,https://cookpad.com/vn/cong-thuc/16228596,chua_nau_thu
ca_phao_muoi_xoi,Cà pháo muối xổi,goi,am,nhe,it,,moi,4,,,,,,https://cookpad.com/vn/cong-thuc/14426801,chua_nau_thu
dua_cai_muoi_chua,Dưa cải muối chua,goi,mat,nhe,it,,nang,4,,,,,,https://cookpad.com/vn/cong-thuc/16691531,chua_nau_thu
