ma_mon,vai_mam,nhom_dam,cach_nau,hop_tre_em,nguon_loai
dau_hu_non_sot_thit_bam,man,heo,kho_om,co,cookpad_top
thit_bam_rang_man_ngot,man,heo,kho_om,co,cookpad_top
ba_chi_rang_chay_canh,man,heo,kho_om,co,cookpad_top
thit_ba_chi_rim_man_ngot,man,heo,kho_om,co,cookpad_top
ca_tim_om_thit_bam,man,heo,kho_om,co,cookpad_top
khoai_tay_xao_thit_bam,man,heo,xao,co,cookpad_top
cha_gio_re,man,heo,chien,co,cookpad_top
thit_heo_mot_nang_chien,man,heo,chien,co,cookpad_top
suon_xao_chua_ngot,man,heo,xao,co,cookpad_top
suon_non_kho_thom,man,heo,kho_om,co,cookpad_top
thit_ba_chi_sot_ca_chua,man,heo,kho_om,co,cookpad_top
thit_dong,man,heo,,co,cookpad_top
thit_kho_trung,man,heo,kho_om,co,lo1
thit_kho_cu_cai,man,heo,kho_om,co,lo1
nem_ran_ha_noi,man,heo,chien,co,lo1
ca_bung,man,heo,,co,lo1
nem_nuong,man,heo,nuong,co,dang_co
thit_luoc_cham_mam_dua_leo,man,heo,luoc_hap,co,cookpad_tu_chon
thit_vien_sot_ca_chua,man,heo,kho_om,co,cookpad_tu_chon
suon_ram_man_ngot,man,heo,kho_om,co,cookpad_tu_chon
cha_la_lot,man,heo,,co,cookpad_tu_chon
thit_heo_kho_tieu,man,heo,kho_om,co,cookpad_tu_chon
ca_loc_kho_to,man,ca,kho_om,co,cookpad_top
ca_kho_rieng,man,ca,kho_om,co,cookpad_top
ca_hoi_sot_ca_chua,man,ca,kho_om,co,cookpad_top
ca_dieu_hong_hap_nam_kim_cham,man,ca,luoc_hap,co,cookpad_top
ca_chim_hap_xi_dau,man,ca,luoc_hap,co,cookpad_top
ca_bac_ma_kho_thom,man,ca,kho_om,co,cookpad_top
ca_thu_nuong_muoi_tieu,man,ca,nuong,co,cookpad_top
cha_ca_sot_ca_chua,man,ca,kho_om,co,cookpad_top
kho_ca_chi_vang_rim_chua_ngot,man,ca,kho_om,co,cookpad_top
goi_ca_mai,man,ca,tron_cuon,co,dang_co
ca_com_rim,man,ca,kho_om,co,dang_co
ca_nuc_hap_cuon,man,ca,luoc_hap,co,dang_co
ca_ngu_kho_thom,man,ca,kho_om,co,dang_co
ca_thu_sot_ca_chua,man,ca,kho_om,co,cookpad_tu_chon
ca_ngu_kho_tieu,man,ca,kho_om,co,cookpad_tu_chon
ca_nuc_kho_ca_chua,man,ca,kho_om,co,cookpad_tu_chon
cha_ca_thu_chien,man,ca,chien,co,cookpad_tu_chon
ca_com_kho_rim_dau_phong,man,ca,kho_om,co,cookpad_tu_chon
ca_thu_chien_sa,man,ca,chien,co,cookpad_tu_chon
dau_hap_tom_thit_sot_chua_ngot,man,hai_san,kho_om,co,cookpad_top
muc_xao_dua,man,hai_san,xao,co,cookpad_top
tom_thit_rim_man_ngot,man,hai_san,kho_om,co,cookpad_top
sua_tron_mam_nhi,man,hai_san,tron_cuon,can_nhac,cookpad_top
ngheu_hap_sa,man,hai_san,luoc_hap,co,cookpad_top
muc_hap_hanh_gung,man,hai_san,luoc_hap,co,cookpad_top
oc_huong_luoc,man,hai_san,luoc_hap,co,cookpad_top
tom_rang_muoi,man,hai_san,kho_om,co,cookpad_top
cha_muc,man,hai_san,,co,cookpad_top
muc_mot_nang_nuong,man,hai_san,nuong,co,dang_co
goi_cuon,man,hai_san,tron_cuon,co,lo4
tom_hap_nuoc_dua,man,hai_san,luoc_hap,co,cookpad_tu_chon
ghe_hap_gung_sa,man,hai_san,luoc_hap,co,cookpad_tu_chon
so_diep_nuong_mo_hanh,man,hai_san,nuong,co,cookpad_tu_chon
muc_ong_nhoi_thit_sot_ca,man,hai_san,kho_om,co,cookpad_tu_chon
cua_rang_me,man,hai_san,kho_om,can_nhac,cookpad_tu_chon
nom_ga_rau_thom,man,ga,tron_cuon,co,cookpad_top
canh_ga_nuong_sa,man,ga,nuong,co,cookpad_top
thit_ga_sot_chua_ngot,man,ga,kho_om,co,cookpad_top
vit_chay_toi,man,ga,,co,cookpad_top
ga_xao_ngo,man,ga,xao,co,cookpad_top
canh_ga_chien_nuoc_mam,man,ga,chien,co,cookpad_top
vit_nau_thom,man,ga,nau,co,cookpad_top
cha_uc_ga_nam_huong,man,ga,,co,cookpad_top
dui_ga_rut_xuong_ap_chao,man,ga,xao,co,cookpad_top
ga_luoc_la_chanh,man,ga,luoc_hap,co,lo1
ga_kho_gung,man,ga,kho_om,co,cookpad_tu_chon
ga_om_nam,man,ga,kho_om,co,cookpad_tu_chon
ca_ri_ga,man,ga,,co,cookpad_tu_chon
vit_luoc_cham_mam_gung,man,ga,luoc_hap,co,cookpad_tu_chon
bo_xao_luc_lac,man,bo,kho_om,co,cookpad_top
bo_kho,man,bo,kho_om,co,cookpad_top
bap_bo_ngam_chua_ngot,man,bo,tron_cuon,co,cookpad_top
bap_bo_hap_sa_gung,man,bo,luoc_hap,co,cookpad_top
bo_xao_mang_tay,man,bo,xao,co,cookpad_top
bo_sot_vang,man,bo,kho_om,co,lo1
bo_xao_can_toi,man,bo,xao,co,lo1
bo_cuon_la_lot,man,bo,tron_cuon,co,lo1
khoai_tay_xao_bo,man,bo,xao,co,lo1
bo_xao_hanh_tay,man,bo,xao,co,cookpad_tu_chon
bo_vien_sot_ca_chua,man,bo,kho_om,co,cookpad_tu_chon
trung_chien_nuoc_mam,man,trung_dau,chien,co,cookpad_top
trung_chung_ca_chua,man,trung_dau,,co,cookpad_top
dau_hu_nhoi_thit_sot_ca_chua,man,trung_dau,kho_om,co,cookpad_top
dau_hu_trung_sot_nam,man,trung_dau,kho_om,co,cookpad_top
nam_rom_kho_dau_hu,man,trung_dau,kho_om,co,cookpad_top
trung_cut_rim_nuoc_mam,man,trung_dau,kho_om,co,cookpad_top
dau_phu_sot_ca_chua,man,trung_dau,kho_om,co,lo1
trung_duc_thit,man,trung_dau,,co,lo1
trung_ran_hanh,man,trung_dau,chien,co,lo1
trung_hap_van,man,trung_dau,luoc_hap,co,lo1
dau_phu_ran_cham_mam_hanh,man,trung_dau,chien,co,cookpad_tu_chon
de_nuong,man,khac,nuong,can_nhac,dang_co
de_xao_lan,man,khac,xao,can_nhac,dang_co
ech_om_chuoi_dau,man,khac,kho_om,co,lo1
ech_xao_sa_ot,man,khac,xao,can_nhac,lo1
ech_chien_gion,man,khac,chien,co,lo1
cuu_nuong,man,khac,nuong,co,cookpad_tim_kiem
goi_rong_sun,rau,,tron_cuon,co,dang_co
goi_tao_xanh,rau,,tron_cuon,co,dang_co
sup_lo_xao_nam,rau,,xao,co,dang_co
su_su_xao_trung,rau,trung_dau,xao,co,dang_co
mang_tay_xao_tom,rau,hai_san,xao,co,dang_co
rau_muong_xao_bo,rau,bo,xao,co,lo1
sup_lo_trang_xao_bo,rau,bo,xao,co,lo1
su_hao_xao_bo,rau,bo,xao,co,lo1
rau_muong_luoc,rau,,luoc_hap,co,lo1
rau_muong_xao_toi,rau,,xao,co,lo1
nom_rau_muong_tai_heo,rau,heo,tron_cuon,can_nhac,lo1
dau_bap_luoc,rau,,kho_om,co,lo1
dau_bap_xao_toi,rau,,xao,co,lo1
bi_do_xao_toi,rau,,xao,co,lo1
dau_co_ve_xao_thit,rau,heo,xao,co,lo1
kho_qua_xao_trung,rau,trung_dau,xao,co,cookpad_top
bap_cai_xao_trung,rau,trung_dau,xao,co,cookpad_top
bap_cai_xao_toi,rau,,xao,co,cookpad_top
dau_co_ve_xao_toi,rau,,xao,co,cookpad_top
su_hao_xao_ca_rot_nam_meo,rau,,xao,co,cookpad_top
goi_buoi,rau,,tron_cuon,co,cookpad_top
dua_leo_tron,rau,,tron_cuon,co,cookpad_top
mang_tay_xao_toi,rau,,xao,co,cookpad_top
dot_su_su_xao_toi,rau,,xao,co,cookpad_top
rau_bi_xao_toi,rau,,xao,co,cookpad_top
cai_chip_xao,rau,,xao,co,cookpad_top
muop_xao,rau,,xao,co,cookpad_top
bau_xao_nam_bao_ngu,rau,,xao,co,cookpad_top
goi_du_du_tom_thit,rau,hai_san,tron_cuon,co,cookpad_top
goi_xoai_tom_kho,rau,hai_san,tron_cuon,co,cookpad_top
ca_tim_nuong_mo_hanh,rau,,nuong,co,cookpad_top
dau_ha_lan_xao_tau_hu_ky_nam_meo,rau,trung_dau,xao,co,cookpad_top
rau_lang_luoc_cham_kho_quet,rau,,kho_om,co,cookpad_tu_chon
cai_ngot_xao_toi,rau,,xao,co,cookpad_tu_chon
rau_den_luoc,rau,,luoc_hap,co,cookpad_tu_chon
cai_thao_xao_nam,rau,,xao,co,cookpad_tu_chon
gia_xao_he,rau,,xao,co,cookpad_tim_kiem
bap_cai_luoc_cham_trung_dam_nuoc_mam,rau,trung_dau,luoc_hap,co,cookpad_tu_chon
dau_que_luoc_cham_muoi_me,rau,,luoc_hap,co,cookpad_tu_chon
nom_dua_chuot_ca_rot,rau,,tron_cuon,co,cookpad_tu_chon
xa_lach_tron_dau_giam,rau,,tron_cuon,co,cookpad_tim_kiem
mong_toi_xao_toi,rau,,xao,co,cookpad_tu_chon
cai_ngong_luoc,rau,,luoc_hap,co,cookpad_tu_chon
ngo_xao_tom_kho,rau,hai_san,xao,co,cookpad_tu_chon
su_su_luoc_cham_muoi_vung,rau,,luoc_hap,co,cookpad_tu_chon
mang_tay_luoc_cham_xi_dau_trung,rau,,luoc_hap,co,cookpad_tim_kiem
canh_chua_ca_nuc,canh,ca,nau,co,dang_co
canh_bap_cai_cuon,canh,heo,nau,co,dang_co
canh_atiso_gio_heo,canh,heo,nau,co,dang_co
canh_suon_khoai_ca_rot,canh,heo,nau,co,dang_co
canh_cua_rau_day,canh,hai_san,nau,co,lo1
canh_rau_ngot_thit_bam,canh,heo,nau,co,lo1
canh_muop_mong_toi,canh,hai_san,nau,co,lo1
canh_trung_ca_chua,canh,trung_dau,nau,co,lo1
canh_khoai_so_suon,canh,heo,nau,co,lo1
canh_cu_cai_xuong,canh,heo,nau,co,lo1
canh_bi_dao_tom,canh,hai_san,nau,co,lo1
canh_bi_do_thit_bam,canh,heo,nau,co,lo1
canh_bau_tom,canh,hai_san,nau,co,lo1
canh_ga_rau_cu,canh,ga,nau,co,lo4
canh_moc_nam_huong,canh,heo,nau,co,cookpad_top
canh_kho_qua_nhoi_thit,canh,heo,nau,co,cookpad_top
canh_rong_bien_thit_bam,canh,heo,nau,co,cookpad_top
canh_cai_cuc_thit_bam,canh,heo,nau,co,cookpad_top
canh_suon_nau_ngo,canh,heo,nau,co,cookpad_top
canh_su_hao_nau_suon,canh,heo,nau,co,cookpad_top
canh_ca_ngu_nau_ca_thom,canh,ca,nau,co,cookpad_top
canh_ca_nau_ngot,canh,ca,nau,co,cookpad_top
canh_chua_tom,canh,hai_san,nau,co,cookpad_top
canh_ngheu_nau_rau_ngot,canh,hai_san,nau,co,cookpad_top
canh_cai_xanh_nau_tom,canh,hai_san,nau,co,cookpad_top
canh_bo_ham_khoai_tay_ca_rot,canh,bo,nau,co,cookpad_top
canh_dau_hu_he_nam_rom,canh,trung_dau,nau,co,cookpad_top
canh_ga_nau_bi_do,canh,ga,nau,co,cookpad_top
canh_dau_phu_ca_chua,canh,trung_dau,nau,co,cookpad_tim_kiem
canh_rau_den_nau_tom,canh,hai_san,nau,co,cookpad_tu_chon
canh_rau_lang,canh,,nau,co,cookpad_tu_chon
canh_rong_bien_dau_hu,canh,trung_dau,nau,co,cookpad_tu_chon
canh_su_su_ca_rot_thit_bam,canh,heo,nau,co,cookpad_tu_chon
canh_ngao_nau_chua,canh,hai_san,nau,co,cookpad_tu_chon
canh_khoai_mo_nau_tom,canh,hai_san,nau,co,cookpad_tu_chon
canh_khoai_tay_thit_bam,canh,heo,nau,co,cookpad_tu_chon
canh_muc_nau_chua,canh,hai_san,nau,co,cookpad_tu_chon
canh_cai_thao_dau_hu_nam,canh,trung_dau,nau,co,cookpad_tim_kiem
canh_dua_chua_nau_suon,canh,heo,nau,co,cookpad_tu_chon
canh_ga_nau_nam,canh,ga,nau,co,cookpad_tu_chon
canh_ca_thu_nau_chua,canh,ca,nau,co,cookpad_tu_chon
canh_cai_be_xanh_thit_bam,canh,heo,nau,co,cookpad_tu_chon
canh_tom_nau_thom,canh,hai_san,nau,co,cookpad_tim_kiem
com_ga_pr,mot_to,ga,kho_om,co,dang_co
bun_sua,mot_to,hai_san,,co,dang_co
banh_hoi_long_heo,mot_to,heo,,can_nhac,dang_co
chao_ga,mot_to,ga,nau,co,dang_co
pho_bo_tai_chin,mot_to,bo,tron_cuon,co,lo1
bun_bo_nam_bo,mot_to,bo,tron_cuon,co,lo1
chao_ech,mot_to,khac,nau,co,lo1
bun_cha_ha_noi,mot_to,heo,,co,lo1
xoi_lac,mot_to,,,co,cookpad_top
banh_mi_chao,mot_to,trung_dau,,co,cookpad_top
banh_cuon,mot_to,heo,tron_cuon,co,cookpad_top
xoi_dau_den,mot_to,,,co,cookpad_top
hu_tieu_kho,mot_to,heo,,co,cookpad_top
xoi_man,mot_to,heo,,co,cookpad_top
nui_xao_bo,mot_to,bo,xao,co,cookpad_top
mi_hoanh_thanh,mot_to,heo,,co,cookpad_top
com_rang_thap_cam,mot_to,,kho_om,co,cookpad_top
bun_rieu_cua,mot_to,hai_san,,co,cookpad_top
sup_ga_ngo_ngot,mot_to,ga,nau,co,cookpad_top
pho_ga,mot_to,ga,,co,cookpad_top
chao_suon,mot_to,heo,nau,co,cookpad_top
bun_cha_ca_nha_trang,mot_to,ca,,co,cookpad_top
bun_thit_nuong,mot_to,heo,nuong,co,cookpad_top
com_tam_suon,mot_to,heo,,co,cookpad_top
bun_bo_hue,mot_to,bo,,co,cookpad_top
chao_ngao,mot_to,hai_san,nau,co,cookpad_top
mi_quang_ga,mot_to,ga,,co,cookpad_top
banh_mi_op_la,mot_to,trung_dau,,co,cookpad_tu_chon
chao_trung_thit_bam,mot_to,heo,nau,co,cookpad_tu_chon
bun_moc,mot_to,heo,,co,cookpad_tu_chon
com_chien_trung,mot_to,trung_dau,chien,co,cookpad_tu_chon
mien_ga,mot_to,ga,,co,cookpad_tu_chon
chao_ca_thu,mot_to,ca,nau,co,cookpad_tu_chon
chao_tom_hum_binh_ba,mot_to,hai_san,nau,co,cookpad_tu_chon
lau_de,lau,khac,nau,can_nhac,dang_co
lau_ga_la_e,lau,ga,nau,co,dang_co
lau_nam_thap_cam,lau,,nau,co,cookpad_top
lau_hai_san,lau,hai_san,nau,co,cookpad_top
bo_nhung_giam,lau,bo,,co,cookpad_top
lau_rieu_cua,lau,hai_san,nau,co,cookpad_top
lau_muc,lau,hai_san,kho_om,co,cookpad_tu_chon
sua_chua_dau_tay,trang_mieng,,,co,dang_co
che_bap,trang_mieng,,,co,lo1
che_dau_xanh_bot_bang,trang_mieng,,,co,cookpad_top
banh_flan,trang_mieng,,,co,cookpad_top
rau_cau_dua,trang_mieng,,,co,cookpad_top
che_troi_nuoc,trang_mieng,,,co,cookpad_top
che_hat_sen_duong_phen,trang_mieng,,,co,cookpad_top
sua_chua_nha_lam,trang_mieng,,,co,cookpad_top
che_buoi,trang_mieng,,,co,cookpad_top
che_bo,trang_mieng,,,co,cookpad_top
thach_rau_cau_bo,trang_mieng,,,co,cookpad_top
trai_cay_lac,trang_mieng,,,co,cookpad_top
che_dau_do,trang_mieng,,,co,cookpad_tu_chon
che_xoai,trang_mieng,,,co,cookpad_tu_chon
thach_nho_ninh_thuan,trang_mieng,,,co,cookpad_tu_chon
sua_chua_nep_cam,trang_mieng,,,co,cookpad_tu_chon
hong_gion_tron_sua_chua,trang_mieng,,tron_cuon,co,cookpad_tu_chon
sinh_to_bo,do_uong,,,co,dang_co
nuoc_ep_nho,do_uong,,,co,dang_co
nuoc_bi_dao,do_uong,,,co,lo1
sua_ngo,do_uong,,,co,cookpad_top
nuoc_nha_dam_la_dua,do_uong,,,co,cookpad_top
tra_chanh_day,do_uong,,,co,cookpad_top
sinh_to_thanh_long_chuoi,do_uong,,,co,cookpad_top
sua_dau_xanh,do_uong,,,co,cookpad_top
nuoc_ep_ca_rot_tao,do_uong,,,co,cookpad_top
suong_sao,do_uong,,,co,cookpad_top
tra_dao_cam_sa,do_uong,,,co,cookpad_top
nuoc_chanh_muoi,do_uong,,,co,cookpad_tu_chon
nuoc_rau_ma,do_uong,,,co,cookpad_tu_chon
sinh_to_xoai,do_uong,,,co,cookpad_tu_chon
nuoc_ep_dua_hau,do_uong,,,co,cookpad_tu_chon
nuoc_mia_lau_re_tranh,do_uong,,,co,cookpad_tu_chon
ngo_nuong_mo_hanh,an_vat,,nuong,co,lo1
khoai_lang_chien,an_vat,,chien,co,lo1
thit_heo_gia_bo_kho,an_vat,heo,,co,cookpad_top
muc_rim_me,an_vat,hai_san,kho_om,co,cookpad_tu_chon
dua_gop_su_hao,dua_kem,,,co,lo1
do_chua_ca_rot_cu_cai,dua_kem,,,co,cookpad_top
ca_phao_muoi_xoi,dua_kem,,,co,cookpad_top
dua_cai_muoi_chua,dua_kem,,,co,cookpad_tu_chon
luon_xao_sa_ot,man,khac,xao,can_nhac,lo2
mien_luon,mot_to,khac,,co,lo2
luon_om_chuoi_dau,man,khac,kho_om,co,lo2
oc_nau_chuoi_dau,man,hai_san,nau,co,lo2
nom_hoa_chuoi,rau,heo,tron_cuon,co,lo2
che_chuoi,trang_mieng,,,co,lo2
lau_thai,lau,hai_san,nau,can_nhac,lo2
tom_rang_chay_canh,man,hai_san,kho_om,co,lo2
ca_ro_phi_ran,man,ca,chien,co,lo2
ca_bac_ma_kho_tieu,man,ca,kho_om,co,lo2
long_heo_luoc,man,heo,luoc_hap,can_nhac,lo2
long_heo_xao_dua_cai,man,heo,xao,can_nhac,lo2
luoi_heo_luoc,man,heo,luoc_hap,co,lo2
long_ga_xao_gia_dua,man,ga,xao,can_nhac,lo2
com_ga_hoi_an,mot_to,ga,,co,lo2
su_su_xao_thit_bo,rau,bo,xao,co,lo2
ech_xao_mang_cay,man,khac,xao,can_nhac,lo2
canh_bo_kim_chi,canh,bo,nau,can_nhac,lo2
nem_nam_dui_ga,man,khac,chien,co,lo2
nam_dui_ga_xao_toi,rau,,xao,co,lo2
bi_ngo_non_xao_toi,rau,,xao,co,lo2
kho_qua_nhoi_thit_hap,man,heo,luoc_hap,co,lo2
ca_dieu_hong_sot_ca_chua,man,ca,kho_om,co,lo2
canh_chua_ca_dieu_hong,canh,ca,nau,co,lo2
ca_dieu_hong_om_dua,man,ca,kho_om,co,lo2
ca_dieu_hong_nuong_giay_bac,man,ca,nuong,co,lo2
nam_kho_tieu,man,heo,kho_om,co,lo2
nam_rom_xao_thit_bo,rau,bo,xao,co,lo2
nam_bao_ngu_xao_hanh_tay,rau,,xao,co,lo2
canh_nam_kim_cham_thit_bam,canh,heo,nau,co,lo2
nam_huong_nhoi_thit_hap,man,heo,luoc_hap,co,lo2
ga_rang_gung,man,ga,kho_om,co,lo3
ga_rang_muoi,man,ga,kho_om,co,lo3
ga_xao_sa_ot,man,ga,xao,can_nhac,lo3
ga_kho_sa,man,ga,kho_om,co,lo3
ngan_xao_sa_ot,man,ga,xao,can_nhac,lo3
vit_om_sau,man,ga,kho_om,co,lo3
vit_kho_gung,man,ga,kho_om,co,lo3
canh_ga_tan_hat_sen,canh,ga,nau,co,lo3
ga_tiem_thuoc_bac,canh,ga,,co,lo3
me_ga_xao_dua_chua,man,ga,xao,co,lo3
chim_cut_ro_ti,man,ga,,co,lo3
bo_xao_kho_qua,man,bo,xao,co,lo3
bo_xao_thien_ly,man,bo,xao,co,lo3
bo_bit_tet,man,bo,,co,lo3
bo_xao_ot_chuong,man,bo,xao,co,lo3
bo_ham_tieu_xanh,man,bo,nau,co,lo3
bo_tai_chanh,man,bo,tron_cuon,can_nhac,lo3
canh_bo_nau_chua,canh,bo,nau,co,lo3
bo_xao_dua_chua,man,bo,xao,co,lo3
bo_ham_dua_chua,man,bo,nau,co,lo3
thit_chung_mam_tep,man,heo,,co,lo3
ruoc_thit_heo,man,heo,,co,lo3
gan_heo_xao_hanh,man,heo,xao,co,lo3
tim_cat_xao_can_toi,man,heo,xao,co,lo3
suon_nuong_mat_ong,man,heo,nuong,co,lo3
thit_quay_gion_bi,man,heo,nuong,co,lo3
gia_cay_chan_gio,man,heo,kho_om,co,lo3
mong_gio_ham_mang,man,heo,nau,co,lo3
xiu_mai_sot_ca,man,heo,kho_om,co,lo3
thit_kho_dua_cai,man,heo,kho_om,co,lo3
tau_hu_ky_cuon_thit,man,heo,,co,lo3
ba_chi_xao_kim_chi,man,heo,xao,can_nhac,lo3
canh_kim_chi_thit_dau_phu,canh,heo,nau,can_nhac,lo3
ca_liet_chien_gion,man,ca,chien,co,lo3
ca_ho_chien_sa,man,ca,chien,co,lo3
ca_chuon_kho_man,man,ca,kho_om,co,lo3
ca_trich_chien_gion,man,ca,chien,co,lo3
ca_duc_chien_gion,man,ca,chien,co,lo3
ca_bop_kho_tieu,man,ca,kho_om,co,lo3
ca_doi_kho_tieu,man,ca,kho_om,co,lo3
ca_ngu_soc_dua_nuong_sa,man,ca,nuong,co,lo3
ca_chep_om_dua,man,ca,kho_om,co,lo3
canh_dua_chua_nau_ca_loc,canh,ca,nau,co,lo3
tom_chien_xu,man,hai_san,chien,co,lo3
muc_chien_gion,man,hai_san,chien,co,lo3
muc_xao_can_toi,man,hai_san,xao,co,lo3
hau_nuong_mo_hanh,man,hai_san,nuong,co,lo3
ngheu_xao_sa_ot,man,hai_san,xao,can_nhac,lo3
trung_xao_ca_chua,man,trung_dau,xao,co,lo3
com_chien_kim_chi,mot_to,trung_dau,chien,can_nhac,lo3
lau_kim_chi_hai_san,lau,hai_san,nau,can_nhac,lo3
oi_cham_muoi_ot,trang_mieng,,,co,lo3
nuoc_ep_oi,do_uong,,,co,lo3
nuong_kieu_han_kim_chi,nuong,heo,nuong,can_nhac,lo3
nuong_thap_cam_kieu_viet,nuong,heo,nuong,co,lo3
hai_san_nuong_mo_hanh,nuong,hai_san,nuong,co,lo3
ga_ham_nam,man,ga,nau,co,lo4
ga_ham_sa,lau,ga,nau,co,lo4
ga_hap_mam_nhi,man,ga,luoc_hap,can_nhac,lo4
mien_xao_long_ga,mot_to,ga,xao,can_nhac,lo4
tom_thit_kho_thom,man,hai_san,kho_om,co,lo4
tom_rang_gion,man,hai_san,kho_om,co,lo4
sup_tom_ngo_nam,mot_to,hai_san,,co,lo4
bun_suon_tom_chua_cay,mot_to,heo,,can_nhac,lo4
lau_vit_nau_chao,lau,ga,nau,co,lo4
vit_nau_mang,man,ga,nau,co,lo4
mang_xao_long_vit,man,ga,xao,can_nhac,lo4
pad_thai,mot_to,hai_san,,co,lo4
