ma,url,trich
ca_com,https://vjol.info.vn/tckhcnthuysan/article/view/133184,"Vụ cá Bắc: thành phần sản lượng nghề mành, vây, pha xúc ... tập trung vào các loài cá nổi nhỏ và mực ống như vụ cá Nam (cá cơm 70% pha xúc, cá nục ~60% lưới vây)"
ca_com,https://vjol.info.vn/tckhcnthuysan/article/view/133184 (PDF tr.50–51),Bảng 2–3: lưới vây 27.067 kg/tàu/vụ Nam vs 27.017 kg/tàu/vụ Bắc; pha xúc 47.056 vs 38.433 kg; lồng bẫy (<6m) 1.350 vs 2.050 kg
ca_com,https://www.sggp.org.vn/loc-cua-bien-208971.html,"Ngư dân Phước Diêm: từ tháng 6 đến tháng 9 âm lịch nhiều cá nhất, sản lượng đánh bắt tăng gấp 5 - 6 lần những tháng khác"
ca_com,https://tuoitre.vn/ngu-dan-ninh-thuan-ve-ben-xuan-khoang-thuyen-day-ap-ca-com-20190208124340667.htm,Sáng 8-2 (mồng 4 Tết) ... ngư dân Ninh Thuận ... trở về với khoang thuyền đầy ắp cá cơm
ca_com,https://tepbac.com/tin-tuc/full/ninh-thuan-buoc-vao-vu-khai-thac-ca-bac-23734.html,"Chi cục TS Ninh Thuận: vụ cá bấc kết thúc vào tháng 3 năm sau ... 2 tháng đầu vụ bấc (tháng 10 và 11), ước sản lượng khai thác đạt khoảng 9.000 tấn"
ca_com,https://thuysanvietnam.com.vn/ninh-thuan-chu-trong-khai-thac-thuy-san-hieu-qua-ben-vung/,"4 tháng đầu năm 2024, sản lượng thủy sản của tỉnh Ninh Thuận ước đạt 38.251,6 tấn ... sản lượng khai thác đạt 35.933,6 tấn"
ca_com,https://www.vietnamplus.vn/trung-lon-vu-danh-bat-ca-nam-ngu-dan-tinh-ninh-thuan-phan-khoi-post968145.vnp,Phó Chi cục trưởng Chi cục Thủy Sản Ninh Thuận: vụ cá Nam hằng năm từ tháng 4 đến hết tháng 9; là vụ khai thác chính
ca_nuc,https://vjol.info.vn/tckhcnthuysan/article/view/133184 (PDF tr.50–51),Bảng 2–3: lưới vây 27.067 kg/tàu/vụ Nam vs 27.017 kg/tàu/vụ Bắc; pha xúc 47.056 vs 38.433 kg; lồng bẫy (<6m) 1.350 vs 2.050 kg
ca_nuc,https://thuysanvietnam.com.vn/ninh-thuan-ngu-dan-trung-dam-ca-nuc-article-2263.tsvn,"Từ ngày 16-5, ngư trường tỉnh Ninh Thuận xuất hiện một luồng cá nục lớn, với mật độ dày đặc"
ca_nuc,https://www.vietnamplus.vn/ngu-dan-tinh-ninh-thuan-vuon-khoi-khai-thac-vu-ca-nam-post954954.vnp,"Chi cục Thủy sản Ninh Thuận: khu vực biển Ninh Thuận đến Nha Trang xuất hiện các đàn cá nục ... lưới vây (cá nục, cá cơm)"
ca_nuc,https://tuoitre.vn/da-mat-hinh-anh-ngu-dan-ninh-thuan-bat-ngo-trung-lon-mua-ca-nam-20210820121559308.htm,"mùa cá nam ... bắt đầu rộ từ giữa tháng 7 ... cá nục, cá bạc má, cá cơm, cá lồ ồ, cá trích, mực"
ca_nuc,https://tepbac.com/tin-tuc/full/ninh-thuan-buoc-vao-vu-khai-thac-ca-bac-23734.html,"Chi cục TS Ninh Thuận: vụ cá bấc kết thúc vào tháng 3 năm sau ... 2 tháng đầu vụ bấc (tháng 10 và 11), ước sản lượng khai thác đạt khoảng 9.000 tấn"
ca_nuc,https://thuysanvietnam.com.vn/ninh-thuan-chu-trong-khai-thac-thuy-san-hieu-qua-ben-vung/,"4 tháng đầu năm 2024, sản lượng thủy sản của tỉnh Ninh Thuận ước đạt 38.251,6 tấn ... sản lượng khai thác đạt 35.933,6 tấn"
ca_nuc,https://www.vietnamplus.vn/trung-lon-vu-danh-bat-ca-nam-ngu-dan-tinh-ninh-thuan-phan-khoi-post968145.vnp,Phó Chi cục trưởng Chi cục Thủy Sản Ninh Thuận: vụ cá Nam hằng năm từ tháng 4 đến hết tháng 9; là vụ khai thác chính
muc_tuoi,https://vjol.info.vn/tckhcnthuysan/article/view/133184,"Vụ cá Bắc, thành phần sản lượng chính của nghề lưới rê <6m là mực nang (Sepia spp.) chiếm 31,65%"
muc_tuoi,https://vjol.info.vn/tckhcnthuysan/article/view/133184,"nghề lặn và lưới chụp chỉ hoạt động trong vụ cá Nam ... lưới chụp, đối tượng khai thác chính là mực ống (Loligo spp.) đạt hơn 48%"
muc_tuoi,https://tuoitre.vn/da-mat-hinh-anh-ngu-dan-ninh-thuan-bat-ngo-trung-lon-mua-ca-nam-20210820121559308.htm,"mùa cá nam tại ngư trường Ninh Thuận bắt đầu rộ từ giữa tháng 7 ... cá nục, cá bạc má, cá cơm ... mực"
muc_tuoi,https://tepbac.com/tin-tuc/full/ninh-thuan-buoc-vao-vu-khai-thac-ca-bac-23734.html,"Chi cục TS Ninh Thuận: vụ cá bấc kết thúc vào tháng 3 năm sau ... 2 tháng đầu vụ bấc (tháng 10 và 11), ước sản lượng khai thác đạt khoảng 9.000 tấn"
muc_tuoi,https://thuysanvietnam.com.vn/ninh-thuan-chu-trong-khai-thac-thuy-san-hieu-qua-ben-vung/,"4 tháng đầu năm 2024, sản lượng thủy sản của tỉnh Ninh Thuận ước đạt 38.251,6 tấn ... sản lượng khai thác đạt 35.933,6 tấn"
muc_tuoi,https://www.vietnamplus.vn/trung-lon-vu-danh-bat-ca-nam-ngu-dan-tinh-ninh-thuan-phan-khoi-post968145.vnp,Phó Chi cục trưởng Chi cục Thủy Sản Ninh Thuận: vụ cá Nam hằng năm từ tháng 4 đến hết tháng 9; là vụ khai thác chính
muc_mot_nang,https://vjol.info.vn/tckhcnthuysan/article/view/133184,"Đối tượng khai thác chính của nghề câu trong vụ cá Bắc cũng tương đồng như vụ cá Nam ... mực ống Loligo spp. (40,82%)"
ca_mai,https://vjol.info.vn/tckhcnthuysan/article/view/133184,"Vụ cá Bắc: thành phần sản lượng nghề mành, vây, pha xúc ... tập trung vào các loài cá nổi nhỏ và mực ống như vụ cá Nam (cá cơm 70% pha xúc, cá nục ~60% lưới vây)"
sua,https://nld.com.vn/thoi-su-trong-nuoc/phu-yen-sua-xuat-hien-nhieu-o-dam-o-loan-87380.htm,"Từ đầu tháng 4 đến nay, sứa biển bỗng xuất hiện rất nhiều ở đầm Ô Loan (huyện Tuy An, tỉnh Phú Yên)"
sua,https://tepbac.com/tin-tuc/full/mua-sua-bien-bat-dau-ngu-dan-tat-bat-vao-vu-37660.html,"Mùa vớt sứa biển thường bắt đầu từ khoảng tháng 3 đến tháng 6 hàng năm, tùy thuộc vào điều kiện thời tiết và dòng chảy"
ca_com_kho,https://www.sggp.org.vn/loc-cua-bien-208971.html,từ tháng 6 đến tháng 9 âm lịch nhiều cá nhất ... Người dân Phước Diêm và Cà Ná đang đưa cá cơm từ cảng đi tiêu thụ tại các lò hấp
ca_com_kho,https://tuoitre.vn/ngu-dan-ninh-thuan-ve-ben-xuan-khoang-thuyen-day-ap-ca-com-20190208124340667.htm,Một số lượng khác được phơi làm cá cơm khô
tom_hum,https://nhandan.vn/huong-toi-xuat-khau-chinh-ngach-tom-hum-post785120.html,"Hằng tháng, các hộ nuôi tôm thường xuất bán luân phiên để có tiền mua thức ăn cho tôm"
rong_sun,https://baophapluat.vn/doc-dao-mut-rong-hong-van-va-cuoc-song-doi-thay-nho-nuoi-trong-rong-bien-o-ninh-thuan-post382909.html,"Người dân ở huyện Ninh Hải cho biết, một năm thu hoạch rong sụn được 2 mùa ... thu hoạch rong tươi, sau đó phơi khô để bán"
ca_ngu_dd,https://www.sggp.org.vn/ngu-dan-nam-trung-bo-hoi-ha-vuon-khoi-vu-tet-post774405.html,"Các luồng cá ngừ đại dương bắt đầu xuất hiện từ tháng 11 âm lịch đến tháng 3 năm sau. Khi gió mùa Đông Bắc thổi mạnh, cá ngừ đại dương sẽ xuất hiện càng nhiều"
ca_ngu_dd,https://plo.vn/vao-vu-san-ca-ngu-dip-tet-post771815.html,"từ tháng 10 đến tháng 3 Âm lịch năm sau là thời điểm chính vụ ... Sản lượng trung bình 2,3 tấn/tàu, gấp 3-4 lần so với các tháng giữa năm"
ca_thu,https://vjol.info.vn/tckhcnthuysan/article/view/133184,"vụ cá Bắc ... nhóm cá thu Scombridae chiếm tỷ lệ 40,91%, tiếp đến là mực ống Loligo spp. (21,41%) và nhóm cá ngừ Thunidae (13,70%)"
ca_thu,https://tuoitre.vn/ngu-dan-khanh-hoa-duoc-mua-ca-ngu-soc-dua-ca-thu-2023012914133311.htm,"từ ngày 23 đến ngày 29-1 (tức từ mùng 2 đến mùng 8 Tết), cảng Hòn Rớ đã đón 19 tàu cá xa bờ, khai thác cá ngừ sọc dưa, cá thu"
cua_dong,https://vinwonders.com/vi/bai-viet-du-lich/cap-nhat-thoi-tiet-ninh-thuan/,"mùa mưa từ khoảng tháng 9 đến tháng 11, còn mùa khô từ tháng 12 đến tháng 8"
ca_loc,https://vinwonders.com/vi/bai-viet-du-lich/cap-nhat-thoi-tiet-ninh-thuan/,"mùa mưa từ khoảng tháng 9 đến tháng 11, còn mùa khô từ tháng 12 đến tháng 8"
ech,https://vinwonders.com/vi/bai-viet-du-lich/cap-nhat-thoi-tiet-ninh-thuan/,"mùa mưa từ khoảng tháng 9 đến tháng 11, còn mùa khô từ tháng 12 đến tháng 8"
ca_bac_ma,https://tuoitre.vn/da-mat-hinh-anh-ngu-dan-ninh-thuan-bat-ngo-trung-lon-mua-ca-nam-20210820121559308.htm,"mùa cá nam ... nhiều tàu thuyền về bến đầy ắp cá ... cá nục, cá bạc má, cá cơm, cá lồ ồ, cá trích, mực"
ca_chim,https://nongnghiepmoitruong.vn/buoc-tien-nuoi-bien-ho-o-tinh-khanh-hoa-d392982.html,"Khánh Hòa có 4 vùng nuôi lồng ... với các đối tượng cá bớp, cá chim, cá mú (theo tóm tắt kết quả tìm kiếm; trang chặn tải trực tiếp)"
ghe,https://vjol.info.vn/tckhcnthuysan/article/view/133184,"Nghề lồng bẫy chủ yếu là lồng bẫy ghẹ (Portunus spp.) với tỷ lệ 83,16% (vụ Bắc) / 81,11% (vụ Nam) sản lượng ở nhóm tàu <6m"
ghe,https://vjol.info.vn/tckhcnthuysan/article/view/133184 (PDF tr.50–51),Bảng 2–3: lưới vây 27.067 kg/tàu/vụ Nam vs 27.017 kg/tàu/vụ Bắc; pha xúc 47.056 vs 38.433 kg; lồng bẫy (<6m) 1.350 vs 2.050 kg
oc,https://moit.gov.vn/tu-hao-hang-viet-nam/oc-huong-khanh-hoa-vao-danh-sach-bao-ho-chi-dan-dia-ly.html,"Người dân Khánh Hòa nuôi ốc hương 2 vụ/năm (vụ chính thả giống từ tháng 3 - tháng 4, vụ phụ thả giống từ tháng 9 - tháng 10)"
mam_ca_na,https://www.sggp.org.vn/loc-cua-bien-208971.html,"Từ nguyên liệu cá cơm, Cà Ná phát triển mạnh hai nghề: làm nước mắm và cá cơm hấp ... trên 60 hộ sản xuất nước mắm có thương hiệu"
muoi_ca_na,https://www.vietnamplus.vn/ngo-ngang-voi-ve-dep-trang-le-cua-nhung-canh-dong-muoi-o-ninh-thuan-post755568.vnp,Cánh đồng muối Phương Cựu ... Giống như vùng biển Cà Ná ... Mùa làm muối nơi đây bắt đầu từ tháng 12 đến tháng 5 năm sau
nho_nt,https://moit.gov.vn/tu-hao-hang-viet-nam/nho-ninh-thuan-an-mot-lan-ma-nho-mai.html,"Có 3 vụ cắt ra trái là đông xuân (tháng 12 đến tháng 1), xuân hè (tháng 4 đến tháng 5), thu đông (tháng 9 đến tháng 10)"
nho_nt,https://vnexpress.net/vuon-nho-ba-mau-o-ninh-thuan-4023932.html,"Quả nho có thể ra quanh năm nhưng để đảm bảo chất lượng, người trồng phải tuân theo quy trình để tránh mùa mưa (tháng 10, 11)"
tao_xanh,https://vnbusiness.vn/ninh-thuan-trong-tao-sach-nang-suat-gia-cao-nho-bao-luoi.html,Táo cho quả quanh năm hoặc có thể cắt cành cho ra trái tập trung mỗi năm 2 vụ
tao_xanh,https://baoninhthuan.com.vn/quehuong/16563p1c142/tao-say-dac-san-phan-rang.htm,(theo trích đoạn tìm kiếm; trang gốc đã ngừng hoạt động) mỗi năm 2 vụ táo: khoảng tháng 10–12 và sau Tết đến tháng 3
toi_pr,https://ctujsvn.ctu.edu.vn/index.php/ctujsvn/article/download/7230/5099/31065,"Vụ 1: bố trí vụ chính, thời gian trồng từ tháng 10/2019, thu hoạch 3/2020. Vụ 2: ...trồng từ tháng 10/2020, thu hoạch 3/2021 (tỏi Phan Rang, Ninh Hải)"
toi_pr,https://jad.hcmuaf.edu.vn/index.php/jad/article/download/150/150,"Thời điểm 135 NST, thu hoạch (thí nghiệm tỏi trên đất cát Ninh Thuận)"
hanh_tim,https://vnexpress.net/gia-cu-hanh-tim-tang-gap-doi-4646065.html,"trong tháng 8, nông dân địa phương đã thu hoạch 55 ha... nhiều diện tích trồng rải vụ tiếp tục cho thu hoạch đều"
hanh_tim,https://vov.vn/kinh-te/nong-dan-ninh-thuan-phan-khoi-vi-hanh-tim-duoc-mua-duoc-gia-944663.vov,"(trích đoạn tìm kiếm) mỗi lứa trồng sau 45 ngày sẽ cho thu hoạch. Mỗi năm, nông dân canh tác được 5 vụ hành"
mang_tay,https://tapchicongthuong.vn/magazine/mang-tay-muot-xanh-vung-cat-trang-ninh-thuan-113266.htm,Thời vụ trồng măng tây thường có 2 vụ trong năm là thu đông từ cuối tháng 8 - tháng 3 và vụ xuân hè từ cuối tháng 2 - 6 dương lịch
mang_tay,https://moit.gov.vn/tin-tuc/thi-truong-trong-nuoc/nang-cao-gia-tri-cay-mang-tay-cua-dong-bao-cham-tai-ninh-thuan.html,Cây măng tây cho thu hoạch 9 tháng/năm
thanh_long,https://vnexpress.net/gia-thanh-long-lai-rot-4292886.html,"(12/6/2021) Đang vào chính vụ, lượng hàng lớn... thanh long tại Bình Thuận, Long An rớt giá"
thanh_long,https://vnbusiness.vn/thanh-long-chinh-vu-tieu-thu-on-dinh.html,"(24/7/2018) Thời điểm này, người trồng thanh long ở Bình Thuận đang thu hoạch vụ thanh long chính vụ"
thanh_long,https://vnexpress.net/gia-thanh-long-hom-nay-4566949.html,"từ tháng 12/2022 đến tháng 2/2023 là thời điểm trái vụ, sản lượng cung ứng ra thị trường thấp"
sau_rieng_ks,https://tapchicongthuong.vn/magazine/sau-rieng-chia-khoa-xoa-ngheo-vung-khanh-son-112077.htm,Mùa sầu riêng Khánh Sơn bắt đầu vào khoảng tháng 6 hàng năm và kết thúc vào trung tầm tháng 8
sau_rieng_ks,https://www.vietnamplus.vn/khanh-hoa-sau-rieng-dac-san-tai-khanh-son-duoc-mua-duoc-gia-post652796.vnp,"(trích đoạn tìm kiếm) Sầu riêng Khánh Sơn cho thu hoạch rộ từ đầu tháng Bảy đến cuối tháng Tám, lệch khoảng 1 tháng so với miền Tây Nam Bộ và Tây Nguyên"
sau_rieng_ks,https://tapchitoaan.vn/tu-nuong-ray-bap-benh-den-%22cay-vang%22-doi-doi-tren-trien-nui-khanh-son16209.html,(17/8/2026) Những ngày tháng Tám... cũng là lúc sầu riêng Khánh Sơn bước vào chính vụ
xoai_uc,https://baovanhoa.vn/du-lich/bai-2-dua-du-khach-kham-pha-vung-trong-xoai-lon-nhat-nam-trung-bo-109905.html,"Từ tháng 3-7 hay tháng 9-12, những vườn xoài Cam Lâm có bạt ngàn trái ngọt, xum xuê, trĩu quả"
xoai_uc,https://baovanhoa.vn/kinh-te/nguoi-trong-xoai-cam-lam-cau-cuu-27441.html,"(15/4/2020) xoài đã vào vụ, trái bắt đầu chín rộ"
xoai_uc,https://vietnamnet.vn/xoai-uc-rot-gia-nha-nong-khanh-hoa-de-rung-day-goc-2008186.html,"Những ngày đầu tháng tư này, bà con nông dân trên địa bàn huyện Cam Lâm... vụ xoài Úc đã vào mùa"
chom_chom,https://baokhanhhoa.vn/kinh-te/201308/khanh-son-khanh-hoa-hieu-qua-tu-mo-hinh-trong-chom-chom-thai-2258530/,(trích đoạn tìm kiếm) chôm chôm trồng ở Khánh Sơn cho thu hoạch muộn hơn nơi xuất xứ hơn một tháng nên ít bị cạnh tranh
chom_chom,https://baokhanhhoa.vn/kinh-te/202407/cho-donle-hoi-trai-cay-khanh-son-ff6633f/,"sầu riêng và hàng nghìn tấn nông sản khác như: Măng cụt, mía tím, bơ, chôm chôm, mít, bưởi… (Lễ hội trái cây Khánh Sơn, tháng 8)"
dua_hau,https://baokhanhhoa.vn/doi-song/201402/mot-mua-dua-do-2294483/,"trồng 8 sào dưa hấu từ cuối tháng 11 (âm lịch), bắt đầu thu hoạch từ mùng 10 tháng Giêng (trồng khoảng 60 ngày)"
dua_hau,https://baokhanhhoa.vn/kinh-te/201605/dien-khanh-dua-hau-gia-5500-dongkg-nong-dan-co-lai-2436012/,(5/2016) Nông dân huyện Diên Khánh (Khánh Hòa) đang thu hoạch dưa hấu trái vụ
rau_muong,https://vjol.info.vn/TCKHTV/article/view/59992,Mùa khô bắt đầu từ tháng 1 và kết thúc vào tháng 8; mùa mưa từ tháng 9 đến tháng 12 (khí hậu tỉnh Ninh Thuận)
rau_muong,https://baokhanhhoa.vn/kinh-te/202511/binh-on-thi-truongsau-mua-lu-8272767/,"chợ Thanh Sơn (phường Phan Rang) cho thấy giá rau củ sau lũ tăng đáng kể... Các vựa rau trong tỉnh bị ngập, nhà vườn mất trắng"
rau_muong,https://baokhanhhoa.vn/doi-song/202412/rau-xanh-tang-gia-do-mua-lon-keo-dai-33b3b87/,Mưa nhiều nên rau ăn lá không được dồi dào như trước (15/12/2024)
mong_toi,https://vjol.info.vn/TCKHTV/article/view/59992,Mùa khô bắt đầu từ tháng 1 và kết thúc vào tháng 8; mùa mưa từ tháng 9 đến tháng 12 (khí hậu tỉnh Ninh Thuận)
mong_toi,https://baokhanhhoa.vn/doi-song/202412/rau-xanh-tang-gia-do-mua-lon-keo-dai-33b3b87/,Mưa nhiều nên rau ăn lá không được dồi dào như trước (15/12/2024)
mong_toi,https://baokhanhhoa.vn/doi-song/202409/nha-trang-gia-rau-xanh-tai-cac-cho-truyen-thong-tang-nhe-cf00d53/,"(22/9/2024) Hiện các loại rau như: Muống, mồng tơi, cải xanh, cải ngọt, cải thìa có giá dao động từ 10.000 đồng/bó"
bi_dao,https://baokhanhhoa.vn/kinh-te/202511/binh-on-thi-truongsau-mua-lu-8272767/,"chợ Thanh Sơn (phường Phan Rang) cho thấy giá rau củ sau lũ tăng đáng kể... Các vựa rau trong tỉnh bị ngập, nhà vườn mất trắng"
bau,https://baokhanhhoa.vn/kinh-te/202511/binh-on-thi-truongsau-mua-lu-8272767/,"chợ Thanh Sơn (phường Phan Rang) cho thấy giá rau củ sau lũ tăng đáng kể... Các vựa rau trong tỉnh bị ngập, nhà vườn mất trắng"
cai_xanh,https://baokhanhhoa.vn/doi-song/202412/rau-xanh-tang-gia-do-mua-lon-keo-dai-33b3b87/,Mưa nhiều nên rau ăn lá không được dồi dào như trước (15/12/2024)
rau_bi,https://vjol.info.vn/TCKHTV/article/view/59992,Mùa khô bắt đầu từ tháng 1 và kết thúc vào tháng 8; mùa mưa từ tháng 9 đến tháng 12 (khí hậu tỉnh Ninh Thuận)
rau_bi,https://baokhanhhoa.vn/kinh-te/202511/binh-on-thi-truongsau-mua-lu-8272767/,"chợ Thanh Sơn (phường Phan Rang) cho thấy giá rau củ sau lũ tăng đáng kể... Các vựa rau trong tỉnh bị ngập, nhà vườn mất trắng"
rau_ma,https://vjol.info.vn/TCKHTV/article/view/59992,Mùa khô bắt đầu từ tháng 1 và kết thúc vào tháng 8; mùa mưa từ tháng 9 đến tháng 12 (khí hậu tỉnh Ninh Thuận)
buoi,https://baokhanhhoa.vn/kinh-te/202407/cho-donle-hoi-trai-cay-khanh-son-ff6633f/,"Măng cụt, mía tím, bơ, chôm chôm, mít, bưởi… trưng bày sầu riêng siêu to, bưởi siêu to (Lễ hội trái cây Khánh Sơn)"
mia,https://baokhanhhoa.vn/phong-su/202503/mia-duong-vao-vu-thu-hoach-32c0e31/,(18/3/2025) Mía đường vào vụ thu hoạch... niên vụ 2024 - 2025... nông dân đã thu hoạch 50% diện tích
bap_cai,https://www.tinnhanhchungkhoan.vn/500-dongkg-rau-da-lat-post229059.html,"giá giảm vì nguồn cung dồi dào khi mùa này sản lượng rau ăn lá có thể tăng gấp đôi, ba so với những tháng mưa (VnExpress 1/2020; giá giảm từ giữa tháng 11)"
bap_cai,https://thesaigontimes.vn/mua-keo-dai-nhieu-loai-rau-da-lat-tang-gia/,"rau trồng ngoài trời đã bị hư hại nhiều như bắp cải, hành tây, cải thảo, xà lách; sản lượng rau, củ, quả giảm, giá nhiều loại rau, củ tăng giá (7/2023)"
bap_cai,https://thesaigontimes.vn/saigontimes/gia-hoa-nong-san-o-lam-dong-tang-manh-do-mua-keo-dai/,"giá các loại rau, củ tăng mạnh so với hồi tháng 6-2024. Chẳng hạn, cà chua có giá 21.000 đồng/kg (7/2024)"
cai_thao,https://www.tinnhanhchungkhoan.vn/500-dongkg-rau-da-lat-post229059.html,"giá giảm vì nguồn cung dồi dào khi mùa này sản lượng rau ăn lá có thể tăng gấp đôi, ba so với những tháng mưa (VnExpress 1/2020; giá giảm từ giữa tháng 11)"
cai_thao,https://thesaigontimes.vn/mua-keo-dai-nhieu-loai-rau-da-lat-tang-gia/,"rau trồng ngoài trời đã bị hư hại nhiều như bắp cải, hành tây, cải thảo, xà lách; sản lượng rau, củ, quả giảm, giá nhiều loại rau, củ tăng giá (7/2023)"
cai_thao,https://thesaigontimes.vn/saigontimes/gia-hoa-nong-san-o-lam-dong-tang-manh-do-mua-keo-dai/,"giá các loại rau, củ tăng mạnh so với hồi tháng 6-2024. Chẳng hạn, cà chua có giá 21.000 đồng/kg (7/2024)"
xa_lach,https://www.tinnhanhchungkhoan.vn/500-dongkg-rau-da-lat-post229059.html,"giá giảm vì nguồn cung dồi dào khi mùa này sản lượng rau ăn lá có thể tăng gấp đôi, ba so với những tháng mưa (VnExpress 1/2020; giá giảm từ giữa tháng 11)"
xa_lach,https://thesaigontimes.vn/mua-keo-dai-nhieu-loai-rau-da-lat-tang-gia/,"rau trồng ngoài trời đã bị hư hại nhiều như bắp cải, hành tây, cải thảo, xà lách; sản lượng rau, củ, quả giảm, giá nhiều loại rau, củ tăng giá (7/2023)"
xa_lach,https://thesaigontimes.vn/saigontimes/gia-hoa-nong-san-o-lam-dong-tang-manh-do-mua-keo-dai/,"giá các loại rau, củ tăng mạnh so với hồi tháng 6-2024. Chẳng hạn, cà chua có giá 21.000 đồng/kg (7/2024)"
xa_lach,https://vnexpress.net/rau-cu-tang-gia-manh-4377721.html,"mưa kéo dài khiến giá rau xanh Đà Lạt liên tục tăng... rau xà lách, súp lơ là mặt hàng tăng mạnh nhất (10/2021)"
sup_lo,https://www.tinnhanhchungkhoan.vn/500-dongkg-rau-da-lat-post229059.html,"giá giảm vì nguồn cung dồi dào khi mùa này sản lượng rau ăn lá có thể tăng gấp đôi, ba so với những tháng mưa (VnExpress 1/2020; giá giảm từ giữa tháng 11)"
sup_lo,https://vnexpress.net/rau-cu-tang-gia-manh-4377721.html,"mưa kéo dài khiến giá rau xanh Đà Lạt liên tục tăng... rau xà lách, súp lơ là mặt hàng tăng mạnh nhất (10/2021)"
sup_lo,https://thesaigontimes.vn/saigontimes/gia-hoa-nong-san-o-lam-dong-tang-manh-do-mua-keo-dai/,"tăng từ 3.000-5.000 đồng đối với rau bó xôi, ớt chuông, súp lơ xanh, cà chua (Sở NN&PTNT Lâm Đồng dự báo khi mưa kéo dài)"
sup_lo_trang,https://www.tinnhanhchungkhoan.vn/500-dongkg-rau-da-lat-post229059.html,"giá giảm vì nguồn cung dồi dào khi mùa này sản lượng rau ăn lá có thể tăng gấp đôi, ba so với những tháng mưa (VnExpress 1/2020; giá giảm từ giữa tháng 11)"
sup_lo_trang,https://vnexpress.net/rau-cu-tang-gia-manh-4377721.html,"mưa kéo dài khiến giá rau xanh Đà Lạt liên tục tăng... rau xà lách, súp lơ là mặt hàng tăng mạnh nhất (10/2021)"
ca_chua,https://thesaigontimes.vn/saigontimes/gia-hoa-nong-san-o-lam-dong-tang-manh-do-mua-keo-dai/,"giá các loại rau, củ tăng mạnh so với hồi tháng 6-2024. Chẳng hạn, cà chua có giá 21.000 đồng/kg (7/2024)"
ca_rot,https://thesaigontimes.vn/mua-keo-dai-nhieu-loai-rau-da-lat-tang-gia/,"rau trồng ngoài trời đã bị hư hại nhiều như bắp cải, hành tây, cải thảo, xà lách; sản lượng rau, củ, quả giảm, giá nhiều loại rau, củ tăng giá (7/2023)"
ca_rot,https://thesaigontimes.vn/saigontimes/gia-hoa-nong-san-o-lam-dong-tang-manh-do-mua-keo-dai/,"giá các loại rau, củ tăng mạnh so với hồi tháng 6-2024. Chẳng hạn, cà chua có giá 21.000 đồng/kg (7/2024)"
khoai_tay,https://thesaigontimes.vn/mua-keo-dai-nhieu-loai-rau-da-lat-tang-gia/,"rau trồng ngoài trời đã bị hư hại nhiều như bắp cải, hành tây, cải thảo, xà lách; sản lượng rau, củ, quả giảm, giá nhiều loại rau, củ tăng giá (7/2023)"
khoai_tay,https://thesaigontimes.vn/saigontimes/gia-hoa-nong-san-o-lam-dong-tang-manh-do-mua-keo-dai/,"giá các loại rau, củ tăng mạnh so với hồi tháng 6-2024. Chẳng hạn, cà chua có giá 21.000 đồng/kg (7/2024)"
su_su,https://thesaigontimes.vn/mua-keo-dai-nhieu-loai-rau-da-lat-tang-gia/,"rau trồng ngoài trời đã bị hư hại nhiều như bắp cải, hành tây, cải thảo, xà lách; sản lượng rau, củ, quả giảm, giá nhiều loại rau, củ tăng giá (7/2023)"
su_su,https://thesaigontimes.vn/saigontimes/gia-hoa-nong-san-o-lam-dong-tang-manh-do-mua-keo-dai/,"giá các loại rau, củ tăng mạnh so với hồi tháng 6-2024. Chẳng hạn, cà chua có giá 21.000 đồng/kg (7/2024)"
su_hao,https://thesaigontimes.vn/mua-keo-dai-nhieu-loai-rau-da-lat-tang-gia/,"rau trồng ngoài trời đã bị hư hại nhiều như bắp cải, hành tây, cải thảo, xà lách; sản lượng rau, củ, quả giảm, giá nhiều loại rau, củ tăng giá (7/2023)"
su_hao,https://thesaigontimes.vn/saigontimes/gia-hoa-nong-san-o-lam-dong-tang-manh-do-mua-keo-dai/,"giá các loại rau, củ tăng mạnh so với hồi tháng 6-2024. Chẳng hạn, cà chua có giá 21.000 đồng/kg (7/2024)"
cu_cai,https://thesaigontimes.vn/mua-keo-dai-nhieu-loai-rau-da-lat-tang-gia/,"rau trồng ngoài trời đã bị hư hại nhiều như bắp cải, hành tây, cải thảo, xà lách; sản lượng rau, củ, quả giảm, giá nhiều loại rau, củ tăng giá (7/2023)"
cu_cai,https://thesaigontimes.vn/saigontimes/gia-hoa-nong-san-o-lam-dong-tang-manh-do-mua-keo-dai/,"giá các loại rau, củ tăng mạnh so với hồi tháng 6-2024. Chẳng hạn, cà chua có giá 21.000 đồng/kg (7/2024)"
can_tay,https://thesaigontimes.vn/mua-keo-dai-nhieu-loai-rau-da-lat-tang-gia/,"rau trồng ngoài trời đã bị hư hại nhiều như bắp cải, hành tây, cải thảo, xà lách; sản lượng rau, củ, quả giảm, giá nhiều loại rau, củ tăng giá (7/2023)"
can_tay,https://thesaigontimes.vn/saigontimes/gia-hoa-nong-san-o-lam-dong-tang-manh-do-mua-keo-dai/,"giá các loại rau, củ tăng mạnh so với hồi tháng 6-2024. Chẳng hạn, cà chua có giá 21.000 đồng/kg (7/2024)"
dau_co_ve,https://vnexpress.net/gia-rau-qua-tang-manh-2682754.html,"Đậu que, cải xanh, cải ngọt... giá đều tăng... Đà Lạt mưa nhiều khiến hoa màu bị ảnh hưởng (VnExpress)"
chanh_day,https://www.sggp.org.vn/nong-dan-trong-chanh-day-dang-khon-don-post435786.html,Sau nhiều tháng giá chanh dây giữ ở mức ổn định từ 45.000-50.000 đồng/kg... giá chanh dây đột ngột giảm mạnh
dau_tay,https://baolamdong.vn/du-lich-nong-san-5-mua-thu-hoach-doc-dao-khap-viet-nam-409359.html,"mùa dâu tây Đà Lạt bước vào vụ thu hoạch rộ nhất, thường kéo dài từ tháng 1 đến tháng 3"
dau_tay,https://plo.vn/nhan-biet-dau-tay-da-lat-va-dau-tay-trung-quoc-post266384.html,sản lượng dâu tây Đà Lạt không thể đáp ứng đủ thị trường trong nước vào những tháng nghịch vụ (mùa mưa)
dau_tay,https://vnexpress.net/nhung-mon-qua-mang-ten-da-lat-3152980.html,"Dâu tây... được trồng quanh năm, tuy nhiên vụ mùa chính của thứ quả này là mùa xuân"
atiso,https://tapchicongthuong.vn/magazine/atiso-duoc-lieu--vang--tren-dat-lam-dong-112252.htm,"Mùa thu hoạch Atiso thường bắt đầu từ tháng 1 đến tháng 3 hàng năm... Cả 2 loại này đều thu hoạch khoảng tháng 3, tháng 4 Dương lịch"
man_dl,https://www.qdnd.vn/du-lich/diem-den/da-lat-mua-man-chin-1038336,Mùa mận chín tại Đà Lạt kéo dài từ cuối tháng 4 đến hết tháng 5
man_dl,https://vtv.vn/xa-hoi/net-dep-mua-man-chin-da-lat-20230526131154413.htm,"Nét đẹp mùa mận chín Đà Lạt (VTV, 26/05/2023)"
hong_gion,https://tapchicongthuong.vn/da-lat-mua-hong-chin-74725.htm,Mùa hồng Đà Lạt bắt đầu từ giữa tháng 9 và kéo dài đến đầu tháng 12
hong_gion,https://www.tinnhanhchungkhoan.vn/hong-gion-va-nhung-mon-an-duom-vi-mua-thu-o-da-lat-post221878.html,Tháng 9-11 là thời điểm Đà Lạt (Lâm Đồng) vào mùa hồng chín
hong_treo_gio,https://vnexpress.net/lam-hong-treo-gio-an-tet-4383562.html,Mùa hồng treo thường kéo dài từ tháng 9 âm lịch đến sát Tết
hong_treo_gio,https://nhandan.vn/ocop/da-lat-mua-hong-treo-gio-post787373.html,"khoảng tháng 11 đến hết tháng 12, lá hồng bắt đầu rụng... người Ðà Lạt bắt đầu làm treo hồng gió"
mang_rung,https://baolamdong.vn/mua-di-hai-loc-rung-382021.html,"khai thác sản vật từ rừng vào mùa mưa, bắt đầu từ tháng 6 - 11... những mầm măng lập tức đội đất nhô lên"
mang_cut,https://tapchicongthuong.vn/magazine/mang-cut-bao-loc-tren-cao-nguyen-di-linh-111489.htm,"Thông thường măng cụt thu hoạch từ tháng 2 - 6 Âm lịch, riêng măng cụt Bảo Lộc tới tháng 8 mới bắt đầu, tháng 9, tháng 10 mới rộ"
sau_rieng_dl,https://nhandan.vn/thong-tin-gia-sau-rieng-bo-o-dak-lak-giam-50-la-khong-co-co-so-post659844.html,"Theo Sở NN&PTNT tỉnh Đắk Lắk... sản lượng khoảng 103.000 tấn, thời vụ thu hoạch tập trung từ tháng 8 đến tháng 10/2021"
bo_booth,https://langngheviet.com.vn/qua-bo-dak-lak-26091.html,Cây bơ Đắk Lắk có 2 vụ thu hoạch: Chính vụ... từ tháng 4 đến tháng 7 và vụ thu muộn vào từ tháng 9 tới tháng 11
bo_booth,https://vietnamnet.vn/gia-bo-lao-doc-dak-lak-ton-hang-chuc-nghin-tan-768036.html,"toàn tỉnh hiện có 40.000 tấn bơ (chủ yếu bơ Booth, Hass) đang bước vào thời điểm thu hoạch (bài 22/08/2021)"
bo_sap,https://langngheviet.com.vn/qua-bo-dak-lak-26091.html,Chính vụ thu hoạch bắt đầu từ tháng 4 đến tháng 7 và vụ thu muộn vào từ tháng 9 tới tháng 11
bo_sap,https://tuoitre.vn/am-thuc/tay-nguyen-da-vo-mua-bo-1066840.htm,"Mùa bơ tùy theo vùng, thực ra chỉ kéo dài trong chừng ba tháng, xê xích từ tháng ba, tháng tư cho đến tháng 8"
thit_heo,https://plo.vn/can-tet-gia-thit-heo-bat-dau-tang-nhe-post608415.html,"Cận tết, giá thịt heo bắt đầu tăng nhẹ (tiêu đề bài PLO)"
thit_heo,https://vnexpress.net/gia-thit-heo-giam-sau-tet-5042786.html,Giá thịt heo giảm sau Tết (tiêu đề bài VnExpress)
mang_cau_ta,https://baokhanhhoa.vn/kinh-te/202101/vu-mang-cau-tet-chua-nhu-mong-doi-8205613/,"Hiện nay, tại các vườn mãng cầu Tết ở xã Cam Thành Nam (TP. Cam Ranh) và xã Cam An Nam (huyện Cam Lâm), trái trên cây phần lớn chưa bung hết gai"
mang_cau_ta,https://baokhanhhoa.vn/kinh-te/202008/xa-cam-an-nam-phat-trien-cay-mang-cau-8179149/,Bình quân 1 năm 2 vụ... Ông đang trồng 2 loại mãng cầu Thái và mãng cầu dai (mãng cầu ta)
mang_cau_ta,https://hacheco.vn/nguoi-tien-phong-trong-mang-cau-thai-o-ninh-thuan/,"đợt tết Canh Tý 2020, gia đình anh Thiêng [Phước Vinh, Ninh Phước] thu nhập trên 200 triệu/sào mãng cầu Thái (bài gốc NNVN)"
sau_dau,https://thanhnien.vn/sau-dau-18569070.htm,Từ tháng 11 đến tháng 3 âm lịch là thời điểm sầu đâu thay lá đơm bông.
sau_dau,https://thanhnien.vn/sau-dau-mang-lai-tin-vui-185328371.htm,"Tại VN cây mọc hoang nhiều nhất ở An Giang, Kiên Giang, Ninh Thuận và rải rác ở đồng bằng sông Cửu Long."
sau_dau,https://baoangiang.com.vn/doc-dao-goi-sau-dau-a299952.html,"khoảng tháng 11 đến tháng 3 (âm lịch), cây sầu đâu đến mùa thay lá, ra bông... lá và bông sầu đâu thường được làm rau ăn sống hoặc trộn gỏi"
cu_kieu,https://baokhanhhoa.vn/kinh-te/202301/vui-mua-kieu-tet-8274526/,"Khoảng tháng 10 âm lịch, thương lái bắt đầu về các ruộng kiệu đặt mua. Song thời điểm này, củ kiệu còn mỏng nên giá thấp."
cu_kieu,https://baokhanhhoa.vn/kinh-te/202301/vui-mua-kieu-tet-8274526/,"Tại huyện Cam Lâm, cây kiệu trồng tập trung tại các xã: Cam An Nam, Cam Hiệp Nam, Cam Hòa, Cam Thành Bắc và thị trấn Cam Đức."
cu_kieu,https://baovanhoa.vn/xa-hoi/khanh-hoa-soi-dong-mua-thu-hoach-cu-kieu-tet-6.html,[tiêu đề] Khánh Hòa: Sôi động mùa thu hoạch củ kiệu Tết
nam_moi,https://baokhanhhoa.vn/phong-su-anh/201911/san-nam-moi-dau-mua-8138905/,"Sau những cơn mưa rả rích, gió lạnh đầu mùa tràn về cũng là lúc người dân các xã Sơn Tân, Cam Tân, Cam Hòa (huyện Cam Lâm) lại rủ nhau vào rừng tìm nấm mối"
nam_moi,https://baobinhthuan.com.vn/chuyen-nguoi-di-tim-nam-moi-o-uc-linh-109719.html,"sau những cơn mưa đầu mùa người đi tìm nấm mối đông như đi hội (Đức Linh, bài 16/6/2023)"
nam_moi,https://baodaklak.vn/du-lich/202207/ngot-ngon-nam-moi-tay-nguyen-3aa46f3/,"Xuất hiện mỗi năm một lần vào mùa mưa, nấm mối thường mọc ở những chỗ đất tơi xốp, ở gần các tổ mối đất."
xoai_cat,https://baokhanhhoa.vn/du-lich/202303/trai-nghiem-vuon-xoai-o-cam-lam-8277655/,"Giữa tháng 3, tuy vườn xoài chưa tất bật vào chính vụ... Cam Lâm bây giờ không chỉ có giống xoài Thủy Triều (xoài tây) bản địa, mà còn có... cát Hòa Lộc"
xoai_cat,https://baokhanhhoa.vn/phong-su/202004/vu-xoai-am-dam-8158202/,Hiện xoài đang vào chính vụ (bài tháng 4/2020)... xoài cát Hòa Lộc loại 1
xoai_cat,https://baokhanhhoa.vn/kinh-te/202405/xoai-cam-lamdau-ra-con-bap-benh-6602185/,"xoài Úc tại thời điểm đầu tháng 5, loại 1 được mua với giá 26.000 đồng/kg"
xoai_cat,https://baokhanhhoa.vn/kinh-te/201703/suoi-tan-phat-trien-xoai-tu-quy-trai-vu-5001013/,nông dân xã Suối Tân (huyện Cam Lâm) đang phát triển mạnh giống xoài Tứ quý sản xuất trái vụ.
chuoi_chin,https://baokhanhhoa.vn/kinh-te/201301/thon-khanh-thanh-suoi-cat-cam-lam-khanh-hoa-lo-mua-chuoi-tet-2212395/,"Mọi năm, tháng Chạp là thời điểm thu hoạch rộ chuối vụ Tết"
chuoi_chin,https://baokhanhhoa.vn/kinh-te/201611/chuoi-moc-duoc-gia-2458860/,"Mấy tháng qua, thương lái đổ xô đến huyện Khánh Sơn (Khánh Hòa) để thu mua chuối mốc."
du_du,https://baokhanhhoa.vn/phong-su/202101/mo-duoc-an-sach-8201817/,"màu xanh ngát của dừa, ổi, mãng cầu, mít, thanh long ruột đỏ, đu đủ… (trang trại ở Ninh Tây, Ninh Hòa)"
oi,https://baokhanhhoa.vn/xa-hoi/202501/van-ninh-tich-cuc-ho-tro-phu-nu-khoi-nghiep-bc3177a/,vợ chồng bà thấy ổi và mãng cầu có giá trị kinh tế lại nhanh cho thu hoạch (Vạn Ninh)
cha_la,https://thanhnien.vn/vuon-cha-la-tuyet-dep-thu-tien-ti-moi-nam-cua-lao-nong-ninh-thuan-185250606081632113.htm,"Một năm chà là cho trái 1 vụ, từ thời điểm ra hoa đến khi thu hoạch kéo dài 6 tháng. (bài 6/6/2025, vườn đang thu hoạch, giá 600 nghìn–3 triệu/kg)"
tieu_moi,https://baodaklak.vn/phong-su-ky-su/202603/vao-mua-ho-tieu-11149eb/,Hồ tiêu tại Đắk Lắk thường chín rộ và bước vào vụ thu hoạch chính từ tháng 2 đến tháng 3 dương lịch hằng năm.
mac_ca,https://baodaklak.vn/kinh-te/202408/mac-ca-duoc-gia-f3716c1/,Nông dân huyện Krông Năng đang bước vào thời điểm thu hoạch rộ mắc ca (bài tháng 8/2024).
hat_dieu,https://baobinhthuan.com.vn/hat-dieu-vao-mua-48145.html,Từ tháng 2 - 3 là thời điểm cây điều nở rộ hoa và cho trái.
hat_dieu,https://baodaklak.vn/kinh-te/nong-lam-nghiep/202304/vu-dieu-buon-cua-nong-dan-e3b4b8a/,"[tiêu đề bài 4/2023, Đắk Lắk đang vụ thu hoạch] Vụ điều buồn của nông dân"
mat_ong,https://baodaklak.vn/du-lich/202403/mat-ngot-mua-hoa-ca-phe-87702bc/,"Tháng ba, khi nắng vàng phủ khắp đất trời Tây Nguyên cũng là thời điểm các loài hoa cho mật ngon nhất, đặc biệt là hoa cà phê."
yen_sao,https://baokhanhhoa.vn/kinh-te/200307/yen-sao-va-nghe-khai-thac-yen-o-khanh-hoa-1831047/,"Vào tháng 4 âm lịch, khi có 5 - 10% số chim đẻ trứng cũng là lúc thu hoạch vụ 1."
ca_chuon,https://baokhanhhoa.vn/kinh-te/201804/ngu-dan-trung-ca-chuon-dau-vu-8076662/,"Được biết, vụ đánh bắt cá chuồn từ tháng 3 đến tháng 5 âm lịch."
ca_chuon,https://thanhnien.vn/mua-ca-chuon-185347035.htm,"Tháng tư trời yên biển lặng là mùa ngư dân miền Trung thường trúng cá chuồn... Mùa này, cá được bày bán tràn lan ở các chợ"
ca_ho,https://baokhanhhoa.vn/kinh-te/201510/thuy-san-duoc-mua-2410790/,"mùa đánh bắt cá hố hàng năm thường bắt đầu từ tháng 7 đến tháng Chạp âm lịch, trong đó, tháng 7 và tháng 8 âm lịch là mùa cao điểm."
ca_trich,https://baobinhthuan.com.vn/nhon-nhip-cho-ca-trich-dem-22884.html,món cá trích ngon hảo hạng mùa trở bấc... chợ Cảng cá thị trấn Liên Hương (bài 6/12/2019)
ca_trich,https://www.sggp.org.vn/ra-khoi-dau-nam-ngu-dan-binh-thuan-moi-tay-go-ca-trich-post726713.html,"Những ngày đầu năm mới, nhiều tàu cá ở Bình Thuận chỉ cần ra khơi trong một đêm là có thể đánh bắt được hàng tạ cá trích (2/2024)"
ca_trich,https://vnexpress.net/mua-danh-ca-gan-bo-mui-ne-4308163.html,"Cá gần bờ thường là cá tầng nổi như: chỉ vàng, liệt, ngân, trao tráo, trích, mòi, nhồng... (đầu tháng 7, Mũi Né)"
ca_trich,https://tuoitre.vn/da-mat-hinh-anh-ngu-dan-ninh-thuan-bat-ngo-trung-lon-mua-ca-nam-20210820121559308.htm,"đem về những chuyến thuyền đầy các loại cá: cá nục, cá bạc má, cá cơm, cá lồ ồ, cá trích, mực… (Ninh Thuận, 8/2021)"
ca_ngu_soc_dua,https://baokhanhhoa.vn/kinh-te/201604/duoc-mua-ca-ngu-soc-dua-2431639/,"Hiện nay, cao điểm mỗi ngày có 25 - 30 tàu lưới cản khai thác cá ngừ sọc dưa cập cảng, mỗi tàu có sản lượng trung bình 12 - 15 tấn (bài 4/2016)"
ca_ngu_soc_dua,https://baokhanhhoa.vn/kinh-te/202202/thuy-san-khai-thac-xa-bo-san-luong-va-gia-ban-deu-tang-8243361/,tàu lưới cản đường dài khai thác cá ngừ sọc dưa cũng đạt sản lượng 10-12 tấn/tàu... giá cá ngừ sọc dưa bán ở chợ 50.000 - 60.000 đồng/kg
ca_ngu_o,https://tuoitre.vn/da-mat-hinh-anh-ngu-dan-ninh-thuan-bat-ngo-trung-lon-mua-ca-nam-20210820121559308.htm,"Riêng sản lượng cá cơm, cá nục, cá lồ ồ… theo nhiều ngư dân, tăng hơn nhiều so với mùa cá nam năm trước."
ca_chi_vang,https://vnexpress.net/mua-danh-ca-gan-bo-mui-ne-4308163.html,"Ngư dân chuyên nghề đi thúng đánh cá lưới gần bờ ở Phan Thiết đang vào mùa đánh bắt chính... mẻ lưới đầy ắp cá trích, chỉ vàng và trao tráo (7/2021)"
ca_doi,https://baobinhthuan.com.vn/mua-bac-di-cau-ca-doi-127067.html,"Khi gió bấc đến, những cửa sông ở Phan Thiết như Cồn Chà, cầu Phú Hài... lại nhộn nhịp hơn bao giờ hết... để ""săn"" cá đối (1/2025)"
ca_liet,https://baobinhthuan.com.vn/ve-tuy-phong-nho-an-ca-liet-dau-115186.html,"Theo những ngư dân ở Tuy Phong, cá liệt xuất hiện nhiều từ tháng 9 âm lịch đến mùa Tết Nguyên đán."
ca_duc,https://baobinhthuan.com.vn/du-khach-va-mua-cau-ca-duc-119908.html,"Lúc này đang là tháng 6... Mặt biển xanh màu ngọc bích và sóng nhẹ, thích hợp cho mùa câu cá đục"
ca_duc,https://baobinhthuan.com.vn/ve-tuy-phong-nho-an-ca-liet-dau-115186.html,"vào những tháng cuối năm, dân địa phương thường hay thay thế cá liệt thành cá đục đen"
nhum,https://baokhanhhoa.vn/kinh-te/201001/thu-vi-mon-chom-chom-bien-1923631/,"Mùa nhum sinh sản từ tháng 3 đến tháng 6 hay tháng 7 âm lịch (từ tiết Xuân Phân và kết thúc vào tiết Lập Thu). Cuối mùa, nhum rất chắc thịt."
ruoc_tuoi,https://baobinhthuan.com.vn/mam-ruoc-xu-duong-19709.html,Tuy chưa bước vào vụ khai thác chính (khoảng tháng chạp)... ngư dân xã Chí Công (Tuy Phong) vẫn thu được khá nhiều mẻ ruốc.
ruoc_tuoi,https://baobinhthuan.com.vn/mam-ruoc-huong-vi-que-nha-126478.html,"Vào khoảng tháng tư, tháng tám, khi con gió nồm thổi"
ruoc_tuoi,https://baokhanhhoa.vn/doi-song/am-thuc/201502/dia-ruoc-bien-rang-2368337/,"Ruốc biển là dạng tép phiêu sinh trên biển theo mùa... món thường lệ là ruốc rang mỡ cùng gia vị gừng, xả, tiêu ớt"
oc_ruoc,https://baobinhthuan.com.vn/mua-oc-ruoc-16955.html,mùa ốc ruốc ở khu vực này chỉ kéo dài trong khoảng thời gian từ tháng 2 đến hết tháng 5 âm lịch
rong_nho,https://baokhanhhoa.vn/doi-song/202503/lien-ket-phat-trien-rong-nho-71a0c1c/,"Những ngày này, các đìa rong nho vùng đìa Đông Hà (phường Ninh Hải, thị xã Ninh Hòa) bắt đầu bước vào vụ thu hoạch... (bài 3/2025)"
rong_nho,https://vnbusiness.vn/lai-tram-trieu-moi-nam-tu-trong-rong-nho.html,"Rong nho có thể trồng quanh năm, riêng các tháng mùa mưa trồng hạn chế do đây là loại rong có khoảng thích ứng nhiệt độ trên 20oC, độ mặn cao trên 28o/oo"
hau,https://www.vietnamplus.vn/nuoi-hau-thai-binh-duong-treo-day-mang-lai-thu-nhap-on-dinh-post654332.vnp,"Chỉ cần thả giống, không phải cung cấp thức ăn, khoảng 4 tháng có thể thu hoạch là mô hình nuôi hàu Thái Bình Dương treo dây... ở huyện ven biển Ninh Hải"
ca_bop,https://baokhanhhoa.vn/kinh-te/202106/nuoi-ca-bop-trong-long-tron-hdpe-8219167/,"Dự án ""Xây dựng mô hình nuôi biển cá giò (người dân gọi là cá bớp) bằng lồng tròn HDPE kiểu Na Uy"" đang triển khai ở huyện Vạn Ninh"
