ma_mon,ma_nguyen_lieu,ten_hien_thi,so_luong,don_vi,kieu_tinh,vai_tro,ghi_chu
dau_hu_non_sot_thit_bam,thit_heo,Thịt bằm,300,g,theo_nguoi,chinh,thịt xay
dau_hu_non_sot_thit_bam,dau_phu,Đậu hũ non,2,hộp,theo_nguoi,chinh,
dau_hu_non_sot_thit_bam,ca_chua,Cà chua,2,quả,theo_nguoi,phu,
dau_hu_non_sot_thit_bam,hanh_tim,Hành tím băm,2,muỗng canh,theo_noi,gia_vi,
dau_hu_non_sot_thit_bam,rau_thom,Hành lá,2,cây,theo_nguoi,phu,
dau_hu_non_sot_thit_bam,,"Hạt nêm, đường, nước mắm, dầu ăn, tương ớt, tương cà",,vừa đủ,theo_noi,gia_vi,
thit_bam_rang_man_ngot,thit_heo,Thịt băm,400,g,theo_nguoi,chinh,
thit_bam_rang_man_ngot,rau_thom,Hành lá,,vừa đủ,theo_nguoi,phu,
thit_bam_rang_man_ngot,hanh_tim,Hành tím băm nhỏ,,vừa đủ,theo_noi,gia_vi,
thit_bam_rang_man_ngot,,Hạt nêm,2,muỗng cà phê,theo_noi,gia_vi,
thit_bam_rang_man_ngot,mam_ca_na,Nước mắm,1,muỗng cà phê,theo_noi,gia_vi,
thit_bam_rang_man_ngot,,Đường,2,muỗng cà phê,theo_noi,gia_vi,
thit_bam_rang_man_ngot,,Bột ngọt,0.5,muỗng cà phê,theo_noi,gia_vi,
thit_bam_rang_man_ngot,,Tiêu,0.5,muỗng cà phê,theo_noi,gia_vi,
ba_chi_rang_chay_canh,thit_heo,Thịt ba chỉ,400,g,theo_nguoi,chinh,
ba_chi_rang_chay_canh,,Mắm,2,muỗng canh,theo_noi,gia_vi,
ba_chi_rang_chay_canh,,Đường,1,muỗng canh,theo_noi,gia_vi,
ba_chi_rang_chay_canh,rau_thom,Hành lá,1.5,nhánh,theo_nguoi,phu,
ba_chi_rang_chay_canh,,Xíu tiêu,,vừa đủ,theo_noi,gia_vi,
thit_ba_chi_rim_man_ngot,thit_heo,Thịt ba chỉ,600,g,theo_nguoi,chinh,
thit_ba_chi_rim_man_ngot,mam_ca_na,Nước mắm,3,muỗng canh,theo_noi,gia_vi,
thit_ba_chi_rim_man_ngot,,Đường,1.5,muỗng canh,theo_noi,gia_vi,
thit_ba_chi_rim_man_ngot,toi_pr,Tỏi,,vừa đủ,theo_noi,gia_vi,tuỳ khẩu vị
thit_ba_chi_rim_man_ngot,,Tiêu,,vừa đủ,theo_noi,gia_vi,tuỳ khẩu vị
thit_ba_chi_rim_man_ngot,sa_ot,Ớt,,vừa đủ,theo_noi,gia_vi,tuỳ khẩu vị
ca_tim_om_thit_bam,ca_tim,Cà tím dài,5,quả,theo_nguoi,chinh,
ca_tim_om_thit_bam,thit_heo,Thịt bằm,270,g,theo_nguoi,chinh,
ca_tim_om_thit_bam,toi_pr,Tỏi,,vừa đủ,theo_noi,gia_vi,
ca_tim_om_thit_bam,sa_ot,Ớt,,vừa đủ,theo_noi,gia_vi,
ca_tim_om_thit_bam,rau_thom,Hành lá,,vừa đủ,theo_nguoi,phu,
ca_tim_om_thit_bam,,Dầu ăn,,vừa đủ,theo_noi,gia_vi,
ca_tim_om_thit_bam,,Hạt nêm,,vừa đủ,theo_noi,gia_vi,
ca_tim_om_thit_bam,muoi_ca_na,Muối,,vừa đủ,theo_noi,gia_vi,
ca_tim_om_thit_bam,sa_ot,Tương ớt,,vừa đủ,theo_noi,gia_vi,
ca_tim_om_thit_bam,,Dầu hào,,vừa đủ,theo_noi,gia_vi,
ca_tim_om_thit_bam,,Nước tương,,vừa đủ,theo_noi,gia_vi,
ca_tim_om_thit_bam,,Đường,,vừa đủ,theo_noi,gia_vi,
khoai_tay_xao_thit_bam,thit_heo,Thịt băm,500,g,theo_nguoi,chinh,
khoai_tay_xao_thit_bam,khoai_tay,Khoai tây,6,củ,theo_nguoi,chinh,
khoai_tay_xao_thit_bam,rau_thom,Cọng hành lá,4,,theo_nguoi,phu,
khoai_tay_xao_thit_bam,,"Gia vị: muối, tiêu, đường, dầu hào, nước tương, tương ớt",,vừa đủ,theo_noi,gia_vi,
cha_gio_re,thit_heo,Thịt xay,40,g,theo_nguoi,chinh,thịt xay trộn chung với mỡ xay
cha_gio_re,khoai_mon,"Nấm mèo, bún tàu, khoai môn",,vừa đủ,theo_nguoi,phu,
cha_gio_re,,"Hành phi, muối, đường, hạt nêm, tiêu",,vừa đủ,theo_noi,gia_vi,
cha_gio_re,banh_trang,Bánh tráng rế,,vừa đủ,theo_nguoi,phu,"bánh tráng pía, bánh tráng trắng"
thit_heo_mot_nang_chien,thit_heo,Thịt ba chỉ,1000,g,theo_nguoi,chinh,
thit_heo_mot_nang_chien,sa_ot,Sả,3,cây,theo_noi,gia_vi,
thit_heo_mot_nang_chien,toi_pr,Tỏi,5,tép,theo_noi,gia_vi,
thit_heo_mot_nang_chien,sa_ot,Ớt hiểm,2,quả,theo_noi,gia_vi,
thit_heo_mot_nang_chien,,Hạt nêm,1,muỗng cà phê,theo_noi,gia_vi,
thit_heo_mot_nang_chien,,Đường,1,muỗng canh,theo_noi,gia_vi,
thit_heo_mot_nang_chien,mam_ca_na,Nước mắm,2,muỗng canh,theo_noi,gia_vi,
thit_heo_mot_nang_chien,,Bột ngũ vị hương,1,muỗng canh,theo_noi,gia_vi,
thit_heo_mot_nang_chien,,Dầu màu điều,2,muỗng canh,theo_noi,gia_vi,
thit_heo_mot_nang_chien,,Rượu trắng,1,muỗng canh,theo_noi,gia_vi,
thit_heo_mot_nang_chien,,"Dầu ăn, muối",,vừa đủ,theo_noi,gia_vi,
suon_xao_chua_ngot,thit_heo,Sườn,,vừa đủ,theo_nguoi,chinh,
suon_xao_chua_ngot,toi_pr,Tỏi,,vừa đủ,theo_noi,gia_vi,
suon_non_kho_thom,thit_heo,Sườn non,400,g,theo_nguoi,chinh,
suon_non_kho_thom,,Thơm,0.5,quả,theo_nguoi,phu,
suon_non_kho_thom,trung,"Trứng cút, luộc chín",12,quả,theo_nguoi,phu,
suon_non_kho_thom,sa_ot,Ớt,2,quả,theo_noi,gia_vi,
suon_non_kho_thom,,Tiêu xanh,1,nhánh,theo_noi,gia_vi,
suon_non_kho_thom,,Sốt kho đa dụng,90,ml,theo_noi,gia_vi,
suon_non_kho_thom,toi_pr,Hành tỏi băm,1,muỗng canh,theo_noi,gia_vi,
suon_non_kho_thom,,"Dừa xiêm, lấy nước",1,quả,theo_noi,gia_vi,
thit_ba_chi_sot_ca_chua,thit_heo,Thịt ba chỉ,300,g,theo_nguoi,chinh,
thit_ba_chi_sot_ca_chua,ca_chua,Cà chua,4,quả,theo_nguoi,chinh,
thit_ba_chi_sot_ca_chua,,"Hành lá, tiêu, gia vị",,vừa đủ,theo_noi,gia_vi,
thit_dong,thit_heo,Móng giò,1,cái,theo_nguoi,chinh,
thit_dong,thit_heo,Thịt 3 chỉ có da,200,g,theo_nguoi,chinh,
thit_dong,,Nhỏ Mộc nhĩ,1,nắm,theo_nguoi,phu,
thit_dong,nam,Nhỏ Nấm hương,1,nắm,theo_nguoi,phu,
thit_dong,ca_rot,Cà rốt,1,củ,theo_nguoi,phu,
thit_dong,rau_thom,Rau mùi,1,nắm,theo_nguoi,phu,
thit_dong,,Bột canh,5,muỗng cà phê,theo_noi,gia_vi,
thit_dong,,Mỳ chính,2,muỗng cà phê,theo_noi,phu,
thit_dong,,Hạt tiêu,1,muỗng cà phê,theo_noi,gia_vi,
thit_dong,,Canh Nước,2,chén,theo_noi,gia_vi,
thit_luoc_cham_mam_dua_leo,thit_heo,Thịt đùi,530,g,theo_nguoi,chinh,
thit_luoc_cham_mam_dua_leo,hanh_tim,Hành tím,5,củ,theo_noi,gia_vi,
thit_vien_sot_ca_chua,thit_heo,Thịt xay,300,g,theo_nguoi,chinh,
thit_vien_sot_ca_chua,ca_chua,Cà chua,2,quả,theo_nguoi,chinh,
thit_vien_sot_ca_chua,nam,Nấm hương,6,cái,theo_nguoi,phu,
thit_vien_sot_ca_chua,,Mộc nhĩ,2,cái,theo_nguoi,phu,nấm mèo
thit_vien_sot_ca_chua,rau_thom,Hành lá,,vừa đủ,theo_nguoi,phu,
thit_vien_sot_ca_chua,,Ăn cơm bột mỳ hoặc bột chiên giòn,1.5,muỗng canh,theo_noi,gia_vi,
suon_ram_man_ngot,thit_heo,Sườn non,670,g,theo_nguoi,chinh,
suon_ram_man_ngot,,Mắm,2,muỗng canh,theo_noi,gia_vi,
suon_ram_man_ngot,,Đường,1,muỗng canh,theo_noi,gia_vi,
suon_ram_man_ngot,,Bột ngọt,0.5,muỗng cà phê,theo_noi,gia_vi,
suon_ram_man_ngot,,"Hành tỏi băm, xíu muối, xíu tiêu",,vừa đủ,theo_noi,gia_vi,
cha_la_lot,thit_heo,Thịt heo bằm,480,g,theo_nguoi,chinh,lựa chỗ có cả nạc cả mỡ chả sẽ không bị không nghen
cha_la_lot,rau_thom,Nhúm lá lốt,1.5,,theo_nguoi,phu,
cha_la_lot,,Hành tây,0.5,củ,theo_nguoi,phu,
cha_la_lot,trung,Trứng,1.5,,theo_nguoi,phu,
cha_la_lot,,"Gia vị: 1mcf bột hành, 1 mcf bột ớt paprika, 1 mc nước mắm, 1 mcf hạt nêm, 1 mcf tiêu, 1 mcf bột ngọt",,vừa đủ,theo_noi,gia_vi,
thit_heo_kho_tieu,thit_heo,Thịt heo,,vừa đủ,theo_nguoi,chinh,
thit_heo_kho_tieu,,"Tiêu, ớt, tỏi, hành",,vừa đủ,theo_noi,gia_vi,
ca_loc_kho_to,,Cá lóc bông,5,khúc,theo_nguoi,chinh,
ca_loc_kho_to,,Gia vị kho cá,1,gói,theo_noi,gia_vi,cho 500gr
ca_loc_kho_to,thit_heo,Thịt ba chỉ,270,g,theo_nguoi,phu,
ca_loc_kho_to,sa_ot,Gừng,1,củ,theo_noi,gia_vi,
ca_loc_kho_to,,Giềng,1,củ,theo_noi,gia_vi,
ca_loc_kho_to,,Hành,6,củ,theo_noi,gia_vi,
ca_loc_kho_to,toi_pr,Tỏi,6,tép,theo_noi,gia_vi,
ca_loc_kho_to,,Hạt tiêu,0.5,muỗng cà phê,theo_noi,gia_vi,
ca_loc_kho_to,sa_ot,Ớt hiểm khô,4,quả,theo_noi,gia_vi,
ca_loc_kho_to,rau_thom,Hành hoa,4,cây,theo_nguoi,phu,
ca_kho_rieng,,Cá,1670,g,theo_nguoi,phu,"cá trắm, cá chim,..."
ca_kho_rieng,,"Riềng, sả, ớt, gừng",,vừa đủ,theo_noi,gia_vi,
ca_kho_rieng,,Gia vị cá kho riềng Knorr,2,gói,theo_noi,gia_vi,
ca_kho_rieng,,"Nước mắm, đường",,vừa đủ,theo_noi,gia_vi,
ca_kho_rieng,thit_heo,Thịt 3 chỉ,,vừa đủ,theo_nguoi,chinh,
ca_hoi_sot_ca_chua,,Cá hồi,700,g,theo_nguoi,chinh,
ca_hoi_sot_ca_chua,mam_ca_na,Khoảng 2 tbsp nước mắm ngon,,vừa đủ,theo_noi,gia_vi,
ca_hoi_sot_ca_chua,,Dầu ăn,5,muỗng canh,theo_noi,gia_vi,
ca_hoi_sot_ca_chua,,Gạt đường,1.5,muỗng cà phê,theo_noi,gia_vi,
ca_hoi_sot_ca_chua,ca_chua,Cà chua chín,4,quả,theo_nguoi,chinh,
ca_hoi_sot_ca_chua,,Nước,0.5,chén,theo_noi,gia_vi,chén cơm
ca_hoi_sot_ca_chua,,Nhúm hạt tiêu,1.5,,theo_noi,gia_vi,
ca_hoi_sot_ca_chua,toi_pr,Tỏi tây,2,tép,theo_noi,gia_vi,tỏi ta 3-5
ca_hoi_sot_ca_chua,,Hành băm,1.5,muỗng canh,theo_noi,phu,
ca_dieu_hong_hap_nam_kim_cham,,Cá diêu hồng 700g-1kg,1,con,theo_nguoi,chinh,
ca_dieu_hong_hap_nam_kim_cham,nam,Nấm kim châm,1,gói,theo_nguoi,chinh,
ca_dieu_hong_hap_nam_kim_cham,sa_ot,"Gừng, 1 quả ớt",1,nhánh,theo_noi,gia_vi,
ca_dieu_hong_hap_nam_kim_cham,,"Hành, răm, thìa là, gia vị",,vừa đủ,theo_noi,gia_vi,
ca_chim_hap_xi_dau,,Cá chim,1,con,theo_nguoi,chinh,khoảng 600 gram
ca_chim_hap_xi_dau,,Hành tây,0.5,củ,theo_nguoi,phu,
ca_chim_hap_xi_dau,hanh_tim,Hành tím,4,củ,theo_noi,gia_vi,
ca_chim_hap_xi_dau,toi_pr,Tỏi,4,tép,theo_noi,gia_vi,
ca_chim_hap_xi_dau,sa_ot,Gừng,40,g,theo_noi,gia_vi,
ca_chim_hap_xi_dau,rau_thom,Hành lá,10,g,theo_nguoi,phu,
ca_chim_hap_xi_dau,sa_ot,Ớt sừng,1,quả,theo_noi,gia_vi,
ca_chim_hap_xi_dau,,Xì dầu,3,muỗng canh,theo_noi,gia_vi,nước tương
ca_chim_hap_xi_dau,,Dầu hào,1,muỗng canh,theo_noi,gia_vi,
ca_chim_hap_xi_dau,,Bột ngọt,0.5,muỗng cà phê,theo_noi,gia_vi,
ca_chim_hap_xi_dau,,Đường,1,muỗng cà phê,theo_noi,gia_vi,
ca_chim_hap_xi_dau,,Dầu mè,1,muỗng canh,theo_noi,gia_vi,
ca_chim_hap_xi_dau,,"Muối, dầu ăn",,vừa đủ,theo_noi,gia_vi,
ca_bac_ma_kho_thom,,Cá bạc má,4,con,theo_nguoi,chinh,
ca_bac_ma_kho_thom,,Thơm,1,quả,theo_nguoi,phu,
ca_bac_ma_kho_thom,rau_thom,Hành lá,100,g,theo_nguoi,phu,
ca_bac_ma_kho_thom,sa_ot,Ớt hiểm,3,quả,theo_noi,gia_vi,
ca_bac_ma_kho_thom,,Nước,1,chén,theo_noi,gia_vi,
ca_bac_ma_kho_thom,mam_ca_na,Nước mắm,3,muỗng canh,theo_noi,gia_vi,
ca_bac_ma_kho_thom,,Đường,1.5,muỗng cà phê,theo_noi,gia_vi,
ca_bac_ma_kho_thom,sa_ot,Ớt sa tế,1.5,muỗng cà phê,theo_noi,gia_vi,
ca_bac_ma_kho_thom,,Hạt nêm,0.5,muỗng cà phê,theo_noi,gia_vi,
ca_bac_ma_kho_thom,muoi_ca_na,Muối,1.5,muỗng cà phê,theo_noi,gia_vi,
ca_thu_nuong_muoi_tieu,ca_thu,Cá thu,1,lát,theo_nguoi,chinh,
ca_thu_nuong_muoi_tieu,muoi_ca_na,Muối tiêu,0.5,muỗng cà phê,theo_noi,gia_vi,
ca_thu_nuong_muoi_tieu,,Dưa leo,,vừa đủ,theo_nguoi,phu,ăn kèm
cha_ca_sot_ca_chua,,Chả cá nha trang,1000,g,theo_nguoi,chinh,loại chiên sẵn
cha_ca_sot_ca_chua,ca_chua,Cà chua,2,quả,theo_nguoi,chinh,
cha_ca_sot_ca_chua,sa_ot,Ớt,1.5,quả,theo_noi,gia_vi,
cha_ca_sot_ca_chua,rau_thom,Hành lá,,vừa đủ,theo_nguoi,phu,
cha_ca_sot_ca_chua,rau_thom,Ngò rí,,vừa đủ,theo_nguoi,phu,
cha_ca_sot_ca_chua,sa_ot,M tương ớt,1.5,,theo_noi,gia_vi,
cha_ca_sot_ca_chua,,M tương cà,1.5,,theo_noi,gia_vi,
cha_ca_sot_ca_chua,,M cafe hạt nêm,1.5,,theo_noi,gia_vi,
cha_ca_sot_ca_chua,,M cafe bột ngọt,1,,theo_noi,gia_vi,
cha_ca_sot_ca_chua,,M đường,3,,theo_noi,gia_vi,
cha_ca_sot_ca_chua,mam_ca_na,M nước mắm,5,,theo_noi,gia_vi,
kho_ca_chi_vang_rim_chua_ngot,,Cá chỉ vàng khô,400,g,theo_nguoi,chinh,
kho_ca_chi_vang_rim_chua_ngot,sa_ot,Sả,3,cây,theo_noi,gia_vi,
kho_ca_chi_vang_rim_chua_ngot,,Hàng,4,củ,theo_nguoi,phu,
kho_ca_chi_vang_rim_chua_ngot,toi_pr,Tỏi,8,tép,theo_noi,gia_vi,
kho_ca_chi_vang_rim_chua_ngot,,"Dầu ăn, mắm chua ngọt pha sẵn, tương ớt",,vừa đủ,theo_noi,gia_vi,
ca_thu_sot_ca_chua,ca_thu,Khứa cá thu,4,,theo_nguoi,chinh,
ca_thu_sot_ca_chua,ca_chua,Cà chua,4,quả,theo_nguoi,chinh,
ca_thu_sot_ca_chua,toi_pr,Tỏi,1.5,tép,theo_noi,gia_vi,
ca_thu_sot_ca_chua,hanh_tim,Hành tím,1.5,củ,theo_noi,gia_vi,
ca_thu_sot_ca_chua,rau_thom,Hành lá,4,cây,theo_nguoi,phu,
ca_thu_sot_ca_chua,,Dầu ăn,3,muỗng canh,theo_noi,gia_vi,
ca_thu_sot_ca_chua,mam_ca_na,Nước mắm,3,muỗng cà phê,theo_noi,gia_vi,
ca_thu_sot_ca_chua,,Đường,1.5,muỗng cà phê,theo_noi,gia_vi,
ca_thu_sot_ca_chua,muoi_ca_na,Muối,0.5,muỗng cà phê,theo_noi,gia_vi,
ca_thu_sot_ca_chua,,Bột ngọt,0.5,muỗng cà phê,theo_noi,gia_vi,
ca_thu_sot_ca_chua,,Tiêu xay,0.5,muỗng cà phê,theo_noi,gia_vi,
ca_ngu_kho_tieu,ca_ngu_dd,Cá ngừ,500,g,theo_nguoi,chinh,
ca_ngu_kho_tieu,toi_pr,Hành tỏi,,vừa đủ,theo_noi,gia_vi,
ca_ngu_kho_tieu,sa_ot,Ớt đỏ,,vừa đủ,theo_noi,gia_vi,
ca_ngu_kho_tieu,rau_thom,Hành lá,,vừa đủ,theo_nguoi,phu,
ca_ngu_kho_tieu,,Mắm,,vừa đủ,theo_noi,gia_vi,
ca_ngu_kho_tieu,,Đường,,vừa đủ,theo_noi,gia_vi,
ca_ngu_kho_tieu,,Bột ngọt,,vừa đủ,theo_noi,gia_vi,
ca_ngu_kho_tieu,,Dầu hào,,vừa đủ,theo_noi,gia_vi,
ca_ngu_kho_tieu,,Tiêu sọ,,vừa đủ,theo_noi,gia_vi,
ca_nuc_kho_ca_chua,ca_nuc,Cá nục,4,con,theo_nguoi,chinh,
ca_nuc_kho_ca_chua,ca_chua,Nhỏ Cà chua,3,quả,theo_nguoi,chinh,
ca_nuc_kho_ca_chua,,"Hành lá, hành tím, tỏi",,vừa đủ,theo_noi,gia_vi,
cha_ca_thu_chien,ca_thu,Chả cá thu xay sẵn,200,g,theo_nguoi,chinh,
cha_ca_thu_chien,hanh_tim,Hành tím,5,củ,theo_noi,gia_vi,
cha_ca_thu_chien,,Ít tiêu,1,,theo_noi,gia_vi,
cha_ca_thu_chien,muoi_ca_na,Ít muối,1,,theo_noi,gia_vi,
cha_ca_thu_chien,,Ít mì chính,1,,theo_noi,gia_vi,
cha_ca_thu_chien,,Ít bột nêm,1,,theo_noi,gia_vi,
cha_ca_thu_chien,sa_ot,Ít ớt bột,1,,theo_noi,gia_vi,
cha_ca_thu_chien,,Dầu ăn,3,muỗng canh,theo_noi,gia_vi,
cha_ca_thu_chien,rau_thom,Ít hành lá,1,,theo_nguoi,phu,
ca_com_kho_rim_dau_phong,ca_com_kho,Cá cơm khô”nên nua loại nhỏ trắng khô sẽ ngọt hơn”,80,g,theo_nguoi,chinh,
ca_com_kho_rim_dau_phong,,"Đường, tiêu, ớt",,vừa đủ,theo_noi,gia_vi,
ca_com_kho_rim_dau_phong,,"Nước mắm, tương ớt",,vừa đủ,theo_noi,gia_vi,
ca_com_kho_rim_dau_phong,,"Bột canh, ớt bột HQ",,vừa đủ,theo_noi,gia_vi,
ca_com_kho_rim_dau_phong,,"Bột ngọt, nước lọc",,vừa đủ,theo_noi,gia_vi,
ca_com_kho_rim_dau_phong,,"Nước cốt chanh, lá chanh”tuỳ khẩu vị”",,vừa đủ,theo_noi,gia_vi,
ca_thu_chien_sa,ca_thu,Khứa cá thu,5,,theo_nguoi,chinh,
ca_thu_chien_sa,muoi_ca_na,Xíu hoa muối,,vừa đủ,theo_noi,gia_vi,
ca_thu_chien_sa,sa_ot,Vài lát gừng,,vừa đủ,theo_noi,gia_vi,
ca_thu_chien_sa,sa_ot,Vài cọng sả,,vừa đủ,theo_noi,gia_vi,
ca_thu_chien_sa,thit_heo,Mỡ heo,,vừa đủ,theo_nguoi,phu,
dau_hap_tom_thit_sot_chua_ngot,dau_phu,Đậu phụ non,1200,g,theo_nguoi,phu,
dau_hap_tom_thit_sot_chua_ngot,thit_heo,Thịt lợn xay,300,g,theo_nguoi,chinh,chọn phần có cả nạc và mỡ
dau_hap_tom_thit_sot_chua_ngot,tom_the,Tôm tươi,200,g,theo_nguoi,chinh,đã bỏ vỏ và đầu
dau_hap_tom_thit_sot_chua_ngot,nam,Nấm hương,32,cái,theo_nguoi,phu,
dau_hap_tom_thit_sot_chua_ngot,trung,Trứng gà,2,quả,theo_nguoi,phu,trứng đánh tan lấy 1/2 quả - không bắt buộc
dau_hap_tom_thit_sot_chua_ngot,,"Muối, hoặc bột gia vị, tiêu",,vừa đủ,theo_noi,gia_vi,
muc_xao_dua,muc_tuoi,Mực ống to,4,con,theo_nguoi,chinh,
muc_xao_dua,,Dứa,1.5,quả,theo_nguoi,phu,
muc_xao_dua,ca_chua,Cà chua,1.5,quả,theo_nguoi,phu,
muc_xao_dua,toi_pr,Tỏi tây,1,cây,theo_noi,gia_vi,
muc_xao_dua,can_tay,Cần tây,3,cây,theo_nguoi,phu,
muc_xao_dua,,Bột canh,4,muỗng cà phê,theo_noi,gia_vi,
muc_xao_dua,,Mì chính,1,muỗng cà phê,theo_noi,gia_vi,
muc_xao_dua,,Hạt tiêu,0.5,muỗng cà phê,theo_noi,gia_vi,
tom_thit_rim_man_ngot,tom_the,Tôm,400,g,theo_nguoi,chinh,
tom_thit_rim_man_ngot,thit_heo,Thịt heo mỡ mỡ nạc nạc,300,g,theo_nguoi,chinh,ba rọi hoặc nạc dăm
tom_thit_rim_man_ngot,,"Nước mắm,bột ngọt,hạt nêm,đường,hành lá",,vừa đủ,theo_noi,gia_vi,
tom_thit_rim_man_ngot,,"Hành tím băm nhỏ,muối",,vừa đủ,theo_noi,gia_vi,
sua_tron_mam_nhi,,Đường,160,g,theo_noi,gia_vi,
sua_tron_mam_nhi,,Mắm nhĩ,160,g,theo_noi,gia_vi,mắm 584
sua_tron_mam_nhi,,Nước lọc,160,g,theo_noi,gia_vi,
sua_tron_mam_nhi,khe_me,Nước chanh,30,g,theo_noi,gia_vi,"hoặc tắc, chanh dây 40g"
sua_tron_mam_nhi,sa_ot,Tương ớt,50,g,theo_noi,gia_vi,
sua_tron_mam_nhi,sa_ot,Bột ớt,10,g,theo_noi,gia_vi,tuỳ thích
sua_tron_mam_nhi,sua,Chân sứa,1000,g,theo_nguoi,chinh,
sua_tron_mam_nhi,,Cà pháo,400,g,theo_nguoi,phu,
sua_tron_mam_nhi,sa_ot,Ít ớt xiêm,1.5,,theo_noi,gia_vi,
sua_tron_mam_nhi,,Tắc,16,quả,theo_nguoi,phu,
ngheu_hap_sa,,Nghêu,,vừa đủ,theo_nguoi,chinh,
ngheu_hap_sa,sa_ot,Sả cây,,vừa đủ,theo_noi,gia_vi,
ngheu_hap_sa,sa_ot,Gừng,,vừa đủ,theo_noi,gia_vi,
ngheu_hap_sa,toi_pr,Tỏi,,vừa đủ,theo_noi,gia_vi,
ngheu_hap_sa,sa_ot,Ớt,,vừa đủ,theo_noi,gia_vi,
ngheu_hap_sa,khe_me,Chanh,,vừa đủ,theo_noi,gia_vi,
ngheu_hap_sa,,Nước lọc,,vừa đủ,theo_noi,gia_vi,
muc_hap_hanh_gung,muc_tuoi,Mực nang,1,con,theo_nguoi,chinh,1kg
muc_hap_hanh_gung,sa_ot,Gừng,1,củ,theo_noi,gia_vi,100gr
muc_hap_hanh_gung,rau_thom,Hành lá,50,g,theo_nguoi,phu,
muc_hap_hanh_gung,,Rượu trắng,1,muỗng canh,theo_noi,gia_vi,
muc_hap_hanh_gung,muoi_ca_na,Muối,1,muỗng canh,theo_noi,gia_vi,
muc_hap_hanh_gung,,"Nước chấm: mắm ruốc Huế, nước mắm, tỏi ớt, gừng, chanh, đường",,vừa đủ,theo_noi,gia_vi,
muc_hap_hanh_gung,rau_thom,"Rau ăn kèm: dưa gang non, trái vả, rau húng lủi",,vừa đủ,theo_nguoi,phu,
oc_huong_luoc,,Ốc hương,2000,g,theo_nguoi,chinh,
oc_huong_luoc,sa_ot,Sả,8,nhánh,theo_noi,gia_vi,
oc_huong_luoc,rau_thom,Lá chanh,40,cái,theo_nguoi,phu,
oc_huong_luoc,,Quật,8,quả,theo_nguoi,phu,
oc_huong_luoc,sa_ot,Gừng,1.5,củ,theo_noi,gia_vi,
oc_huong_luoc,sa_ot,Ớt xanh,,vừa đủ,theo_noi,gia_vi,
oc_huong_luoc,sa_ot,Ớt đỏ,,vừa đủ,theo_noi,gia_vi,
oc_huong_luoc,,Mắm,,vừa đủ,theo_noi,gia_vi,
oc_huong_luoc,,Đường,,vừa đủ,theo_noi,gia_vi,
oc_huong_luoc,muoi_ca_na,Muối,,vừa đủ,theo_noi,gia_vi,
tom_rang_muoi,tom_the,Tôm sú,1000,g,theo_nguoi,chinh,
tom_rang_muoi,muoi_ca_na,Muối hột,50,g,theo_noi,gia_vi,
tom_rang_muoi,sa_ot,Sả,3,cây,theo_noi,gia_vi,
tom_rang_muoi,sa_ot,Ớt,2,quả,theo_noi,gia_vi,
tom_rang_muoi,rau_thom,Lá chanh,10,lá,theo_nguoi,phu,
cha_muc,muc_tuoi,Mực ống,1000,g,theo_nguoi,chinh,hoặc mực nang
cha_muc,,Rượu trắng,2,muỗng canh,theo_noi,gia_vi,
cha_muc,mam_ca_na,Nước mắm,2,muỗng cà phê,theo_noi,gia_vi,
cha_muc,,Hạt nêm,1,muỗng cà phê,theo_noi,gia_vi,
cha_muc,,Đường,1,muỗng cà phê,theo_noi,gia_vi,
cha_muc,hanh_tim,Hành tím băm,2,muỗng cà phê,theo_noi,gia_vi,
cha_muc,toi_pr,Tỏi băm,2,muỗng cà phê,theo_noi,gia_vi,
cha_muc,khoai_tay,Bột khoai tây,1,muỗng canh,theo_noi,phu,
cha_muc,,Dầu ăn,,vừa đủ,theo_noi,gia_vi,
tom_hap_nuoc_dua,tom_the,Tôm tươi,,vừa đủ,theo_nguoi,chinh,
tom_hap_nuoc_dua,,Dừa xiêm,1,quả,theo_nguoi,phu,
tom_hap_nuoc_dua,,Hạt nêm,,vừa đủ,theo_noi,gia_vi,
tom_hap_nuoc_dua,rau_thom,"Ngò, cà rốt trang trí",,vừa đủ,theo_nguoi,phu,
ghe_hap_gung_sa,,Ghẹ,500,g,theo_nguoi,chinh,
ghe_hap_gung_sa,muoi_ca_na,Muối tiêu,,vừa đủ,theo_noi,gia_vi,
ghe_hap_gung_sa,muoi_ca_na,Muối ớt chanh,,vừa đủ,theo_noi,gia_vi,
ghe_hap_gung_sa,sa_ot,Sả,3,cây,theo_noi,gia_vi,
ghe_hap_gung_sa,,Bia hoặc nước lọc,100,ml,theo_noi,gia_vi,
so_diep_nuong_mo_hanh,,Sò điệp,2000,g,theo_nguoi,chinh,
so_diep_nuong_mo_hanh,,Hành,,vừa đủ,theo_noi,gia_vi,
so_diep_nuong_mo_hanh,toi_pr,Tỏi,8,tép,theo_noi,gia_vi,
so_diep_nuong_mo_hanh,,Xả,,vừa đủ,theo_nguoi,phu,
so_diep_nuong_mo_hanh,sa_ot,Gừng,,vừa đủ,theo_noi,gia_vi,
so_diep_nuong_mo_hanh,dau_phong,Lạc,,vừa đủ,theo_nguoi,phu,
so_diep_nuong_mo_hanh,mam_ca_na,Nước mắm,3,muỗng canh,theo_noi,gia_vi,
so_diep_nuong_mo_hanh,,Đường,3,muỗng canh,theo_noi,gia_vi,
so_diep_nuong_mo_hanh,muoi_ca_na,Muối,,vừa đủ,theo_noi,gia_vi,
so_diep_nuong_mo_hanh,,Giấm,1.5,muỗng canh,theo_noi,gia_vi,
so_diep_nuong_mo_hanh,,Bột nêm,1.5,muỗng canh,theo_noi,gia_vi,
muc_ong_nhoi_thit_sot_ca,muc_tuoi,Mực nhỏ,11,con,theo_nguoi,chinh,
muc_ong_nhoi_thit_sot_ca,thit_heo,Thịt xay,270,g,theo_nguoi,chinh,
muc_ong_nhoi_thit_sot_ca,ca_chua,Cà chua,3,quả,theo_nguoi,phu,
muc_ong_nhoi_thit_sot_ca,,Tai mộc nhĩ,3,,theo_nguoi,phu,
muc_ong_nhoi_thit_sot_ca,,"Hành tỏi băm, hành ngò, bột năng, bơ Tường An",,vừa đủ,theo_noi,gia_vi,
cua_rang_me,,Cua bể,1330,g,theo_nguoi,chinh,
cua_rang_me,khe_me,"Vắt me chín, khoảng 1 muỗng canh",1,,theo_noi,gia_vi,
cua_rang_me,,"Hành khô, ớt",,vừa đủ,theo_noi,gia_vi,
nom_ga_rau_thom,ga_ta,Nửa Con gà,1.5,,theo_nguoi,chinh,
nom_ga_rau_thom,,Hành tây,1.5,củ,theo_nguoi,phu,
nom_ga_rau_thom,xa_lach,Xà lách nhỏ,3,cây,theo_nguoi,phu,
nom_ga_rau_thom,rau_thom,Nhỏ Rau răm,1.5,bó,theo_nguoi,phu,
nom_ga_rau_thom,rau_thom,Nhỏ Rau mùi,1.5,bó,theo_nguoi,phu,
nom_ga_rau_thom,,Bột canh,2,muỗng cà phê,theo_noi,gia_vi,
nom_ga_rau_thom,,Đường,2,muỗng cà phê,theo_noi,gia_vi,
nom_ga_rau_thom,khe_me,Chanh nhỏ,1,quả,theo_noi,gia_vi,
nom_ga_rau_thom,sa_ot,Ớt nhỏ,1,quả,theo_noi,gia_vi,
canh_ga_nuong_sa,ga_ta,Cánh gà,1000,g,theo_nguoi,chinh,
canh_ga_nuong_sa,sa_ot,Sả,3,cây,theo_noi,gia_vi,
canh_ga_nuong_sa,,Dầu hào,1.5,muỗng canh,theo_noi,gia_vi,
canh_ga_nuong_sa,,Gia vị Hải Châu,1.5,muỗng cà phê,theo_noi,gia_vi,
canh_ga_nuong_sa,,Tiêu bột,1.5,muỗng cà phê,theo_noi,gia_vi,
canh_ga_nuong_sa,,Nước tương,1.5,muỗng canh,theo_noi,gia_vi,
canh_ga_nuong_sa,,Đường,1.5,muỗng cà phê,theo_noi,gia_vi,
canh_ga_nuong_sa,,Dầu ăn,1.5,muỗng canh,theo_noi,gia_vi,
thit_ga_sot_chua_ngot,ga_ta,Má đùi gà không da,600,g,theo_nguoi,chinh,
thit_ga_sot_chua_ngot,muoi_ca_na,Muối,0.5,muỗng cà phê,theo_noi,gia_vi,
thit_ga_sot_chua_ngot,,Bột chiên giòn,80,g,theo_noi,gia_vi,
thit_ga_sot_chua_ngot,sa_ot,Ớt chuông đỏ,1,quả,theo_noi,gia_vi,
thit_ga_sot_chua_ngot,sa_ot,Ớt chuông vàng,1,quả,theo_noi,gia_vi,
thit_ga_sot_chua_ngot,ca_chua,Cà chua,2,quả,theo_nguoi,phu,
thit_ga_sot_chua_ngot,,Dấm,1.5,muỗng canh,theo_noi,gia_vi,
thit_ga_sot_chua_ngot,,Đường,3,muỗng canh,theo_noi,gia_vi,
thit_ga_sot_chua_ngot,muoi_ca_na,Muối,0.5,muỗng cà phê,theo_noi,gia_vi,
thit_ga_sot_chua_ngot,,Dầu mè,1.5,muỗng canh,theo_noi,gia_vi,
thit_ga_sot_chua_ngot,,Dầu ăn,320,ml,theo_noi,gia_vi,
thit_ga_sot_chua_ngot,,Mè đen,1.5,muỗng cà phê,theo_noi,phu,
vit_chay_toi,ga_ta,Ngan,700,g,theo_nguoi,chinh,vịt
vit_chay_toi,toi_pr,Tỏi,100,g,theo_noi,gia_vi,
vit_chay_toi,sa_ot,Gừng,50,g,theo_noi,gia_vi,
vit_chay_toi,,Bột ngũ vị hương,5,g,theo_noi,gia_vi,
vit_chay_toi,,Rượu mai quế lộ,15,ml,theo_noi,gia_vi,
vit_chay_toi,,"Húng đứng, ngò gai, ớt",,vừa đủ,theo_noi,gia_vi,
vit_chay_toi,,"Hạt nêm, đường, bột ngọt, nước tương, dầu hào, rượu trắng",,vừa đủ,theo_noi,gia_vi,
vit_chay_toi,,Dầu ăn,,vừa đủ,theo_noi,gia_vi,
ga_xao_ngo,ga_ta,Gà,600,g,theo_nguoi,chinh,
ga_xao_ngo,,Bột bắp,160,g,theo_noi,gia_vi,
ga_xao_ngo,ngo,Ngô,2,bắp,theo_nguoi,chinh,
ga_xao_ngo,sa_ot,Tương ớt,3,muỗng canh,theo_noi,gia_vi,
ga_xao_ngo,,Đường,5,muỗng canh,theo_noi,gia_vi,
ga_xao_ngo,,Đường,5,muỗng canh,theo_noi,gia_vi,
ga_xao_ngo,,Ít xúc xích cũng được,2,,theo_nguoi,phu,
ga_xao_ngo,,Bơ lạt,15,g,theo_noi,gia_vi,
canh_ga_chien_nuoc_mam,ga_ta,Cánh gà,16,,theo_nguoi,chinh,
canh_ga_chien_nuoc_mam,sa_ot,Gừng xay,1,muỗng cà phê,theo_noi,gia_vi,
canh_ga_chien_nuoc_mam,,Hạt mêm,1,muỗng cà phê,theo_noi,phu,
canh_ga_chien_nuoc_mam,,Tiêu xay,0.5,muỗng cà phê,theo_noi,gia_vi,
canh_ga_chien_nuoc_mam,,Cup bột khoai tây hoặc bột bắp,1,,theo_noi,gia_vi,
canh_ga_chien_nuoc_mam,,Cup bột năng,0.5,,theo_noi,gia_vi,
canh_ga_chien_nuoc_mam,toi_pr,Soup tỏi xay,2,muỗng canh,theo_noi,gia_vi,
canh_ga_chien_nuoc_mam,sa_ot,Ớt xay,1,muỗng cà phê,theo_noi,gia_vi,tuỳ khẩu vị
canh_ga_chien_nuoc_mam,mam_ca_na,Soup nước mắm,4,muỗng canh,theo_noi,gia_vi,
canh_ga_chien_nuoc_mam,,Soup đường,4,muỗng canh,theo_noi,gia_vi,
canh_ga_chien_nuoc_mam,khe_me,Soup nước cốt chanh,2,muỗng canh,theo_noi,gia_vi,
canh_ga_chien_nuoc_mam,,Dầu ăn,,vừa đủ,theo_noi,gia_vi,
vit_nau_thom,ga_ta,Vịt,1000,g,theo_nguoi,chinh,
vit_nau_thom,,Thơm,0.5,quả,theo_nguoi,phu,
vit_nau_thom,ca_rot,Cà rốt,0.5,củ,theo_nguoi,phu,
vit_nau_thom,khoai_tay,Khoai Tây,1.5,củ,theo_nguoi,phu,
vit_nau_thom,nam,Nấm đông cô,7,cái,theo_nguoi,phu,
vit_nau_thom,hanh_tim,Hành tím,8,củ,theo_noi,gia_vi,
vit_nau_thom,ga_ta,Huyết vịt,330,g,theo_nguoi,chinh,
vit_nau_thom,sa_ot,Sả,2,cây,theo_noi,gia_vi,
vit_nau_thom,rau_thom,Ngò gai,2,nhánh,theo_nguoi,phu,
vit_nau_thom,toi_pr,Hành tỏi xay,1.5,muỗng canh,theo_noi,gia_vi,
vit_nau_thom,sa_ot,Gừng xắt sợi,1.5,muỗng canh,theo_noi,gia_vi,
vit_nau_thom,sa_ot,Gừng xắt lát,1,muỗng canh,theo_noi,gia_vi,
vit_nau_thom,tom_the,Sa tế tôm,2,muỗng canh,theo_noi,phu,
vit_nau_thom,mam_ca_na,Nước mắm,2,muỗng canh,theo_noi,gia_vi,
vit_nau_thom,,Đường,2,muỗng canh,theo_noi,gia_vi,
vit_nau_thom,,Bột ngọt,1.5,muỗng cà phê,theo_noi,gia_vi,
vit_nau_thom,,Tiêu,1,muỗng cà phê,theo_noi,gia_vi,
vit_nau_thom,muoi_ca_na,Muối,1,muỗng cà phê,theo_noi,gia_vi,
vit_nau_thom,,Dầu ăn,1.5,muỗng canh,theo_noi,gia_vi,
vit_nau_thom,,Dầu màu điều,1,muỗng canh,theo_noi,gia_vi,
vit_nau_thom,,Nước dừa tươi,470,ml,theo_nguoi,phu,
cha_uc_ga_nam_huong,ga_ta,Ức gà băm,670,g,theo_nguoi,chinh,
cha_uc_ga_nam_huong,nam,Tai Nấm hương nhỏ,5,,theo_nguoi,chinh,
cha_uc_ga_nam_huong,dau_phu,Đậu hũ non,40,g,theo_nguoi,phu,
cha_uc_ga_nam_huong,,Rau củ hỗn hợp đông lạnh,130,g,theo_nguoi,phu,"bắp, đậu hoà lan, cà rốt,…"
cha_uc_ga_nam_huong,rau_thom,Hành lá xắt nhỏ,1,muỗng canh,theo_noi,phu,
cha_uc_ga_nam_huong,,Xì dầu,2,muỗng canh,theo_noi,gia_vi,
cha_uc_ga_nam_huong,,Rượu nấu ăn,1,muỗng canh,theo_noi,gia_vi,hoặc mirin
cha_uc_ga_nam_huong,,Hắc xì dầu,0.5,muỗng canh,theo_noi,gia_vi,
cha_uc_ga_nam_huong,,Tiêu đen xay,0.5,muỗng canh,theo_noi,gia_vi,
cha_uc_ga_nam_huong,,Bột bắp/bột khoai tây,2,muỗng canh,theo_noi,gia_vi,
cha_uc_ga_nam_huong,muoi_ca_na,Ít Muối,1,,theo_noi,gia_vi,
cha_uc_ga_nam_huong,,Dầu hào,1,muỗng canh,theo_noi,gia_vi,
cha_uc_ga_nam_huong,,Ít Dầu ăn,1,,theo_noi,gia_vi,
dui_ga_rut_xuong_ap_chao,ga_ta,Đùi gà rút xương,4,cái,theo_nguoi,chinh,
dui_ga_rut_xuong_ap_chao,,Hành băm,20,g,theo_nguoi,phu,
dui_ga_rut_xuong_ap_chao,toi_pr,Tỏi băm,15,g,theo_noi,gia_vi,
dui_ga_rut_xuong_ap_chao,sa_ot,Sả băm,15,g,theo_noi,gia_vi,
dui_ga_rut_xuong_ap_chao,sa_ot,Ớt băm,10,g,theo_noi,gia_vi,
dui_ga_rut_xuong_ap_chao,mam_ca_na,Nước mắm,1.5,muỗng canh,theo_noi,gia_vi,
dui_ga_rut_xuong_ap_chao,muoi_ca_na,Muối,1,muỗng cà phê,theo_noi,gia_vi,
dui_ga_rut_xuong_ap_chao,,Xì dầu,1.5,muỗng canh,theo_noi,gia_vi,
dui_ga_rut_xuong_ap_chao,xa_lach,Xà lách,100,g,theo_nguoi,phu,
dui_ga_rut_xuong_ap_chao,,Dưa chuột,2,quả,theo_nguoi,phu,khoảng 100g
dui_ga_rut_xuong_ap_chao,ca_chua,Cà chua,2,quả,theo_nguoi,phu,khoảng 80g
ga_kho_gung,ga_ta,Đùi gà góc tư,3,cái,theo_nguoi,chinh,
ga_kho_gung,sa_ot,Gừng,1,củ,theo_noi,gia_vi,
ga_kho_gung,rau_thom,Hành lá,,vừa đủ,theo_nguoi,phu,
ga_om_nam,ga_ta,Gà,,vừa đủ,theo_nguoi,chinh,
ga_om_nam,nam,Nấm đông cô,,vừa đủ,theo_nguoi,chinh,
ga_om_nam,ca_rot,Cà rốt,,vừa đủ,theo_nguoi,phu,
ga_om_nam,,Nước dừa,,vừa đủ,theo_nguoi,phu,
ga_om_nam,,Dầu ăn,,vừa đủ,theo_noi,gia_vi,
ga_om_nam,,"Hành lá, ngò, tiêu",,vừa đủ,theo_noi,gia_vi,
ga_om_nam,,"Hành tím, tỏi",,vừa đủ,theo_noi,gia_vi,
ga_om_nam,,"Bột hành, bột tỏi, gia vị tuỳ ý",,vừa đủ,theo_noi,gia_vi,
ca_ri_ga,ga_ta,Gà mái tơ,0.5,con,theo_nguoi,chinh,1.5kg
ca_ri_ga,,Hành tây,0.5,củ,theo_nguoi,phu,
ca_ri_ga,ca_rot,Cà rốt,3,củ,theo_nguoi,phu,
ca_ri_ga,khoai_tay,Khoai tây,2,củ,theo_nguoi,phu,
ca_ri_ga,sa_ot,Sả,1.5,cây,theo_noi,gia_vi,
ca_ri_ga,,Ngũ vị hương,1,gói,theo_noi,gia_vi,
ca_ri_ga,,Lọ cà ri sệt hoặc 1 gói bột cà ri,0.5,,theo_nguoi,phu,
ca_ri_ga,,Dừa nạo,200,g,theo_nguoi,phu,
ca_ri_ga,,Lọ sữa đặc,0.5,,theo_nguoi,phu,
ca_ri_ga,,Sữa tươi,0.5,gói,theo_nguoi,phu,
ca_ri_ga,rau_thom,"Rau thơm, hành lá, ngò rí",,vừa đủ,theo_nguoi,phu,
ca_ri_ga,,"Muối, đường, bột canh, nước mắm, ớt, tiêu, tỏi, hành",,vừa đủ,theo_noi,gia_vi,
vit_luoc_cham_mam_gung,ga_ta,Vịt,1,con,theo_nguoi,chinh,
vit_luoc_cham_mam_gung,sa_ot,Gừng,1.5,củ,theo_noi,gia_vi,
vit_luoc_cham_mam_gung,,Rượu trắng,,vừa đủ,theo_noi,gia_vi,
bo_xao_luc_lac,thit_bo,Thịt bò,1200,g,theo_nguoi,chinh,phần ít gân
bo_xao_luc_lac,,Hành tây,4,củ,theo_nguoi,phu,
bo_xao_luc_lac,sa_ot,Ớt chuông,6,quả,theo_noi,gia_vi,các màu
bo_xao_luc_lac,,Bột canh,6,muỗng cà phê,theo_noi,gia_vi,
bo_xao_luc_lac,,Hạt tiêu,3,muỗng cà phê,theo_noi,gia_vi,
bo_xao_luc_lac,toi_pr,Tỏi,14,tép,theo_noi,gia_vi,
bo_kho,thit_bo,Bò,1200,g,theo_nguoi,chinh,
bo_kho,,Khoai Tay,800,g,theo_nguoi,phu,
bo_kho,ca_rot,Cà Rốt,800,g,theo_nguoi,phu,
bo_kho,,Hành tây,2,củ,theo_nguoi,phu,
bo_kho,sa_ot,Sả,6,nhánh,theo_noi,gia_vi,
bo_kho,,Thảo quả,3,quả,theo_noi,gia_vi,
bo_kho,,Quế,30,g,theo_noi,gia_vi,
bo_kho,,Hoa hồi,3,,theo_noi,gia_vi,
bo_kho,,Bay leaf,8,lá,theo_nguoi,phu,
bo_kho,,Bột mì,6,muỗng canh,theo_noi,gia_vi,
bo_kho,muoi_ca_na,Muối,3,muỗng canh,theo_noi,gia_vi,
bo_kho,,Knorr,1.5,muỗng cà phê,theo_noi,gia_vi,
bo_kho,,Đường,1.5,muỗng cà phê,theo_noi,gia_vi,
bo_kho,ca_chua,Cà chua paste nhỏ,4,hộp,theo_nguoi,phu,40 gr
bo_kho,,Ít tiêu đen,3,,theo_noi,gia_vi,
bo_kho,rau_thom,Ít hành lá để trang trí,4,,theo_nguoi,phu,
bap_bo_ngam_chua_ngot,thit_bo,Bắp bò/ Thăn bò,600,g,theo_nguoi,chinh,
bap_bo_ngam_chua_ngot,sa_ot,Gừng to,1.5,củ,theo_noi,gia_vi,
bap_bo_ngam_chua_ngot,,Ít Tiêu hạt,1.5,,theo_noi,gia_vi,
bap_bo_ngam_chua_ngot,,Bột canh,1.5,muỗng cà phê,theo_noi,gia_vi,
bap_bo_ngam_chua_ngot,mam_ca_na,Nước mắm,8,muỗng cà phê,theo_noi,gia_vi,
bap_bo_ngam_chua_ngot,,Con Nước lạnh,2,chén,theo_nguoi,phu,
bap_bo_ngam_chua_ngot,sa_ot,Ớt,1.5,quả,theo_noi,gia_vi,
bap_bo_ngam_chua_ngot,khe_me,Chanh nhỏ,1.5,quả,theo_noi,gia_vi,
bap_bo_ngam_chua_ngot,,Quất,2,quả,theo_nguoi,phu,
bap_bo_ngam_chua_ngot,,Đường,5,muỗng cà phê,theo_noi,gia_vi,
bap_bo_ngam_chua_ngot,toi_pr,Tỏi,8,tép,theo_noi,gia_vi,
bap_bo_hap_sa_gung,thit_bo,Bắp bò,700,g,theo_nguoi,chinh,
bap_bo_hap_sa_gung,sa_ot,Sả tươi,2,củ,theo_noi,gia_vi,
bap_bo_hap_sa_gung,sa_ot,Gừng tươi,2,củ,theo_noi,gia_vi,
bap_bo_hap_sa_gung,toi_pr,Tỏi,3,tép,theo_noi,gia_vi,
bap_bo_hap_sa_gung,mam_ca_na,Nước mắm,,vừa đủ,theo_noi,gia_vi,
bap_bo_hap_sa_gung,,Đường,,vừa đủ,theo_noi,gia_vi,
bap_bo_hap_sa_gung,khe_me,Giấm hoặc chanh,,vừa đủ,theo_noi,gia_vi,
bap_bo_hap_sa_gung,sa_ot,Ớt băm,,vừa đủ,theo_noi,gia_vi,
bo_xao_mang_tay,thit_bo,G thịt bò,300,g,theo_nguoi,chinh,
bo_xao_mang_tay,mang_tay,Măng tây,2,bó,theo_nguoi,chinh,
bo_xao_mang_tay,toi_pr,Tỏi băm,1.5,muỗng canh,theo_noi,gia_vi,
bo_xao_hanh_tay,,Hành tây,2,củ,theo_nguoi,chinh,
bo_xao_hanh_tay,thit_bo,Thịt bò,600,g,theo_nguoi,chinh,
bo_xao_hanh_tay,,Xì dầu,1.5,muỗng canh,theo_noi,gia_vi,
bo_xao_hanh_tay,muoi_ca_na,Ít muối hồng,1.5,,theo_noi,gia_vi,
bo_xao_hanh_tay,,Dầu ăn,3,muỗng canh,theo_noi,gia_vi,
bo_xao_hanh_tay,,Ít bột ngọt,1.5,,theo_noi,gia_vi,tuỳ thích
bo_vien_sot_ca_chua,thit_bo,Thịt bò,300,g,theo_nguoi,chinh,
bo_vien_sot_ca_chua,,Hành tây lớn,1,củ,theo_nguoi,phu,
bo_vien_sot_ca_chua,toi_pr,Tỏi,1,củ,theo_noi,gia_vi,
bo_vien_sot_ca_chua,bun,Tbs vụn bánh mì,2,,theo_nguoi,phu,
bo_vien_sot_ca_chua,,Ít sữa tươi,1,,theo_nguoi,phu,
bo_vien_sot_ca_chua,,Lá parsley,1,nắm,theo_nguoi,phu,
bo_vien_sot_ca_chua,,Basil,4,lá,theo_nguoi,phu,
bo_vien_sot_ca_chua,ca_chua,Cà chua,4,quả,theo_nguoi,chinh,
bo_vien_sot_ca_chua,,Tbs tương cà,1,,theo_noi,gia_vi,
bo_vien_sot_ca_chua,sa_ot,Bột ớt Hàn quốc,1,muỗng cà phê,theo_noi,gia_vi,
bo_vien_sot_ca_chua,sa_ot,Bột ớt paprika,1,muỗng cà phê,theo_noi,gia_vi,
bo_vien_sot_ca_chua,,"Muối, tiêu, đường",,vừa đủ,theo_noi,gia_vi,
trung_chien_nuoc_mam,trung,Trứng gà ta,3,cái,theo_nguoi,chinh,
trung_chien_nuoc_mam,rau_thom,Hành lá,10,g,theo_nguoi,phu,
trung_chien_nuoc_mam,,Đường,1,muỗng canh,theo_noi,gia_vi,
trung_chien_nuoc_mam,mam_ca_na,Nước mắm,2,muỗng canh,theo_noi,gia_vi,
trung_chien_nuoc_mam,sa_ot,Tương ớt,1,muỗng canh,theo_noi,gia_vi,
trung_chien_nuoc_mam,,Dầu ăn,3,muỗng canh,theo_noi,gia_vi,
trung_chien_nuoc_mam,,Nước lọc,3,muỗng canh,theo_noi,gia_vi,
trung_chung_ca_chua,trung,Trứng,8,quả,theo_nguoi,chinh,
trung_chung_ca_chua,ca_chua,Cà chua,4,quả,theo_nguoi,chinh,
trung_chung_ca_chua,rau_thom,"Củ hành lá, hành",,vừa đủ,theo_nguoi,phu,
trung_chung_ca_chua,,"Hạt tiêu, nước mắm",,vừa đủ,theo_noi,gia_vi,
trung_chung_ca_chua,,Nhúm đường,3,,theo_noi,gia_vi,
dau_hu_nhoi_thit_sot_ca_chua,dau_phu,Đậu hũ cứng Momen tofu,12,miếng,theo_nguoi,chinh,900 g
dau_hu_nhoi_thit_sot_ca_chua,thit_heo,Thịt heo xay,330,g,theo_nguoi,chinh,
dau_hu_nhoi_thit_sot_ca_chua,nam,Nấm mèo khô,10,g,theo_nguoi,phu,
dau_hu_nhoi_thit_sot_ca_chua,,Hành tây,60,g,theo_nguoi,phu,
dau_hu_nhoi_thit_sot_ca_chua,rau_thom,Hành lá,30,g,theo_nguoi,phu,
dau_hu_nhoi_thit_sot_ca_chua,ca_chua,Cà chua lớn,4,quả,theo_nguoi,chinh,400 g
dau_hu_nhoi_thit_sot_ca_chua,toi_pr,Tỏi,3,tép,theo_noi,gia_vi,5 g
dau_hu_nhoi_thit_sot_ca_chua,,Nước lọc,140,ml,theo_noi,gia_vi,
dau_hu_nhoi_thit_sot_ca_chua,,Vừa đủ Dầu ăn,,vừa đủ,theo_noi,gia_vi,
dau_hu_nhoi_thit_sot_ca_chua,mam_ca_na,Nước mắm,15,ml,theo_noi,gia_vi,ướp thịt
dau_hu_nhoi_thit_sot_ca_chua,,Tiêu xay,0.5,muỗng cà phê,theo_noi,gia_vi,
dau_hu_nhoi_thit_sot_ca_chua,mam_ca_na,Nước mắm,15,ml,theo_noi,gia_vi,nấu sốt
dau_hu_nhoi_thit_sot_ca_chua,,Tương cà,15,ml,theo_noi,gia_vi,
dau_hu_trung_sot_nam,dau_phu,Đậu hũ trứng,4,cây,theo_nguoi,chinh,
dau_hu_trung_sot_nam,nam,Nấm rơm búp,200,g,theo_nguoi,chinh,
dau_hu_trung_sot_nam,nam,Tai nấm đông cô khô,12,,theo_nguoi,chinh,
dau_hu_trung_sot_nam,,Bơ lạt,40,g,theo_noi,gia_vi,
dau_hu_trung_sot_nam,toi_pr,Tỏi băm,1.5,muỗng canh,theo_noi,gia_vi,
dau_hu_trung_sot_nam,hanh_tim,Hành tím băm,1.5,muỗng canh,theo_noi,gia_vi,
dau_hu_trung_sot_nam,,Dầu hào chay,1.5,muỗng canh,theo_noi,gia_vi,
dau_hu_trung_sot_nam,,Hạt nêm nấm,1.5,muỗng cà phê,theo_noi,gia_vi,
dau_hu_trung_sot_nam,,Bột ngọt,0.5,muỗng cà phê,theo_noi,gia_vi,
dau_hu_trung_sot_nam,,Tiêu,0.5,muỗng cà phê,theo_noi,gia_vi,
dau_hu_trung_sot_nam,,Đường,1.5,muỗng cà phê,theo_noi,gia_vi,
nam_rom_kho_dau_hu,nam,Nấm rơm,300,g,theo_nguoi,chinh,
nam_rom_kho_dau_hu,dau_phu,Đậu hũ,2,miếng,theo_nguoi,chinh,
nam_rom_kho_dau_hu,,Xì dầu,3,muỗng canh,theo_noi,gia_vi,nước tương
nam_rom_kho_dau_hu,,Đường,1,muỗng canh,theo_noi,gia_vi,
nam_rom_kho_dau_hu,,Tiêu,0.5,muỗng cà phê,theo_noi,gia_vi,
nam_rom_kho_dau_hu,,Cây boa rô,1,muỗng canh,theo_noi,phu,
nam_rom_kho_dau_hu,,Dầu ăn,2,muỗng canh,theo_noi,gia_vi,
nam_rom_kho_dau_hu,sa_ot,Ít ớt bằm tuỳ thích,1,,theo_noi,gia_vi,
nam_rom_kho_dau_hu,,Ít bột ngọt,1,,theo_noi,gia_vi,
nam_rom_kho_dau_hu,rau_thom,Ít ngò rí,1,,theo_nguoi,phu,
trung_cut_rim_nuoc_mam,trung,Trứng cút,,vừa đủ,theo_nguoi,chinh,
trung_cut_rim_nuoc_mam,,"Tỏi, ớt",,vừa đủ,theo_noi,gia_vi,
trung_cut_rim_nuoc_mam,mam_ca_na,Nước mắm ngon,,vừa đủ,theo_noi,gia_vi,
dau_phu_ran_cham_mam_hanh,,Đậu mơ,,vừa đủ,theo_nguoi,chinh,
dau_phu_ran_cham_mam_hanh,rau_thom,Hành lá,,vừa đủ,theo_nguoi,phu,
dau_phu_ran_cham_mam_hanh,hanh_tim,Củ hành khô,,vừa đủ,theo_noi,gia_vi,
dau_phu_ran_cham_mam_hanh,,Mắm,,vừa đủ,theo_noi,gia_vi,
dau_phu_ran_cham_mam_hanh,,Đường,,vừa đủ,theo_noi,gia_vi,
cuu_nuong,,Xóa nguyên liệu,,vừa đủ,theo_nguoi,chinh,
cuu_nuong,,Thêm nguồn dẫn,,vừa đủ,theo_nguoi,phu,
cuu_nuong,,Xóa nguyên liệu,,vừa đủ,theo_nguoi,phu,
cuu_nuong,,Thêm nguồn dẫn,,vừa đủ,theo_nguoi,phu,
kho_qua_xao_trung,,~ 600g khổ qua,4,quả,theo_nguoi,phu,
kho_qua_xao_trung,trung,Trứng gà,4,quả,theo_nguoi,chinh,
kho_qua_xao_trung,hanh_tim,Hành khô,2,củ,theo_noi,gia_vi,
kho_qua_xao_trung,toi_pr,Tỏi,3,nhánh,theo_noi,gia_vi,
kho_qua_xao_trung,rau_thom,Hành lá,,vừa đủ,theo_nguoi,phu,
kho_qua_xao_trung,muoi_ca_na,Muối,,vừa đủ,theo_noi,gia_vi,
kho_qua_xao_trung,mam_ca_na,Nước mắm,,vừa đủ,theo_noi,gia_vi,
kho_qua_xao_trung,,Dầu hào,,vừa đủ,theo_noi,gia_vi,
kho_qua_xao_trung,,Bột ngọt,,vừa đủ,theo_noi,gia_vi,
kho_qua_xao_trung,,Tiêu xay,,vừa đủ,theo_noi,gia_vi,
kho_qua_xao_trung,,Hạt nêm,,vừa đủ,theo_noi,gia_vi,
kho_qua_xao_trung,sa_ot,Bột ớt,,vừa đủ,theo_noi,gia_vi,
bap_cai_xao_trung,bap_cai,Nhỏ Bắp cải,0.5,bắp,theo_nguoi,chinh,
bap_cai_xao_trung,trung,Trứng gà,2,quả,theo_nguoi,chinh,
bap_cai_xao_trung,toi_pr,Hành tỏi khô,,vừa đủ,theo_noi,gia_vi,
bap_cai_xao_toi,bap_cai,Bắp cải xanh,300,g,theo_nguoi,chinh,hoặc bắp sú tim
bap_cai_xao_toi,toi_pr,Tỏi,1,củ,theo_noi,gia_vi,
bap_cai_xao_toi,,Dầu ăn,2,muỗng canh,theo_noi,gia_vi,
bap_cai_xao_toi,,Dầu hào,1,muỗng canh,theo_noi,gia_vi,
bap_cai_xao_toi,muoi_ca_na,Ít mắm và muối,1,,theo_noi,gia_vi,
bap_cai_xao_toi,,Bột ngọt,,vừa đủ,theo_noi,gia_vi,tuỳ sở thích
bap_cai_xao_toi,,Tiêu xay,,vừa đủ,theo_noi,gia_vi,
bap_cai_xao_toi,rau_thom,Hành ngò,,vừa đủ,theo_nguoi,phu,
dau_co_ve_xao_toi,dau_co_ve,Đậu cô ve,400,g,theo_nguoi,chinh,
dau_co_ve_xao_toi,,"Hành lá, tỏi, dầu hào, mắm, muối, bột ngọt, tiêu",,vừa đủ,theo_noi,gia_vi,
su_hao_xao_ca_rot_nam_meo,su_hao,Su hào,300,g,theo_nguoi,chinh,1 củ nhỏ
su_hao_xao_ca_rot_nam_meo,ca_rot,Cà rốt,100,g,theo_nguoi,chinh,1 khúc nhỏ
su_hao_xao_ca_rot_nam_meo,nam,Nấm mèo khô,10,g,theo_nguoi,chinh,"ngâm nở, cắt sợi"
su_hao_xao_ca_rot_nam_meo,muoi_ca_na,Muối,,vừa đủ,theo_noi,gia_vi,
su_hao_xao_ca_rot_nam_meo,,Hạt nêm,1.5,muỗng cà phê,theo_noi,gia_vi,
su_hao_xao_ca_rot_nam_meo,,Dầu ăn,,vừa đủ,theo_noi,gia_vi,
su_hao_xao_ca_rot_nam_meo,rau_thom,Rau mùi ta,,vừa đủ,theo_nguoi,phu,ngò rí
goi_buoi,,Bưởi da xanh khoảng 1.2 đến 1.5 có thể dùng bưởi 5 roi,1.5,quả,theo_nguoi,phu,bưởi da xanh chất lượng ổn định và ngon hơn các loại bưởi kh
goi_buoi,tom_the,Tôm sú hay tôm,270,g,theo_nguoi,chinh,
goi_buoi,thit_heo,Thịt ba rọi,270,g,theo_nguoi,phu,
goi_buoi,,Dưa leo,4,quả,theo_nguoi,phu,
goi_buoi,,Hành tây 1 củ cở,130,g,theo_nguoi,phu,
goi_buoi,ca_rot,Cà rốt,3,củ,theo_nguoi,phu,
goi_buoi,bun,Dừa bào sợi mình tự mua về bào sợi ra,,vừa đủ,theo_nguoi,phu,không phải dừa xay nhuyễn
goi_buoi,,"Gia vị: ớt, tỏi, hạt nêm,đường, nước mắm, tỏi phi, hành phi, rau quế, đậu phộng",,vừa đủ,theo_noi,gia_vi,
goi_buoi,tom_the,Bánh phồng tôm hoặc bánh tráng tùy thích,,vừa đủ,theo_nguoi,chinh,
dua_leo_tron,,Dưa leo,800,g,theo_nguoi,chinh,
dua_leo_tron,,Đường,25,g,theo_noi,gia_vi,
dua_leo_tron,muoi_ca_na,Muối,5,g,theo_noi,gia_vi,
dua_leo_tron,rau_thom,Ngò rí,60,g,theo_nguoi,phu,
dua_leo_tron,,▪︎ Sốt trộn,,vừa đủ,theo_noi,gia_vi,
dua_leo_tron,,Xì dầu càng cua,50,g,theo_noi,gia_vi,hoặc nước tương
dua_leo_tron,sa_ot,Tương ớt,30,g,theo_noi,gia_vi,
dua_leo_tron,,Đường,50,g,theo_noi,gia_vi,
dua_leo_tron,,Dầu mè,25,g,theo_noi,gia_vi,
dua_leo_tron,khe_me,Nước cốt chanh,3,muỗng canh,theo_noi,gia_vi,"hoặc trái tắc, giấm đen"
dua_leo_tron,toi_pr,Tỏi,11,tép,theo_noi,gia_vi,
dua_leo_tron,sa_ot,Ớt hiểm,8,quả,theo_noi,gia_vi,
mang_tay_xao_toi,mang_tay,Măng tây,2,bó,theo_nguoi,chinh,asparagus
mang_tay_xao_toi,toi_pr,Tỏi,8,tép,theo_noi,gia_vi,
dot_su_su_xao_toi,su_su,Đọt su su,2,bó,theo_nguoi,chinh,
dot_su_su_xao_toi,,Giá đỗ,200,g,theo_nguoi,phu,
dot_su_su_xao_toi,toi_pr,Tỏi,,vừa đủ,theo_noi,gia_vi,
dot_su_su_xao_toi,,Tiêu,,vừa đủ,theo_noi,gia_vi,
dot_su_su_xao_toi,,Dầu mè,,vừa đủ,theo_noi,gia_vi,
dot_su_su_xao_toi,muoi_ca_na,Muối,,vừa đủ,theo_noi,gia_vi,
dot_su_su_xao_toi,,Hạt nêm,,vừa đủ,theo_noi,gia_vi,
dot_su_su_xao_toi,,Đường,,vừa đủ,theo_noi,gia_vi,
rau_bi_xao_toi,,Rau bí,530,g,theo_nguoi,chinh,tương đương với 2 bó rau
rau_bi_xao_toi,toi_pr,Tỏi,1.5,củ,theo_noi,gia_vi,
rau_bi_xao_toi,,"Gia vị: bột nêm, 1/2 bát nước nhỏ, muối hạt",,vừa đủ,theo_noi,gia_vi,
cai_chip_xao,,Cải chíp,,vừa đủ,theo_nguoi,chinh,
cai_chip_xao,,"Xì dầu, hạt nêm, bột canh",,vừa đủ,theo_noi,gia_vi,
cai_chip_xao,toi_pr,Tỏi,,vừa đủ,theo_noi,gia_vi,
muop_xao,muop,Mướp hương,6,quả,theo_nguoi,chinh,
muop_xao,thit_heo,Nhỏ thịt băm,2,chén,theo_nguoi,phu,
muop_xao,nam,"Ít miếng, nấm mèo",2,,theo_nguoi,phu,
muop_xao,,"Tỏi, tiêu, gia vị",,vừa đủ,theo_noi,gia_vi,
bau_xao_nam_bao_ngu,bau,Bầu,1,quả,theo_nguoi,chinh,
bau_xao_nam_bao_ngu,nam,Nấm bào ngư,100,g,theo_nguoi,chinh,
bau_xao_nam_bao_ngu,,Nước tương,1,muỗng canh,theo_noi,gia_vi,
bau_xao_nam_bao_ngu,,Vài giọt dầu mè,,vừa đủ,theo_noi,gia_vi,
bau_xao_nam_bao_ngu,,"Tỏi, hành lá, hạt nêm chay, tiêu, đường, bột ngọt",,vừa đủ,theo_noi,gia_vi,
goi_du_du_tom_thit,thit_heo,Thịt ba chỉ,300,g,theo_nguoi,chinh,
goi_du_du_tom_thit,tom_the,Tôm sú,300,g,theo_nguoi,chinh,
goi_du_du_tom_thit,,Đu đủ xanh,1,quả,theo_nguoi,chinh,chọn trái hơi ươm vàng sẽ ngon hơn
goi_du_du_tom_thit,ca_rot,Cà rốt to,1,củ,theo_nguoi,phu,
goi_du_du_tom_thit,rau_thom,Rau răm,,vừa đủ,theo_nguoi,phu,
goi_du_du_tom_thit,rau_thom,Lá húng quế,,vừa đủ,theo_nguoi,phu,
goi_du_du_tom_thit,toi_pr,Tỏi,,vừa đủ,theo_noi,gia_vi,
goi_du_du_tom_thit,sa_ot,Ớt,,vừa đủ,theo_noi,gia_vi,
goi_du_du_tom_thit,hanh_tim,Hành tím,,vừa đủ,theo_noi,gia_vi,
goi_du_du_tom_thit,khe_me,Chanh,,vừa đủ,theo_noi,gia_vi,
goi_du_du_tom_thit,,Đường,,vừa đủ,theo_noi,gia_vi,
goi_du_du_tom_thit,,Mắm,,vừa đủ,theo_noi,gia_vi,
goi_du_du_tom_thit,,Hành phi sẵn,,vừa đủ,theo_nguoi,phu,
goi_du_du_tom_thit,dau_phong,Đậu phộng rang sẵn,,vừa đủ,theo_nguoi,phu,
goi_du_du_tom_thit,tom_the,Bánh phồng tôm chiên sẵn,,vừa đủ,theo_nguoi,chinh,
goi_xoai_tom_kho,xoai_uc,Xoài xanh,800,g,theo_nguoi,chinh,
goi_xoai_tom_kho,,Tôm khô,80,g,theo_nguoi,chinh,tôm làm gỏi k cần to
goi_xoai_tom_kho,rau_thom,Tỏi + 1 quả ớt + 1 ít rau răm + 2 củ hành khô,4,tép,theo_nguoi,phu,
goi_xoai_tom_kho,,Nước mắm + 50-60g đường cát,3,muỗng canh,theo_noi,phu,khoảng 60ml
ca_tim_nuong_mo_hanh,ca_tim,Cà tím,,vừa đủ,theo_nguoi,chinh,
ca_tim_nuong_mo_hanh,hanh_tim,Hành khô,,vừa đủ,theo_noi,gia_vi,
ca_tim_nuong_mo_hanh,rau_thom,Hành lá,,vừa đủ,theo_nguoi,phu,
ca_tim_nuong_mo_hanh,,"Hạt thì là, ớt, dầu hào",,vừa đủ,theo_noi,gia_vi,
dau_ha_lan_xao_tau_hu_ky_nam_meo,,Đậu Hà Lan,270,g,theo_nguoi,chinh,
dau_ha_lan_xao_tau_hu_ky_nam_meo,dau_phu,Tàu hũ ky khô,40,g,theo_nguoi,chinh,
dau_ha_lan_xao_tau_hu_ky_nam_meo,nam,Nấm mèo khô,1.5,cái,theo_nguoi,chinh,
dau_ha_lan_xao_tau_hu_ky_nam_meo,ca_rot,Cà rốt,0.5,củ,theo_nguoi,phu,khoảng 50g
dau_ha_lan_xao_tau_hu_ky_nam_meo,nam,Nấm bào ngư tươi,65,g,theo_nguoi,chinh,tuỳ chọn
dau_ha_lan_xao_tau_hu_ky_nam_meo,,Dầu ăn,1,muỗng canh,theo_noi,gia_vi,
dau_ha_lan_xao_tau_hu_ky_nam_meo,muoi_ca_na,Muối,0.5,muỗng cà phê,theo_noi,gia_vi,
dau_ha_lan_xao_tau_hu_ky_nam_meo,,Hạt nêm chay,0.5,muỗng cà phê,theo_noi,gia_vi,
rau_lang_luoc_cham_kho_quet,thit_heo,Mỡ heo,,vừa đủ,theo_nguoi,chinh,
rau_lang_luoc_cham_kho_quet,thit_heo,Thịt 3 rọi,,vừa đủ,theo_nguoi,chinh,
rau_lang_luoc_cham_kho_quet,,Tôm khô,,vừa đủ,theo_nguoi,phu,
rau_lang_luoc_cham_kho_quet,toi_pr,Hành tỏi băm,,vừa đủ,theo_noi,gia_vi,
rau_lang_luoc_cham_kho_quet,rau_thom,Hành lá,,vừa đủ,theo_nguoi,phu,
rau_lang_luoc_cham_kho_quet,sa_ot,Ớt,,vừa đủ,theo_noi,gia_vi,
rau_lang_luoc_cham_kho_quet,mam_ca_na,Nước mắm,,vừa đủ,theo_noi,gia_vi,
rau_lang_luoc_cham_kho_quet,,Đường,,vừa đủ,theo_noi,gia_vi,
rau_lang_luoc_cham_kho_quet,,Tiêu,,vừa đủ,theo_noi,gia_vi,
rau_lang_luoc_cham_kho_quet,,Rau củ tùy thích,,vừa đủ,theo_nguoi,phu,
cai_ngot_xao_toi,,Cải ngọt,1,bó,theo_nguoi,chinh,
cai_ngot_xao_toi,toi_pr,Tỏi dã dập,1,muỗng canh,theo_noi,gia_vi,
cai_ngot_xao_toi,,"Mỡ, tóp mỡ, muối",,vừa đủ,theo_noi,gia_vi,
rau_den_luoc,,Rau dền,,vừa đủ,theo_nguoi,chinh,
rau_den_luoc,,Muối để luộc rau,1,muỗng cà phê,theo_noi,phu,
rau_den_luoc,toi_pr,Tỏi,1,tép,theo_noi,gia_vi,
rau_den_luoc,sa_ot,Ớt,1,quả,theo_noi,gia_vi,
rau_den_luoc,mam_ca_na,Nước mắm,2,muỗng canh,theo_noi,gia_vi,
rau_den_luoc,,Đường,0.5,muỗng cà phê,theo_noi,gia_vi,
rau_den_luoc,,Bột ngọt,0.5,muỗng cà phê,theo_noi,gia_vi,
cai_thao_xao_nam,cai_thao,Cải thảo,0.5,bắp,theo_nguoi,chinh,
cai_thao_xao_nam,nam,Nấm hương khô,65,g,theo_nguoi,chinh,
cai_thao_xao_nam,sa_ot,Gừng,,vừa đủ,theo_noi,gia_vi,
cai_thao_xao_nam,hanh_tim,Hành tím,,vừa đủ,theo_noi,gia_vi,
cai_thao_xao_nam,rau_thom,Hành lá,,vừa đủ,theo_nguoi,phu,
cai_thao_xao_nam,,Tiêu,,vừa đủ,theo_noi,gia_vi,
cai_thao_xao_nam,,Dầu hào,,vừa đủ,theo_noi,gia_vi,
cai_thao_xao_nam,,Hạt nêm,,vừa đủ,theo_noi,gia_vi,
gia_xao_he,,Xóa nguyên liệu,,vừa đủ,theo_nguoi,chinh,
gia_xao_he,,Thêm nguồn dẫn,,vừa đủ,theo_nguoi,phu,
gia_xao_he,,Xóa nguyên liệu,,vừa đủ,theo_nguoi,phu,
gia_xao_he,,Thêm nguồn dẫn,,vừa đủ,theo_nguoi,phu,
bap_cai_luoc_cham_trung_dam_nuoc_mam,bap_cai,Bắp cải,1,cái,theo_nguoi,chinh,
bap_cai_luoc_cham_trung_dam_nuoc_mam,trung,Trứng,4,quả,theo_nguoi,chinh,gà hay vịt đều được
bap_cai_luoc_cham_trung_dam_nuoc_mam,mam_ca_na,Nước mắm,3,muỗng canh,theo_noi,gia_vi,
bap_cai_luoc_cham_trung_dam_nuoc_mam,,Nước lọc,1600,ml,theo_noi,gia_vi,
dau_que_luoc_cham_muoi_me,dau_co_ve,Đậu ve,200,g,theo_nguoi,chinh,
dau_que_luoc_cham_muoi_me,muoi_ca_na,Chút xíu muối,1,,theo_noi,gia_vi,
dau_que_luoc_cham_muoi_me,,Chút xíu đường,1,,theo_noi,gia_vi,
dau_que_luoc_cham_muoi_me,mam_ca_na,Nước mắm chanh tỏi,,vừa đủ,theo_noi,gia_vi,
nom_dua_chuot_ca_rot,,Dưa chuột,2,quả,theo_nguoi,chinh,
nom_dua_chuot_ca_rot,ca_rot,Cà rốt,1,củ,theo_nguoi,chinh,
nom_dua_chuot_ca_rot,toi_pr,Tỏi,2,tép,theo_noi,gia_vi,
nom_dua_chuot_ca_rot,dau_phong,Lạc rang,100,g,theo_nguoi,phu,
nom_dua_chuot_ca_rot,sa_ot,Ớt,3,quả,theo_noi,gia_vi,
nom_dua_chuot_ca_rot,khe_me,Chanh,1,quả,theo_noi,gia_vi,
nom_dua_chuot_ca_rot,,"Gia vị :mì chính, bột canh, đường",,vừa đủ,theo_noi,gia_vi,
xa_lach_tron_dau_giam,,Xóa nguyên liệu,,vừa đủ,theo_nguoi,chinh,
xa_lach_tron_dau_giam,,Thêm nguồn dẫn,,vừa đủ,theo_nguoi,phu,
xa_lach_tron_dau_giam,,Xóa nguyên liệu,,vừa đủ,theo_nguoi,phu,
xa_lach_tron_dau_giam,,Thêm nguồn dẫn,,vừa đủ,theo_nguoi,phu,
mong_toi_xao_toi,mong_toi,Rau mồng tơi,2000,g,theo_nguoi,chinh,
mong_toi_xao_toi,toi_pr,Tỏi,3,củ,theo_noi,gia_vi,
mong_toi_xao_toi,,Bột nêm,1.5,muỗng cà phê,theo_noi,gia_vi,
mong_toi_xao_toi,,Dầu hào,3,muỗng cà phê,theo_noi,gia_vi,
mong_toi_xao_toi,,Bột ngọt,1,muỗng cà phê,theo_noi,gia_vi,
mong_toi_xao_toi,,Tiêu,1,muỗng cà phê,theo_noi,gia_vi,
cai_ngong_luoc,,Cải ngồng,1,bó,theo_nguoi,chinh,
cai_ngong_luoc,trung,Trứng,2,quả,theo_nguoi,phu,
cai_ngong_luoc,mam_ca_na,Nước mắm,,vừa đủ,theo_noi,gia_vi,
cai_ngong_luoc,sa_ot,Ớt đỏ,,vừa đủ,theo_noi,gia_vi,
cai_ngong_luoc,muoi_ca_na,Muối,,vừa đủ,theo_noi,gia_vi,
ngo_xao_tom_kho,ngo,Bắp,2,quả,theo_nguoi,chinh,
ngo_xao_tom_kho,,Nhúm tôm khô,2,,theo_nguoi,phu,
ngo_xao_tom_kho,,Bơ thực vật,,vừa đủ,theo_noi,gia_vi,
ngo_xao_tom_kho,rau_thom,Hành lá,,vừa đủ,theo_nguoi,phu,
su_su_luoc_cham_muoi_vung,su_su,Su su. Mình dùng su su bao tử,4,quả,theo_nguoi,chinh,
mang_tay_luoc_cham_xi_dau_trung,,Xóa nguyên liệu,,vừa đủ,theo_nguoi,chinh,
mang_tay_luoc_cham_xi_dau_trung,,Thêm nguồn dẫn,,vừa đủ,theo_nguoi,phu,
mang_tay_luoc_cham_xi_dau_trung,,Xóa nguyên liệu,,vừa đủ,theo_nguoi,phu,
mang_tay_luoc_cham_xi_dau_trung,,Thêm nguồn dẫn,,vừa đủ,theo_nguoi,phu,
canh_ga_rau_cu,ga_ta,Cánh gà,1.5,cái,theo_nguoi,chinh,
canh_ga_rau_cu,ga_ta,"Cổ, đầu gà",1.5,cái,theo_nguoi,chinh,
canh_ga_rau_cu,ga_ta,Chân gà,1.5,cái,theo_nguoi,chinh,
canh_ga_rau_cu,khoai_tay,Khoai tây,2,củ,theo_nguoi,phu,
canh_ga_rau_cu,ca_rot,Cà rốt,1,củ,theo_nguoi,phu,
canh_ga_rau_cu,,Hành tây,1,củ,theo_nguoi,phu,
canh_ga_rau_cu,rau_thom,Hành hoa,2,cây,theo_nguoi,phu,
canh_ga_rau_cu,,Bột canh,3,muỗng cà phê,theo_noi,gia_vi,
canh_ga_rau_cu,,Mì chính,1,muỗng cà phê,theo_noi,gia_vi,
canh_ga_rau_cu,,Hạt nêm,1,muỗng cà phê,theo_noi,gia_vi,
canh_ga_rau_cu,mam_ca_na,Nước mắm,1,muỗng cà phê,theo_noi,gia_vi,
canh_ga_rau_cu,sa_ot,Ớt hiểm,0.5,quả,theo_noi,gia_vi,
canh_ga_rau_cu,,Chút Hạt tiêu,1,,theo_noi,gia_vi,
canh_ga_rau_cu,,Canh Nước,1.5,chén,theo_noi,gia_vi,
canh_moc_nam_huong,ga_ta,Nước hầm gà,1600,ml,theo_nguoi,phu,
canh_moc_nam_huong,,Giò sống,300,g,theo_nguoi,phu,
canh_moc_nam_huong,nam,Nấm hương tươi,16,cái,theo_nguoi,chinh,
canh_moc_nam_huong,,Tiêu xay,1,muỗng cà phê,theo_noi,gia_vi,
canh_moc_nam_huong,sup_lo,Bông cải xanh,1,cây,theo_nguoi,phu,
canh_moc_nam_huong,rau_thom,"Ít hành lá, mùi ta",2,,theo_nguoi,phu,
canh_moc_nam_huong,ca_rot,Cà rốt,1,củ,theo_nguoi,phu,
canh_moc_nam_huong,muoi_ca_na,Muối,1,muỗng cà phê,theo_noi,gia_vi,
canh_moc_nam_huong,mam_ca_na,Nước mắm,1.5,muỗng canh,theo_noi,gia_vi,
canh_kho_qua_nhoi_thit,thit_heo,Thịt nạc dăm xay nhỏ,400,g,theo_nguoi,chinh,
canh_kho_qua_nhoi_thit,,Khổ qua,8,quả,theo_nguoi,chinh,"chọn trái múp, khía nở to"
canh_kho_qua_nhoi_thit,nam,Nấm mèo,60,g,theo_nguoi,phu,
canh_kho_qua_nhoi_thit,,Đầu hành băm nhỏ,20,cái,theo_nguoi,phu,
canh_kho_qua_nhoi_thit,rau_thom,Ít Hành lá,2,,theo_nguoi,phu,
canh_kho_qua_nhoi_thit,,Hạt nêm,1.5,muỗng cà phê,theo_noi,gia_vi,
canh_kho_qua_nhoi_thit,,Tiêu,1,muỗng cà phê,theo_noi,gia_vi,
canh_kho_qua_nhoi_thit,,Dầu ăn,1.5,muỗng canh,theo_noi,gia_vi,
canh_kho_qua_nhoi_thit,,Đường,1.5,muỗng cà phê,theo_noi,gia_vi,
canh_kho_qua_nhoi_thit,mam_ca_na,Nước mắm,1.5,muỗng canh,theo_noi,gia_vi,
canh_kho_qua_nhoi_thit,,Nước,1600,ml,theo_noi,gia_vi,
canh_kho_qua_nhoi_thit,rau_thom,Ít ngò rí,2,,theo_nguoi,phu,
canh_rong_bien_thit_bam,,Rong biển khô,140,g,theo_nguoi,chinh,
canh_rong_bien_thit_bam,thit_heo,Thịt xay,200,g,theo_nguoi,chinh,
canh_rong_bien_thit_bam,rau_thom,Hành ngò,60,g,theo_nguoi,phu,
canh_rong_bien_thit_bam,,Hạt nêm,1,muỗng cà phê,theo_noi,gia_vi,
canh_rong_bien_thit_bam,muoi_ca_na,Muối,1,muỗng cà phê,theo_noi,gia_vi,
canh_cai_cuc_thit_bam,,Cải cúc / tần ô,1,bó,theo_nguoi,chinh,
canh_cai_cuc_thit_bam,thit_heo,Thịt nạc,100,g,theo_nguoi,chinh,
canh_suon_nau_ngo,thit_heo,Sườn,200,g,theo_nguoi,chinh,
canh_suon_nau_ngo,ngo,Bắp Mỹ,1,quả,theo_nguoi,chinh,
canh_su_hao_nau_suon,su_hao,Su hào,8,củ,theo_nguoi,chinh,
canh_su_hao_nau_suon,thit_heo,Sườn non,4,chén,theo_nguoi,chinh,
canh_ca_ngu_nau_ca_thom,ca_ngu_dd,Khoanh tròn Cá ngừ hoặc khúc đầu đuôi cá tùy ý,2,,theo_nguoi,chinh,
canh_ca_ngu_nau_ca_thom,ca_chua,Cà chua chín,2,quả,theo_nguoi,phu,
canh_ca_ngu_nau_ca_thom,,Thơm,0.5,quả,theo_nguoi,phu,
canh_ca_ngu_nau_ca_thom,,"Hành tím, hành lá, ngò, ớt",,vừa đủ,theo_noi,gia_vi,
canh_ca_ngu_nau_ca_thom,,"Gia vị: hạt nêm, muối, đường, bột ngọt, nước mắm, tiêu",,vừa đủ,theo_noi,gia_vi,
canh_ca_nau_ngot,,Đầu và đuôi cá,,vừa đủ,theo_nguoi,phu,
canh_ca_nau_ngot,ca_chua,Cà chua,4,quả,theo_nguoi,chinh,
canh_ca_nau_ngot,can_tay,Cần tây,100,g,theo_nguoi,phu,
canh_ca_nau_ngot,,Đầu hành,1.5,muỗng cà phê,theo_noi,phu,
canh_chua_tom,tom_the,Tôm thẻ lớn,20,con,theo_nguoi,chinh,
canh_chua_tom,,"Mỗi thứ một ít bạc hà, đậu bắp, cà chua, giá, rau ngổ hành, dứa, ớt me",,vừa đủ,theo_noi,gia_vi,
canh_ngheu_nau_rau_ngot,,Nghêu,1000,g,theo_nguoi,phu,
canh_ngheu_nau_rau_ngot,rau_ngot,Rau ngót,1,bó,theo_nguoi,chinh,
canh_cai_xanh_nau_tom,,Rau cải xanh/cải đắng,1.5,bó,theo_nguoi,phu,
canh_cai_xanh_nau_tom,tom_the,Tôm nõn,200,g,theo_nguoi,chinh,
canh_cai_xanh_nau_tom,,"Gia vị: hành tím băm, muối, bột ngọt",,vừa đủ,theo_noi,gia_vi,
canh_bo_ham_khoai_tay_ca_rot,thit_bo,Thịt bò,270,g,theo_nguoi,chinh,
canh_bo_ham_khoai_tay_ca_rot,khoai_tay,Khoai tây,1.5,củ,theo_nguoi,chinh,
canh_bo_ham_khoai_tay_ca_rot,ca_rot,Cà rốt,1.5,củ,theo_nguoi,chinh,
canh_bo_ham_khoai_tay_ca_rot,ca_chua,Cà chua nhỏ,1.5,quả,theo_nguoi,phu,
canh_bo_ham_khoai_tay_ca_rot,rau_thom,"Ít Hành lá, mùi ta",1.5,,theo_nguoi,phu,
canh_bo_ham_khoai_tay_ca_rot,toi_pr,Tỏi,4,tép,theo_noi,gia_vi,
canh_bo_ham_khoai_tay_ca_rot,sa_ot,Gừng nhỏ,1,nhánh,theo_noi,gia_vi,
canh_bo_ham_khoai_tay_ca_rot,,"Gia vị: Bột canh, mì chính, tiêu xay, đường, nước mắm, dầu ăn",,vừa đủ,theo_noi,gia_vi,
canh_dau_hu_he_nam_rom,dau_phu,Đậu hũ trứng,2,cây,theo_nguoi,chinh,
canh_dau_hu_he_nam_rom,,Hẹ,140,g,theo_nguoi,phu,
canh_dau_hu_he_nam_rom,nam,Nấm rơm,200,g,theo_nguoi,chinh,
canh_dau_hu_he_nam_rom,,Hạt nêm,1,muỗng canh,theo_noi,gia_vi,
canh_dau_hu_he_nam_rom,,Bột ngọt,1,muỗng cà phê,theo_noi,gia_vi,
canh_dau_hu_he_nam_rom,,Đường,1.5,muỗng cà phê,theo_noi,gia_vi,
canh_dau_hu_he_nam_rom,,Dầu mè,1.5,muỗng cà phê,theo_noi,gia_vi,
canh_dau_hu_he_nam_rom,,Tiêu,0.5,muỗng cà phê,theo_noi,gia_vi,
canh_dau_hu_he_nam_rom,,Dầu ăn,3,muỗng canh,theo_noi,gia_vi,
canh_ga_nau_bi_do,ga_ta,Thịt má đùi gà,600,g,theo_nguoi,chinh,
canh_ga_nau_bi_do,bi_do,Bí đỏ nhỏ,2,quả,theo_nguoi,chinh,400 g
canh_ga_nau_bi_do,,"Hành lá, ngò rí, tiêu xay",,vừa đủ,theo_noi,gia_vi,
canh_ga_nau_bi_do,muoi_ca_na,Muối,1.5,muỗng cà phê,theo_noi,gia_vi,
canh_ga_nau_bi_do,,Đường,1.5,muỗng cà phê,theo_noi,gia_vi,
canh_ga_nau_bi_do,,Bột ngọt,1,muỗng cà phê,theo_noi,gia_vi,
canh_ga_nau_bi_do,,Hạt nêm,1,muỗng cà phê,theo_noi,gia_vi,
canh_dau_phu_ca_chua,,Xóa nguyên liệu,,vừa đủ,theo_nguoi,chinh,
canh_dau_phu_ca_chua,,Thêm nguồn dẫn,,vừa đủ,theo_nguoi,phu,
canh_dau_phu_ca_chua,,Xóa nguyên liệu,,vừa đủ,theo_nguoi,phu,
canh_dau_phu_ca_chua,,Thêm nguồn dẫn,,vừa đủ,theo_nguoi,phu,
canh_rau_den_nau_tom,,Rau dền đỏ,1,bó,theo_nguoi,chinh,
canh_rau_den_nau_tom,tom_the,Khoảng chục con tôm thẻ,,vừa đủ,theo_nguoi,chinh,
canh_rau_den_nau_tom,,"Muối hồng, hạt nêm, tỏi",,vừa đủ,theo_noi,gia_vi,
canh_rau_lang,,Rau lang,1,bó,theo_nguoi,chinh,
canh_rau_lang,tom_the,Tôm tươi,200,g,theo_nguoi,phu,
canh_rau_lang,,"Hạt nêm,dầu ăn,bột ngọt,mắm ruốc,hành tím",,vừa đủ,theo_noi,gia_vi,
canh_rau_lang,rau_thom,"Hành lá,ngò rí,tiêu",,vừa đủ,theo_nguoi,phu,
canh_rong_bien_dau_hu,,Rong biển Hàn Quốc,10,g,theo_nguoi,chinh,
canh_rong_bien_dau_hu,,Đậu hủ trắng,2,miếng,theo_nguoi,phu,
canh_rong_bien_dau_hu,thit_heo,Thịt bằm,100,g,theo_nguoi,phu,
canh_rong_bien_dau_hu,,"Hạt nêm,dầu ăn,muối,tiêu,hành tím,hành lá",,vừa đủ,theo_noi,gia_vi,
canh_su_su_ca_rot_thit_bam,thit_heo,Thịt nạc heo,100,g,theo_nguoi,chinh,
canh_su_su_ca_rot_thit_bam,su_su,Susu,1,quả,theo_nguoi,chinh,
canh_su_su_ca_rot_thit_bam,ca_rot,Cà rốt,1,củ,theo_nguoi,chinh,
canh_su_su_ca_rot_thit_bam,rau_thom,Hành lá,2,nhánh,theo_nguoi,phu,
canh_su_su_ca_rot_thit_bam,,"Gia vị : muối, nước mắm, bột ngọt, tiêu, hành tím, dầu ăn",,vừa đủ,theo_noi,gia_vi,
canh_ngao_nau_chua,,Ngao,1000,g,theo_nguoi,phu,
canh_ngao_nau_chua,ca_chua,Cà chua,2,quả,theo_nguoi,chinh,
canh_ngao_nau_chua,,Dứa,0.5,quả,theo_nguoi,phu,
canh_ngao_nau_chua,,Nước mẻ,150,ml,theo_nguoi,phu,
canh_ngao_nau_chua,,"Hành khô, hành lá, rau răm, gia vị",,vừa đủ,theo_noi,gia_vi,
canh_khoai_mo_nau_tom,,Khoai mỡ to,1,củ,theo_nguoi,chinh,khoảng 500gr
canh_khoai_mo_nau_tom,tom_the,Tôm tươi,100,g,theo_nguoi,chinh,
canh_khoai_mo_nau_tom,rau_thom,"Ngò om ngò gai, hành lá",,vừa đủ,theo_nguoi,phu,1 nắm
canh_khoai_mo_nau_tom,,"Nước, gia vị, dầu ăn, hạt tiêu vừa nêm",,vừa đủ,theo_noi,gia_vi,
canh_khoai_tay_thit_bam,khoai_tay,Khoai tây,670,g,theo_nguoi,chinh,
canh_khoai_tay_thit_bam,thit_heo,Thịt băm,270,g,theo_nguoi,chinh,
canh_khoai_tay_thit_bam,,"Hành tím, hành lá",,vừa đủ,theo_noi,gia_vi,
canh_khoai_tay_thit_bam,,"Gia vị nước mắm, bột nêm, muối, mì chính",,vừa đủ,theo_noi,gia_vi,
canh_muc_nau_chua,muc_tuoi,Mực ống tươi,330,g,theo_nguoi,chinh,
canh_muc_nau_chua,ca_chua,Cà chua,1.5,quả,theo_nguoi,phu,
canh_muc_nau_chua,,Thơm,0.5,quả,theo_nguoi,phu,
canh_muc_nau_chua,can_tay,Cần tây,4,nhánh,theo_nguoi,phu,
canh_muc_nau_chua,,Hành tây,0.5,củ,theo_nguoi,phu,
canh_muc_nau_chua,toi_pr,Hành tỏi băm,1,muỗng canh,theo_noi,gia_vi,
canh_muc_nau_chua,mam_ca_na,Nước mắm,1,muỗng canh,theo_noi,gia_vi,
canh_muc_nau_chua,muoi_ca_na,Muối,0.5,muỗng cà phê,theo_noi,gia_vi,
canh_muc_nau_chua,,Đường,1,muỗng cà phê,theo_noi,gia_vi,
canh_cai_thao_dau_hu_nam,,Xóa nguyên liệu,,vừa đủ,theo_nguoi,chinh,
canh_cai_thao_dau_hu_nam,,Thêm nguồn dẫn,,vừa đủ,theo_nguoi,phu,
canh_cai_thao_dau_hu_nam,,Xóa nguyên liệu,,vừa đủ,theo_nguoi,phu,
canh_cai_thao_dau_hu_nam,,Thêm nguồn dẫn,,vừa đủ,theo_nguoi,phu,
canh_dua_chua_nau_suon,,Tô dưa chua,1,,theo_nguoi,phu,
canh_dua_chua_nau_suon,thit_heo,Da heo,100,g,theo_nguoi,chinh,
canh_dua_chua_nau_suon,thit_heo,Sườn non,400,g,theo_nguoi,chinh,
canh_dua_chua_nau_suon,ca_chua,Cà chua,2,quả,theo_nguoi,phu,
canh_dua_chua_nau_suon,rau_thom,Hành lá + thì là thái nhuyễn,,vừa đủ,theo_nguoi,phu,
canh_dua_chua_nau_suon,hanh_tim,Hành tím thái lát,1,củ,theo_noi,gia_vi,
canh_dua_chua_nau_suon,,"Hạt nêm, muối, nước mắm, đường phèn",,vừa đủ,theo_noi,gia_vi,
canh_ga_nau_nam,nam,"Nấm Vân Nam 9 vị , không có bỏ qua bạn nha!",1,gói,theo_nguoi,chinh,có bán rất nhiều trên các sàn tmđt
canh_ga_nau_nam,nam,Nấm hương tươi,100,g,theo_nguoi,chinh,
canh_ga_nau_nam,nam,Nấm sò nâu,200,g,theo_nguoi,chinh,
canh_ga_nau_nam,ga_ta,Thịt gà,300,g,theo_nguoi,chinh,
canh_ga_nau_nam,,"Gia vị, hành khô, gừng, hành lá",,vừa đủ,theo_noi,gia_vi,
canh_ca_thu_nau_chua,ca_thu,Cá thu,3,khúc,theo_nguoi,chinh,
canh_ca_thu_nau_chua,ca_chua,Cà chua,3,quả,theo_nguoi,phu,
canh_ca_thu_nau_chua,,Dứa xanh,0.5,quả,theo_nguoi,phu,quả thơm
canh_ca_thu_nau_chua,rau_thom,"Hành, thì là",,vừa đủ,theo_nguoi,phu,hoặc rau ngổ
canh_ca_thu_nau_chua,,"Gia vị: muối, hạt nêm, nước mắm, tiêu",,vừa đủ,theo_noi,gia_vi,
canh_cai_be_xanh_thit_bam,,Cải bẹ xanh,300,g,theo_nguoi,chinh,
canh_cai_be_xanh_thit_bam,thit_heo,Thịt heo xay,150,g,theo_nguoi,chinh,
canh_cai_be_xanh_thit_bam,sa_ot,Gừng,1,nhánh,theo_noi,gia_vi,
canh_cai_be_xanh_thit_bam,hanh_tim,Hành tím,2,củ,theo_noi,gia_vi,
canh_cai_be_xanh_thit_bam,mam_ca_na,Nước mắm,1,muỗng canh,theo_noi,gia_vi,
canh_cai_be_xanh_thit_bam,,Hạt nêm,1,muỗng cà phê,theo_noi,gia_vi,
canh_cai_be_xanh_thit_bam,,Tiêu,,vừa đủ,theo_noi,gia_vi,
canh_tom_nau_thom,,Xóa nguyên liệu,,vừa đủ,theo_nguoi,chinh,
canh_tom_nau_thom,,Thêm nguồn dẫn,,vừa đủ,theo_nguoi,phu,
canh_tom_nau_thom,,Xóa nguyên liệu,,vừa đủ,theo_nguoi,phu,
canh_tom_nau_thom,,Thêm nguồn dẫn,,vừa đủ,theo_nguoi,phu,
xoi_lac,,Gạo nếp cái hoa vàng,330,g,theo_nguoi,phu,"hoặc nếp nương, nếp Tú Lệ,…"
xoi_lac,dau_phong,Lạc đỏ,100,g,theo_nguoi,chinh,đậu phộng
xoi_lac,muoi_ca_na,Muối,0.5,muỗng cà phê,theo_noi,gia_vi,
xoi_lac,,Dầu dừa,1,muỗng canh,theo_noi,phu,
xoi_lac,,Dừa bào sợi,5,muỗng canh,theo_noi,phu,
xoi_lac,muoi_ca_na,Muối vừng lạc,2,muỗng cà phê,theo_noi,gia_vi,
xoi_lac,,Cọng lá dứa,1.5,,theo_noi,gia_vi,
banh_mi_chao,,Pate cột đèn,,vừa đủ,theo_nguoi,phu,
banh_mi_chao,thit_heo,Thịt hộp,,vừa đủ,theo_nguoi,phu,
banh_mi_chao,,Xúc xích,,vừa đủ,theo_nguoi,phu,
banh_mi_chao,trung,Trứng,,vừa đủ,theo_nguoi,phu,
banh_mi_chao,ca_chua,Cà chua,,vừa đủ,theo_nguoi,phu,
banh_mi_chao,rau_thom,Rau mùi,,vừa đủ,theo_nguoi,phu,
banh_mi_chao,rau_thom,Hành lá,,vừa đủ,theo_nguoi,phu,
banh_mi_chao,bun,Bánh mì,,vừa đủ,theo_nguoi,chinh,
banh_mi_chao,,"Gia vị: dầu hào, hạt nêm knor, mỳ chính, bột ngô",,vừa đủ,theo_noi,gia_vi,
banh_cuon,banh_trang,Bánh tráng loại dày,,vừa đủ,theo_nguoi,chinh,
banh_cuon,thit_heo,"Thịt heo, mộc nhĩ, nấm hương",,vừa đủ,theo_nguoi,phu,
banh_cuon,,"Hành khô, dầu ăn, quả chanh",,vừa đủ,theo_noi,gia_vi,
xoi_dau_den,,Đậu đen,200,g,theo_nguoi,chinh,
xoi_dau_den,,Gạo nếp cái hoa vàng,800,g,theo_nguoi,phu,
xoi_dau_den,,Baking soda,0.5,muỗng cà phê,theo_noi,phu,
xoi_dau_den,muoi_ca_na,Muối,1,muỗng cà phê,theo_noi,gia_vi,
xoi_dau_den,,Dầu dừa,1.5,muỗng canh,theo_noi,phu,
xoi_dau_den,,Dừa sợi bào,60,g,theo_nguoi,phu,
xoi_dau_den,,Muối đậu mè,40,g,theo_nguoi,phu,
xoi_dau_den,,Đường,30,g,theo_noi,gia_vi,tùy khẩu vị
xoi_dau_den,,Lượng vừa đủ Nước,1.5,,theo_noi,gia_vi,"nước nấu đậu, nước ngâm gạo"
hu_tieu_kho,bun,Hủ tiếu,600,g,theo_nguoi,chinh,
hu_tieu_kho,thit_heo,Thịt heo xay,300,g,theo_nguoi,phu,
hu_tieu_kho,tom_the,Tôm,200,g,theo_nguoi,phu,
hu_tieu_kho,trung,Trứng cút,4,quả,theo_nguoi,phu,
hu_tieu_kho,,Giá,200,g,theo_nguoi,phu,
hu_tieu_kho,xa_lach,"Hẹ, xà lách",,vừa đủ,theo_nguoi,phu,
hu_tieu_kho,toi_pr,Tỏi,4,tép,theo_noi,gia_vi,
hu_tieu_kho,,Nước tương,3,muỗng canh,theo_noi,gia_vi,
hu_tieu_kho,,Dầu hào,1,muỗng canh,theo_noi,gia_vi,
hu_tieu_kho,,Đường,1,muỗng cà phê,theo_noi,gia_vi,
hu_tieu_kho,,Hành phi,,vừa đủ,theo_nguoi,phu,
xoi_man,,Nếp ngon,500,g,theo_nguoi,phu,
xoi_man,,Lạp xưởng,4,cái,theo_nguoi,phu,
xoi_man,trung,Trứng gà,3,cái,theo_nguoi,chinh,
xoi_man,,Chà bông,50,g,theo_nguoi,phu,
xoi_man,,Chả lụa,100,g,theo_nguoi,phu,
xoi_man,rau_thom,Hành lá,,vừa đủ,theo_nguoi,phu,
xoi_man,,Nước tương,,vừa đủ,theo_noi,gia_vi,
nui_xao_bo,bun,Nui khô,200,g,theo_nguoi,phu,
nui_xao_bo,thit_bo,Bò thăn,300,g,theo_nguoi,chinh,
nui_xao_bo,toi_pr,Tỏi,1,củ,theo_noi,gia_vi,
nui_xao_bo,,Hành tây nhỏ xắt mỏng dọc,1,củ,theo_nguoi,phu,
nui_xao_bo,rau_thom,Hành lá,3,cây,theo_nguoi,phu,
nui_xao_bo,rau_thom,Rau ngò,,vừa đủ,theo_nguoi,phu,
nui_xao_bo,ca_rot,Cà rốt xắt sợi,0.5,củ,theo_nguoi,phu,
nui_xao_bo,,Dầu mè,,vừa đủ,theo_noi,gia_vi,
nui_xao_bo,khoai_tay,Tinh bột khoai tây,,vừa đủ,theo_nguoi,phu,
nui_xao_bo,,Dầu hào,2,muỗng canh,theo_noi,gia_vi,
nui_xao_bo,,Nước tương,1,muỗng canh,theo_noi,gia_vi,
nui_xao_bo,,Đường,0.5,muỗng cà phê,theo_noi,gia_vi,
nui_xao_bo,sa_ot,Tương ớt,1,muỗng cà phê,theo_noi,gia_vi,
nui_xao_bo,toi_pr,Tỏi băm,1,muỗng cà phê,theo_noi,gia_vi,
mi_hoanh_thanh,bun,Vắt mì tươi,8,,theo_nguoi,phu,
mi_hoanh_thanh,nam,Nấm rơm tươi,100,g,theo_nguoi,phu,
mi_hoanh_thanh,nam,Nấm đông cô tươi,100,g,theo_nguoi,phu,
mi_hoanh_thanh,,"Rau tần ô, hẹ lá",100,g,theo_nguoi,phu,
mi_hoanh_thanh,dau_phu,Đậu hũ chiên,100,g,theo_nguoi,phu,
mi_hoanh_thanh,,Chả chay chiên,100,g,theo_nguoi,phu,
mi_hoanh_thanh,muop,Củ sắn/mướp,100,g,theo_nguoi,phu,
mi_hoanh_thanh,,Bắp mĩ/lê,100,g,theo_nguoi,phu,
mi_hoanh_thanh,cu_cai,Củ cải trắng,50,g,theo_nguoi,phu,
mi_hoanh_thanh,,Củ sắn/hành tây,100,g,theo_nguoi,phu,
mi_hoanh_thanh,,Nước,1500,ml,theo_noi,gia_vi,
mi_hoanh_thanh,muoi_ca_na,Muối,0.5,muỗng cà phê,theo_noi,gia_vi,
mi_hoanh_thanh,khoai_mon,Khoai môn,100,g,theo_nguoi,phu,
mi_hoanh_thanh,khoai_lang,Khoai lang,100,g,theo_nguoi,phu,
mi_hoanh_thanh,,Boa rô phi vàng,1,muỗng cà phê,theo_noi,phu,
mi_hoanh_thanh,nam,"Tai Nấm mèo, ngâm nở",0.5,,theo_nguoi,phu,
mi_hoanh_thanh,muoi_ca_na,Muối,0.5,muỗng cà phê,theo_noi,gia_vi,
mi_hoanh_thanh,,Hoành thánh tươi,12,lá,theo_nguoi,chinh,
com_rang_thap_cam,,Cơm nguội 1 tô lớn,,vừa đủ,theo_nguoi,phu,
com_rang_thap_cam,thit_heo,Xíu Thịt nạc xay hoặc thịt xá,,vừa đủ,theo_nguoi,chinh,
com_rang_thap_cam,,Lạp xưởng,2,cây,theo_nguoi,phu,
com_rang_thap_cam,ca_rot,Cà rốt,1,củ,theo_nguoi,phu,
com_rang_thap_cam,dau_co_ve,Đậu cô ve,1,nắm,theo_nguoi,phu,
com_rang_thap_cam,trung,Trứng vịt,2,quả,theo_nguoi,phu,
com_rang_thap_cam,hanh_tim,Hành tím phi,,vừa đủ,theo_noi,gia_vi,
com_rang_thap_cam,,Hành tây nhỏ,1,củ,theo_nguoi,phu,
com_rang_thap_cam,rau_thom,Hành lá,,vừa đủ,theo_nguoi,phu,
com_rang_thap_cam,muoi_ca_na,Gia vị : bột nêm + muối + tiêu,,vừa đủ,theo_noi,gia_vi,
bun_rieu_cua,cua_dong,Rạm đồng/cua đồng xay,500,g,theo_nguoi,chinh,
bun_rieu_cua,thit_heo,Thịt heo xay,200,g,theo_nguoi,phu,
bun_rieu_cua,dau_phu,Đậu hũ,2,miếng,theo_nguoi,phu,
bun_rieu_cua,ca_chua,Cà chua chín,4,quả,theo_nguoi,phu,
bun_rieu_cua,trung,Trứng vịt,1,,theo_nguoi,phu,
bun_rieu_cua,bun,Bún tươi,,vừa đủ,theo_nguoi,phu,
bun_rieu_cua,rau_thom,"Rau sống: xà lách, kinh giới, tía tô, giá",,vừa đủ,theo_nguoi,phu,
bun_rieu_cua,,"Chanh, ớt, mắm tôm, giấm bỗng",,vừa đủ,theo_noi,gia_vi,
sup_ga_ngo_ngot,ga_ta,Ức gà,1,cái,theo_nguoi,chinh,
sup_ga_ngo_ngot,ngo,Ngô ngọt,0.5,lon,theo_nguoi,chinh,
sup_ga_ngo_ngot,ca_rot,Cà rốt,0.5,củ,theo_nguoi,phu,
sup_ga_ngo_ngot,rau_thom,Vài nhánh rau mùi,,vừa đủ,theo_nguoi,phu,
sup_ga_ngo_ngot,nam,Nấm hương,10,cây,theo_nguoi,phu,
sup_ga_ngo_ngot,,Tiêu,1,muỗng cà phê,theo_noi,gia_vi,
sup_ga_ngo_ngot,trung,Trứng gà,1,quả,theo_nguoi,phu,
sup_ga_ngo_ngot,,Bột năng,5,muỗng cà phê,theo_noi,gia_vi,cho 2l nước
pho_ga,ga_ta,Ức gà,1,cái,theo_nguoi,chinh,
pho_ga,trung,Trứng non,300,g,theo_nguoi,phu,
pho_ga,bun,Bánh phở,300,g,theo_nguoi,phu,
pho_ga,,"Giá, rau quế, ngò gai",,vừa đủ,theo_noi,gia_vi,
pho_ga,rau_thom,"Hành lá, ngò rí, củ hành",,vừa đủ,theo_nguoi,phu,
pho_ga,,"Hạt nêm, đường tiêu",,vừa đủ,theo_noi,gia_vi,
pho_ga,,"Tương ớt, tương đen",,vừa đủ,theo_noi,gia_vi,tuỳ thích
chao_suon,thit_heo,Sườn non,,vừa đủ,theo_nguoi,chinh,
chao_suon,,Cơm nguội,,vừa đủ,theo_nguoi,phu,
chao_suon,ca_rot,"Cà rốt, giá",,vừa đủ,theo_nguoi,phu,
chao_suon,rau_thom,"Hành, ngò",,vừa đủ,theo_nguoi,phu,
chao_suon,,"Gia vị: nước mắm, đường, muối, hạt nêm, tiêu, hành phi",,vừa đủ,theo_noi,gia_vi,
bun_cha_ca_nha_trang,,Chả cá nha trang,500,g,theo_nguoi,chinh,
bun_cha_ca_nha_trang,ga_ta,Xương gà,1000,g,theo_nguoi,phu,
bun_cha_ca_nha_trang,,Thơm,0.5,quả,theo_nguoi,phu,
bun_cha_ca_nha_trang,ca_chua,Cà chua,2,quả,theo_nguoi,phu,
bun_cha_ca_nha_trang,rau_thom,"Bắp cải trắng, salad,giá, rau thơm",,vừa đủ,theo_nguoi,phu,mỗi thứ một ít
bun_cha_ca_nha_trang,,"Hành lá, ngò rí, gừng",,vừa đủ,theo_noi,gia_vi,
bun_cha_ca_nha_trang,,"Hạt nêm, nước mắm, đường,tiêu,ớt",,vừa đủ,theo_noi,gia_vi,
bun_cha_ca_nha_trang,,"Mắm tôm, ớt sả tế, chanh",,vừa đủ,theo_noi,gia_vi,tuỳ thích
bun_thit_nuong,thit_heo,Thịt heo xay hoặc 300g thịt xay và 700g thịt nạc dăm,1000,g,theo_nguoi,chinh,
bun_thit_nuong,ca_rot,Cà rốt,2,củ,theo_nguoi,phu,
bun_thit_nuong,,Đu đủ xanh,1,miếng,theo_nguoi,phu,
bun_thit_nuong,nam,Tai nấm mèo,3,,theo_nguoi,phu,
bun_thit_nuong,trung,Trứng gà,1,,theo_nguoi,phu,
bun_thit_nuong,rau_thom,"Rau: xà lách, rau thơm các loại, giá sống, dưa leo",,vừa đủ,theo_nguoi,phu,
bun_thit_nuong,,"Hành lá, hành tím",,vừa đủ,theo_noi,gia_vi,
bun_thit_nuong,,"Ớt, tỏi, chanh",,vừa đủ,theo_noi,gia_vi,
bun_thit_nuong,dau_phong,Đậu phộng rang bỏ vỏ,,vừa đủ,theo_nguoi,phu,
bun_thit_nuong,bun,Bún tươi sợi nhỏ,1000,g,theo_nguoi,phu,
com_tam_suon,thit_heo,Sườn non,1000,g,theo_nguoi,chinh,
com_tam_suon,,"Gia vị ướp thịt: 3 muỗng mật ong, 5 muỗng nước tương, 2 muỗng tương ớt, 1 muỗng cp muối, 1/2 chén sữa tươi không đường, vài tép tỏi đập dập",,vừa đủ,theo_noi,gia_vi,
com_tam_suon,,"Gia vị pha nước mắm: 1/2 chén nước mắm, 1/2 chén đường, 1/2 chén nước dừa, 1 muỗng giấm, tỏi ớt băm nhỏ",,vừa đủ,theo_noi,gia_vi,
com_tam_suon,rau_thom,"Hành lá cắt nhỏ, 1/3 chén dầu ăn",1,chén,theo_nguoi,phu,
com_tam_suon,thit_heo,Nước dừa tươi để nướng thịt,0.5,chén,theo_nguoi,chinh,
com_tam_suon,rau_thom,"Đồ ăn kèm: dưa leo, dưa chua, cà chua, rau thơm tuỳ thích",,vừa đủ,theo_nguoi,phu,
bun_bo_hue,rau_thom,Ít Hành lá,1,,theo_nguoi,phu,
bun_bo_hue,rau_thom,Ít Ngò,1,,theo_nguoi,phu,
bun_bo_hue,,Hành tây,0.5,củ,theo_nguoi,phu,
bun_bo_hue,rau_thom,Rau răm,1,nắm,theo_nguoi,phu,
bun_bo_hue,sa_ot,Sả đập dập,6,tép,theo_noi,gia_vi,
bun_bo_hue,thit_heo,Xương heo,500,g,theo_nguoi,phu,
bun_bo_hue,,Hành tây,0.5,củ,theo_nguoi,phu,
bun_bo_hue,hanh_tim,Hành tím,2,củ,theo_noi,gia_vi,
bun_bo_hue,,Nước,1700,ml,theo_noi,gia_vi,
bun_bo_hue,,Bột ngọt,0.5,muỗng cà phê,theo_noi,gia_vi,
bun_bo_hue,,Đường phèn,1,muỗng canh,theo_noi,gia_vi,
bun_bo_hue,,Hạt nêm,1,muỗng cà phê,theo_noi,gia_vi,
bun_bo_hue,muoi_ca_na,Muối,1,muỗng cà phê,theo_noi,gia_vi,
bun_bo_hue,,Nước màu điều,100,ml,theo_noi,gia_vi,
bun_bo_hue,,Bột màu điều,0.5,muỗng cà phê,theo_noi,gia_vi,
bun_bo_hue,,Nước nấu với mắm ruốc,500,ml,theo_noi,gia_vi,
bun_bo_hue,,Mắm ruốc,3,muỗng canh,theo_noi,gia_vi,
bun_bo_hue,thit_bo,Bắp bò,250,g,theo_nguoi,chinh,
bun_bo_hue,thit_heo,Bắp giò heo,600,g,theo_nguoi,phu,
bun_bo_hue,thit_heo,Thịt heo xay,300,g,theo_nguoi,phu,
bun_bo_hue,muoi_ca_na,Muối,0.5,muỗng canh,theo_noi,gia_vi,
bun_bo_hue,,Tiêu,0.5,muỗng canh,theo_noi,gia_vi,
bun_bo_hue,hanh_tim,Hành tím băm,1,muỗng canh,theo_noi,gia_vi,
chao_ngao,,Ngao,1000,g,theo_nguoi,phu,
chao_ngao,rau_thom,Tía tô,0.5,bó,theo_nguoi,phu,
chao_ngao,rau_thom,K hành hoa,2,,theo_nguoi,phu,
chao_ngao,hanh_tim,Hành khô,1,củ,theo_noi,gia_vi,
chao_ngao,trung,Trứng vịt lộn,1,quả,theo_nguoi,chinh,
mi_quang_ga,cu_cai,Củ cải trắng,0.5,củ,theo_nguoi,phu,200g
mi_quang_ga,sa_ot,Ớt,2,quả,theo_noi,gia_vi,
mi_quang_ga,toi_pr,Tỏi,0.5,củ,theo_noi,gia_vi,
mi_quang_ga,mam_ca_na,Nước mắm mặn,3,muỗng canh,theo_noi,gia_vi,
mi_quang_ga,dau_phong,Đậu phộng rang,20,g,theo_nguoi,phu,
mi_quang_ga,banh_trang,Bánh tráng nướng,1,cái,theo_nguoi,phu,
mi_quang_ga,rau_thom,Rau sống,160,g,theo_nguoi,phu,"xà lách, húng, giá..."
mi_quang_ga,bun,Mì Quảng,800,g,theo_nguoi,chinh,
mi_quang_ga,hanh_tim,Hành tím,13,củ,theo_noi,gia_vi,
mi_quang_ga,,Dầu phộng,20,ml,theo_nguoi,phu,
mi_quang_ga,ga_ta,Chặt nhỏ Gà ta,0.5,con,theo_nguoi,chinh,khoảng 1.8kg
mi_quang_ga,ga_ta,Xương gà,400,g,theo_nguoi,chinh,
mi_quang_ga,sa_ot,Ớt bột,0.5,muỗng cà phê,theo_noi,gia_vi,
mi_quang_ga,,Tiêu,0.5,muỗng cà phê,theo_noi,gia_vi,
mi_quang_ga,muoi_ca_na,Muối,1.5,muỗng cà phê,theo_noi,gia_vi,
mi_quang_ga,,Bột ngọt,1.5,muỗng cà phê,theo_noi,gia_vi,
mi_quang_ga,sa_ot,Sả,1.5,cây,theo_noi,gia_vi,
mi_quang_ga,,Nhỏ Củ nghệ tươi,0.5,củ,theo_nguoi,phu,20g
mi_quang_ga,,Củ nén,4,củ,theo_nguoi,phu,
banh_mi_op_la,bun,Bánh mì,,vừa đủ,theo_nguoi,chinh,
banh_mi_op_la,trung,Trứng gà,,vừa đủ,theo_nguoi,phu,
banh_mi_op_la,,Dưa leo,,vừa đủ,theo_nguoi,phu,
banh_mi_op_la,rau_thom,Rau húng lủi,,vừa đủ,theo_nguoi,phu,
banh_mi_op_la,,"Nước tương, ớt xay",,vừa đủ,theo_noi,gia_vi,
banh_mi_op_la,,Dầu ăn,,vừa đủ,theo_noi,gia_vi,
chao_trung_thit_bam,,Cháo gói / hoặc 50g gạo tẻ+20g gạo nếp,,vừa đủ,theo_nguoi,phu,
chao_trung_thit_bam,,Nước,650,ml,theo_noi,gia_vi,
chao_trung_thit_bam,thit_heo,Thịt heo xay,80,g,theo_nguoi,chinh,
chao_trung_thit_bam,trung,Trứng,1,quả,theo_nguoi,chinh,
chao_trung_thit_bam,,"Tỏi băm, hành tím băm",,vừa đủ,theo_noi,gia_vi,
chao_trung_thit_bam,ca_rot,Cà rốt,,vừa đủ,theo_nguoi,phu,
chao_trung_thit_bam,,Bắp tách hạt,,vừa đủ,theo_nguoi,phu,
chao_trung_thit_bam,rau_thom,Hành lá,,vừa đủ,theo_nguoi,phu,
chao_trung_thit_bam,rau_thom,Ngò rí,,vừa đủ,theo_nguoi,phu,
chao_trung_thit_bam,trung,Trứng,1.5,quả,theo_nguoi,chinh,tách lòng
chao_trung_thit_bam,muoi_ca_na,Muối,,vừa đủ,theo_noi,gia_vi,
chao_trung_thit_bam,,Hạt nêm,,vừa đủ,theo_noi,gia_vi,
chao_trung_thit_bam,mam_ca_na,Nước mắm,,vừa đủ,theo_noi,gia_vi,
chao_trung_thit_bam,,Tiêu,,vừa đủ,theo_noi,gia_vi,
chao_trung_thit_bam,,Đường,,vừa đủ,theo_noi,gia_vi,
bun_moc,thit_heo,Sườn non,400,g,theo_nguoi,chinh,
bun_moc,,Giò sống,200,g,theo_nguoi,phu,
bun_moc,nam,Nấm hương tươi,6,,theo_nguoi,phu,
bun_moc,,Măng khô đã ngâm mềm,1,chén,theo_nguoi,phu,
bun_moc,,"Hành lá, ngò rí, chanh ớt",,vừa đủ,theo_noi,gia_vi,
bun_moc,rau_thom,"Rau sống: xà lách, giá, tía tô, kinh giới",,vừa đủ,theo_nguoi,phu,
com_chien_trung,,Cơm nguội xới tơi ra,4,chén,theo_nguoi,phu,hoặc để tủ lạnh qua đêm
com_chien_trung,trung,Trứng gà,3,quả,theo_nguoi,chinh,
com_chien_trung,rau_thom,Hành lá xắt nhuyễn,,vừa đủ,theo_nguoi,phu,
com_chien_trung,toi_pr,Tỏi băm nhuyễn,,vừa đủ,theo_noi,gia_vi,
com_chien_trung,,"Gia vị: hạt nêm, nước mắm, bột ngọt, tiêu, dầu ăn, dầu màu điều",,vừa đủ,theo_noi,gia_vi,
mien_ga,bun,Miến,,vừa đủ,theo_nguoi,phu,
mien_ga,ga_ta,Ức gà,,vừa đủ,theo_nguoi,chinh,
mien_ga,ca_rot,Cà rốt,,vừa đủ,theo_nguoi,phu,
mien_ga,,Cải bó xôi,,vừa đủ,theo_nguoi,phu,
mien_ga,,Hành tây,,vừa đủ,theo_nguoi,phu,
mien_ga,nam,Nấm đông cô,,vừa đủ,theo_nguoi,phu,
mien_ga,rau_thom,Hành lá,,vừa đủ,theo_nguoi,phu,
mien_ga,,Giá,,vừa đủ,theo_nguoi,phu,
mien_ga,ga_ta,Nước luộc gà,,vừa đủ,theo_nguoi,chinh,
mien_ga,,Đường,,vừa đủ,theo_noi,gia_vi,
mien_ga,muoi_ca_na,Muối,,vừa đủ,theo_noi,gia_vi,
mien_ga,,Bột ngọt,,vừa đủ,theo_noi,gia_vi,
mien_ga,mam_ca_na,Nước mắm,,vừa đủ,theo_noi,gia_vi,
chao_ca_thu,ca_thu,Cá thu,1,lát,theo_nguoi,chinh,
chao_ca_thu,,Gạo,50,g,theo_nguoi,phu,
chao_ca_thu,sa_ot,Gừng,,vừa đủ,theo_noi,gia_vi,
chao_ca_thu,,Mắm,,vừa đủ,theo_noi,gia_vi,
chao_ca_thu,muoi_ca_na,Muối,,vừa đủ,theo_noi,gia_vi,
chao_ca_thu,,Tiêu,,vừa đủ,theo_noi,gia_vi,
chao_ca_thu,rau_thom,Hành ngò,,vừa đủ,theo_nguoi,phu,
chao_tom_hum_binh_ba,tom_hum,Tôm hùm,1,con,theo_nguoi,chinh,
chao_tom_hum_binh_ba,hanh_tim,Hành khô,,vừa đủ,theo_noi,gia_vi,
chao_tom_hum_binh_ba,rau_thom,Hành hoa,,vừa đủ,theo_nguoi,phu,
chao_tom_hum_binh_ba,sa_ot,Gừng,,vừa đủ,theo_noi,gia_vi,
lau_nam_thap_cam,nam,Nấm mối,65,g,theo_nguoi,chinh,
lau_nam_thap_cam,nam,Nấm bào ngư,65,g,theo_nguoi,chinh,
lau_nam_thap_cam,,Đường,1,muỗng canh,theo_noi,gia_vi,
lau_nam_thap_cam,,Hạt nêm,1.5,muỗng canh,theo_noi,gia_vi,
lau_nam_thap_cam,,Bột ngọt,1,muỗng cà phê,theo_noi,gia_vi,
lau_nam_thap_cam,mam_ca_na,Nước mắm,1.5,muỗng canh,theo_noi,gia_vi,
lau_nam_thap_cam,bun,Bún tươi,670,g,theo_nguoi,phu,
lau_nam_thap_cam,cai_thao,Cải thảo,130,g,theo_nguoi,phu,
lau_nam_thap_cam,,Rau tần ô,130,g,theo_nguoi,phu,
lau_nam_thap_cam,nam,Nấm kim châm,130,g,theo_nguoi,chinh,
lau_nam_thap_cam,nam,Nấm rơm,65,g,theo_nguoi,chinh,
lau_nam_thap_cam,ca_rot,Cà rốt,200,g,theo_nguoi,phu,
lau_nam_thap_cam,tom_the,Tôm,200,g,theo_nguoi,phu,
lau_nam_thap_cam,thit_bo,Thịt bò,330,g,theo_nguoi,phu,
lau_nam_thap_cam,muc_tuoi,Mực nang,330,g,theo_nguoi,phu,
lau_nam_thap_cam,,Chả cá thác lác,130,g,theo_nguoi,phu,
lau_nam_thap_cam,,Nước dùng hầm cũ,2000,ml,theo_nguoi,phu,
lau_nam_thap_cam,su_su,Su su,130,g,theo_nguoi,phu,
lau_nam_thap_cam,,Hành tây,100,g,theo_nguoi,phu,
lau_nam_thap_cam,ngo,Bắp mỹ,130,g,theo_nguoi,phu,
lau_nam_thap_cam,bap_cai,Bắp cải,200,g,theo_nguoi,phu,
lau_nam_thap_cam,,Thơm,0.5,quả,theo_nguoi,phu,
lau_hai_san,muc_tuoi,Mực,1000,g,theo_nguoi,chinh,
lau_hai_san,thit_bo,Thịt bò,270,g,theo_nguoi,phu,
lau_hai_san,tom_the,Tôm,270,g,theo_nguoi,phu,
lau_hai_san,,Cải,0.5,bó,theo_nguoi,phu,
lau_hai_san,,Ít mùng tơi,0.5,,theo_nguoi,phu,
lau_hai_san,rau_thom,"Thơm, cà chua, hành ngò",,vừa đủ,theo_nguoi,phu,
lau_hai_san,,"Gia vị: nước mắm, muối, tiêu, ớt bột, dầu ăn, bột ngọt, 5 củ hành hương",,vừa đủ,theo_noi,gia_vi,
lau_hai_san,bun,Bún,1000,g,theo_nguoi,phu,
bo_nhung_giam,thit_bo,Nạm hay gầu bò tuỳ thích,3000,g,theo_nguoi,chinh,
bo_nhung_giam,,"Muối, đường, hạt nêm, bột canh",,vừa đủ,theo_noi,gia_vi,
bo_nhung_giam,bun,Dừa non thái miếng mỏng,,vừa đủ,theo_nguoi,phu,
bo_nhung_giam,bun,Táo thái miếng mỏng mỏng,5,quả,theo_nguoi,phu,
bo_nhung_giam,,Hành tây xắt múi cau,,vừa đủ,theo_nguoi,phu,
bo_nhung_giam,sa_ot,Sả,6,củ,theo_noi,gia_vi,
bo_nhung_giam,sa_ot,Ớt,,vừa đủ,theo_noi,gia_vi,
bo_nhung_giam,,Dứa,,vừa đủ,theo_nguoi,phu,
bo_nhung_giam,rau_thom,Rau mùi,,vừa đủ,theo_nguoi,phu,
bo_nhung_giam,hanh_tim,Hành khô băm nhỏ,,vừa đủ,theo_noi,gia_vi,
bo_nhung_giam,rau_thom,Rau mùi tàu,,vừa đủ,theo_nguoi,phu,
bo_nhung_giam,,Nước dừa,2000,ml,theo_nguoi,phu,
bo_nhung_giam,,Nước khoáng có ga,1000,ml,theo_nguoi,phu,
bo_nhung_giam,,"Gia vị nước dùng: 80ml dấm gạo, 20gr đường, 5gr muối, 5gr bột canh",,vừa đủ,theo_noi,gia_vi,
bo_nhung_giam,,Bthg mọi người sẽ pha mắm nêm nhưng vì em không có nên em sẽ pha mắm thường thêm dứa thôi ạ. Nói chung là mọi người pha hợp miệng mình là được ạ,,vừa đủ,theo_noi,gia_vi,
bo_nhung_giam,bun,Bún để cuốn,,vừa đủ,theo_nguoi,phu,
bo_nhung_giam,bun,Mì để ăn với nước dùng nếu có nhu cầu 😊,,vừa đủ,theo_nguoi,phu,
bo_nhung_giam,ca_rot,"Cà rốt, dưa chuột, dứa xắt miếng con chì mỏng",,vừa đủ,theo_nguoi,phu,
bo_nhung_giam,cai_thao,"Xà lách, cải thảo, nấm",,vừa đủ,theo_nguoi,phu,nói chung là rau củ theo mùa tuỳ nhu cầu thui ạ
bo_nhung_giam,,Quẩy,,vừa đủ,theo_nguoi,phu,
bo_nhung_giam,,Đậu rán,,vừa đủ,theo_nguoi,phu,
bo_nhung_giam,thit_bo,Bắp bò thái mỏng,,vừa đủ,theo_nguoi,chinh,
bo_nhung_giam,thit_bo,Thịt bò chín cũng thái mỏng nhé ạ,,vừa đủ,theo_nguoi,chinh,
bo_nhung_giam,banh_trang,Bánh tráng cuốn,,vừa đủ,theo_nguoi,phu,
lau_rieu_cua,cua_dong,Cà ra to,3,con,theo_nguoi,chinh,
lau_rieu_cua,ca_chua,_3 quả cà chua,2,,theo_nguoi,phu,
lau_rieu_cua,,"Mẻ, mắm tôm",,vừa đủ,theo_noi,gia_vi,
lau_rieu_cua,hanh_tim,Hành khô,,vừa đủ,theo_noi,gia_vi,
lau_rieu_cua,thit_heo,Xương ống,,vừa đủ,theo_nguoi,phu,có thể bỏ qua
lau_rieu_cua,thit_bo,Chỉ bò hoặc bắp bò thái mỏng,3,,theo_nguoi,phu,
lau_rieu_cua,nam,Nấm tươi,,vừa đủ,theo_nguoi,phu,
lau_rieu_cua,,"Mọc, viên thả lẩu các loại",,vừa đủ,theo_nguoi,phu,
lau_rieu_cua,,Rau xanh các loại,,vừa đủ,theo_nguoi,phu,
lau_muc,muc_tuoi,Mực ống,1000,g,theo_nguoi,chinh,
lau_muc,ca_chua,Cà chua,1,quả,theo_nguoi,phu,
lau_muc,,Thơm,0.5,quả,theo_nguoi,phu,
lau_muc,khe_me,Ít me chín,1,,theo_noi,gia_vi,
lau_muc,,"Tỏi, ngò tàu, hành ngò, rau muống, cải non",,vừa đủ,theo_noi,gia_vi,
lau_muc,ga_ta,Nước dùng gà,,vừa đủ,theo_nguoi,phu,hoặc heo
lau_muc,,"Mắm muối, đường, ớt",,vừa đủ,theo_noi,gia_vi,nếu thích cay
che_dau_xanh_bot_bang,,Đậu xanh cà vỏ,200,g,theo_nguoi,chinh,
che_dau_xanh_bot_bang,,Bột báng,40,g,theo_nguoi,chinh,
che_dau_xanh_bot_bang,,Đường,200,g,theo_noi,gia_vi,
che_dau_xanh_bot_bang,,Nước,900,ml,theo_noi,gia_vi,
banh_flan,,Sữa tươi không đường,480,ml,theo_noi,gia_vi,
banh_flan,,Sữa đặc,50,g,theo_nguoi,phu,1 lon
banh_flan,trung,Trứng gà công nghiệp,1.5,quả,theo_nguoi,chinh,khoảng 65gr/quả cả vỏ
banh_flan,,Whipping cream hoặc thay thế bằng nước lọc,120,ml,theo_noi,gia_vi,
banh_flan,,Vani,0.5,muỗng cà phê,theo_noi,phu,
banh_flan,muoi_ca_na,Nhúm nhỏ muối,0.5,,theo_noi,gia_vi,
banh_flan,,Đường,95,g,theo_noi,gia_vi,
banh_flan,,Nước,50,ml,theo_noi,gia_vi,
banh_flan,khe_me,Chanh,0.5,quả,theo_noi,gia_vi,
rau_cau_dua,,Rau câu giòn,10,g,theo_nguoi,chinh,agar
rau_cau_dua,,Đường cát trắng,150,g,theo_nguoi,phu,
rau_cau_dua,,Dừa xiêm không già,2,quả,theo_nguoi,phu,cơm dừa mềm
rau_cau_dua,,Rau câu giòn,5,g,theo_nguoi,chinh,agar
rau_cau_dua,,Đường cát trắng,100,g,theo_nguoi,phu,
rau_cau_dua,,Nước lọc,350,ml,theo_noi,gia_vi,
rau_cau_dua,,Nước cốt dừa,250,ml,theo_nguoi,phu,
rau_cau_dua,,Tinh bột đậu xanh + 20ml nước lọc,10,g,theo_nguoi,phu,hoặc bột bắp
che_troi_nuoc,,Bột nếp,400,g,theo_nguoi,chinh,
che_troi_nuoc,,Đậu xanh cà vỏ,200,g,theo_nguoi,phu,
che_troi_nuoc,,Mè,50,g,theo_nguoi,phu,
che_troi_nuoc,sa_ot,Gừng,1,củ,theo_noi,gia_vi,
che_troi_nuoc,,Dừa nạo,200,g,theo_nguoi,phu,
che_troi_nuoc,,Dứa,5,lá,theo_nguoi,phu,
che_troi_nuoc,,Đường vàng,500,g,theo_noi,gia_vi,
che_troi_nuoc,,Đường cát trắng,100,g,theo_nguoi,phu,
che_hat_sen_duong_phen,,Hạt sen,400,g,theo_nguoi,chinh,
che_hat_sen_duong_phen,,Đường phèn,150,g,theo_noi,gia_vi,
sua_chua_nha_lam,,Sữa Ông Thọ,0.5,lon,theo_nguoi,chinh,
sua_chua_nha_lam,,Nước lọc,0.5,lon,theo_noi,gia_vi,
sua_chua_nha_lam,,Sữa tươi không đường,560,ml,theo_noi,gia_vi,
sua_chua_nha_lam,,Hũ sữa chua cái,0.5,,theo_nguoi,phu,sữa chua Vinamilk không đường
che_buoi,,Bưởi da xanh,1,quả,theo_nguoi,chinh,
che_buoi,,Bột năng,1,gói,theo_noi,gia_vi,
che_buoi,,Đường hoa mai,1000,g,theo_noi,gia_vi,
che_buoi,,Cốt dừa,1,lon,theo_nguoi,phu,
che_buoi,,Đỗ xanh khô,100,g,theo_nguoi,phu,
che_bo,bo_booth|bo_sap,Bơ,,vừa đủ,theo_nguoi,chinh,1 trái to hoặc 2 trái nhỏ
che_bo,,Sữa tươi không đường,100,ml,theo_noi,gia_vi,
che_bo,,Sữa đặc pha với 50ml nước sôi sau đó để nguội,2,muỗng canh,theo_noi,gia_vi,
che_bo,,Whipping cream,,vừa đủ,theo_nguoi,phu,có cũng được ko có cũng ko sao
che_bo,,Galetin hữu cơ,0.5,gói,theo_nguoi,phu,mình chọn nguyên liệu hữu cơ an toàn vì chế biến cho bé nhà 
thach_rau_cau_bo,bo_booth|bo_sap,Bơ sáp,2,quả,theo_nguoi,chinh,
thach_rau_cau_bo,,Lít nước,700,ml,theo_noi,gia_vi,
thach_rau_cau_bo,,Sữa tươi vinamilk,2,hộp,theo_nguoi,phu,
thach_rau_cau_bo,,Sữa ông thọ,8,muỗng canh,theo_noi,phu,
thach_rau_cau_bo,,Bột rau câu dẻo 12g,1,gói,theo_nguoi,phu,
thach_rau_cau_bo,,Bột cốt dừa khô,1,gói,theo_nguoi,phu,
thach_rau_cau_bo,,Đường,8,muỗng canh,theo_noi,gia_vi,
trai_cay_lac,xoai_uc,"Xoài hoặc cóc, hoặc táo, hoặc ổi hoặc 200g thập cẩm",200,g,theo_nguoi,chinh,
trai_cay_lac,mam_ca_na,Súp nước mắm đường,1,muỗng canh,theo_noi,gia_vi,
trai_cay_lac,tom_the,M cafe muối tôm,0.5,,theo_nguoi,phu,
trai_cay_lac,,M cafe đường cát trắng,1,,theo_nguoi,phu,
trai_cay_lac,sa_ot,M cafe ớt bột Việt Nam,1,,theo_noi,gia_vi,hỏi mua loại ít cay ngoài chợ
che_dau_do,,Đậu đỏ,500,g,theo_nguoi,chinh,
che_dau_do,,Nước cốt dừa,1,lon,theo_nguoi,phu,
che_dau_do,,Đường,,vừa đủ,theo_noi,gia_vi,
che_dau_do,,Ống vani,1,,theo_nguoi,phu,
che_xoai,xoai_uc,Xoài Nha Trang hoặc 2 - 3 quả xoài cát chu,7,quả,theo_nguoi,chinh,
che_xoai,,Nhỏ nước cốt dừa,1.5,lon,theo_nguoi,phu,
che_xoai,,Bột rau câu con cá,1.5,gói,theo_nguoi,phu,
che_xoai,,Sữa chua có đường,1,hộp,theo_noi,gia_vi,
che_xoai,,Sữa đặc,3,muỗng canh,theo_noi,phu,
che_xoai,,Ít thạch đen nấu sẵn,1.5,,theo_nguoi,phu,
che_xoai,,Bột năng,1,muỗng canh,theo_noi,gia_vi,
che_xoai,,Cup bột báng,0.5,,theo_nguoi,phu,có thể bỏ qua
che_xoai,,Đường trắng,2,muỗng canh,theo_noi,gia_vi,
thach_nho_ninh_thuan,,Bột gellatin,,vừa đủ,theo_nguoi,phu,
thach_nho_ninh_thuan,nho_nt,Chùm quả nho,,vừa đủ,theo_nguoi,chinh,
thach_nho_ninh_thuan,,Quả máy xay hoa quả thành nước,,vừa đủ,theo_noi,gia_vi,
sua_chua_nep_cam,,Nếp cẩm,300,g,theo_nguoi,chinh,
sua_chua_nep_cam,,Nước,800,ml,theo_noi,gia_vi,
hong_gion_tron_sua_chua,hong_gion,Quả hồng giòn,500,g,theo_nguoi,chinh,
hong_gion_tron_sua_chua,,Sữa chua,3,hộp,theo_nguoi,chinh,
hong_gion_tron_sua_chua,,Sữa đặc,3,muỗng cà phê,theo_noi,phu,
sua_ngo,ngo,Ngô ngọt,,vừa đủ,theo_nguoi,chinh,
sua_ngo,,Nước,,vừa đủ,theo_noi,gia_vi,
sua_ngo,,Vài quả chà là,,vừa đủ,theo_nguoi,phu,"hoặc táo đỏ, hoặc đường"
sua_ngo,muoi_ca_na,Muối,,vừa đủ,theo_noi,gia_vi,
nuoc_nha_dam_la_dua,,Bẹ nha đam,1,,theo_nguoi,chinh,
nuoc_nha_dam_la_dua,,Nước,500,ml,theo_noi,gia_vi,
nuoc_nha_dam_la_dua,,Đường phèn,50,g,theo_noi,gia_vi,tuỳ khẩu vị
nuoc_nha_dam_la_dua,,Vài cọc lá dứa,,vừa đủ,theo_noi,gia_vi,
tra_chanh_day,khe_me,Chanh dây,3,quả,theo_noi,gia_vi,
tra_chanh_day,,Túi lọc trà đen,4,,theo_nguoi,chinh,
tra_chanh_day,,Nước đường hoặc 30g đường cát,50,ml,theo_nguoi,phu,
sinh_to_thanh_long_chuoi,thanh_long,Thanh long nhỏ,3,miếng,theo_nguoi,chinh,
sinh_to_thanh_long_chuoi,,Táo envy,0.5,quả,theo_nguoi,phu,
sinh_to_thanh_long_chuoi,,Chuối,0.5,quả,theo_nguoi,phu,
sinh_to_thanh_long_chuoi,,Sữa công thức hoặc sữa mẹ,60,ml,theo_nguoi,phu,
sua_dau_xanh,,Đậu xanh còn vỏ,55,g,theo_nguoi,chinh,
sua_dau_xanh,,Đậu nành,5,g,theo_nguoi,phu,
sua_dau_xanh,,Chà là,2,quả,theo_nguoi,phu,
sua_dau_xanh,,Táo đỏ,1.5,quả,theo_nguoi,phu,
sua_dau_xanh,,Kỷ tử,10,g,theo_nguoi,phu,
sua_dau_xanh,,Nước lọc,960,ml,theo_noi,gia_vi,
sua_dau_xanh,,Máy làm sữa hạt,,vừa đủ,theo_nguoi,phu,
nuoc_ep_ca_rot_tao,ca_rot,Cà rốt,5,củ,theo_nguoi,chinh,450g
nuoc_ep_ca_rot_tao,,Táo xanh,1,quả,theo_nguoi,phu,160g
nuoc_ep_ca_rot_tao,khe_me,Chanh,0.5,quả,theo_noi,gia_vi,không có cg được
suong_sao,,Sương sáo,0.5,gói,theo_nguoi,chinh,50 g
suong_sao,,Đường,2,muỗng canh,theo_noi,gia_vi,
suong_sao,,Nước lọc,800,ml,theo_noi,gia_vi,
tra_dao_cam_sa,,Cam,1.5,quả,theo_nguoi,phu,cam vàng càng tốt ha
tra_dao_cam_sa,,Nước,240,ml,theo_noi,gia_vi,
tra_dao_cam_sa,,Xả,4,cây,theo_nguoi,phu,
tra_dao_cam_sa,,Đường trắng hoặc siro đường,,vừa đủ,theo_noi,gia_vi,
tra_dao_cam_sa,bun,Đào miếng ngâm,,vừa đủ,theo_nguoi,chinh,
tra_dao_cam_sa,,Nước đào ngâm,30,ml,theo_nguoi,phu,
tra_dao_cam_sa,,Túi Trà túi lọc,2,,theo_nguoi,phu,
nuoc_chanh_muoi,muoi_ca_na,Chanh muối,2,quả,theo_noi,chinh,
nuoc_chanh_muoi,,Đường,2,muỗng canh,theo_noi,gia_vi,
nuoc_chanh_muoi,,Nước lọc,400,ml,theo_noi,gia_vi,
nuoc_chanh_muoi,,Đá viên,1,ly,theo_noi,gia_vi,
nuoc_rau_ma,,Rau má,500,g,theo_nguoi,chinh,
nuoc_rau_ma,,Nước sôi để nguội,,vừa đủ,theo_noi,gia_vi,
sinh_to_xoai,xoai_uc,Xoài chín cỡ vừa,2,quả,theo_nguoi,chinh,1 trái lớn
sinh_to_xoai,,Đường,40,g,theo_noi,gia_vi,
sinh_to_xoai,,Sữa đặc,80,ml,theo_nguoi,phu,
sinh_to_xoai,,Sữa tươi,30,ml,theo_nguoi,phu,
sinh_to_xoai,khe_me,Siro chanh dây,20,ml,theo_noi,gia_vi,
sinh_to_xoai,,Đá đầy,2,ly,theo_nguoi,phu,
nuoc_ep_dua_hau,dua_hau,Dưa hấu,0.5,quả,theo_nguoi,chinh,
nuoc_ep_dua_hau,xoai_uc,Xoài,2,lát,theo_nguoi,phu,
nuoc_ep_dua_hau,,Đá lạnh,,vừa đủ,theo_nguoi,phu,
nuoc_mia_lau_re_tranh,,Rau má,,vừa đủ,theo_nguoi,phu,
nuoc_mia_lau_re_tranh,,Rễ tranh,,vừa đủ,theo_nguoi,chinh,
nuoc_mia_lau_re_tranh,,Mía lau,,vừa đủ,theo_nguoi,chinh,
thit_heo_gia_bo_kho,thit_heo,Thịt nạc,1000,g,theo_nguoi,chinh,"nạc mông là chuẩn nhất, nếu không thì dùng nạc thăn có thớ d"
thit_heo_gia_bo_kho,sa_ot,Sả,7,củ,theo_noi,gia_vi,
thit_heo_gia_bo_kho,toi_pr,Tỏi,6,củ,theo_noi,gia_vi,
thit_heo_gia_bo_kho,sa_ot,Gừng,1,củ,theo_noi,gia_vi,
thit_heo_gia_bo_kho,sa_ot,Ớt bột,1.5,muỗng canh,theo_noi,gia_vi,"hoặc ớt hàn quốc, độ cay tùy vào người ăn"
thit_heo_gia_bo_kho,sa_ot,Tương ớt,2,muỗng canh,theo_noi,gia_vi,
thit_heo_gia_bo_kho,,Đường,4,muỗng canh,theo_noi,gia_vi,
thit_heo_gia_bo_kho,,Gia vị,1,muỗng canh,theo_noi,gia_vi,
thit_heo_gia_bo_kho,,Nghệ,1,muỗng canh,theo_noi,phu,
thit_heo_gia_bo_kho,,Dầu hào,3,muỗng canh,theo_noi,gia_vi,
thit_heo_gia_bo_kho,,Ngũ vị hương,2,gói,theo_noi,gia_vi,
thit_heo_gia_bo_kho,,Gia vị bò kho,1,gói,theo_noi,gia_vi,
thit_heo_gia_bo_kho,,Bột điều,2,muỗng canh,theo_noi,phu,hoặc dùng dầu điều
thit_heo_gia_bo_kho,sa_ot,Ớt tươi,2,quả,theo_noi,gia_vi,
muc_rim_me,muc_mot_nang,Mực khô,,vừa đủ,theo_nguoi,chinh,
muc_rim_me,sa_ot,Ớt chuông,,vừa đủ,theo_noi,gia_vi,
muc_rim_me,khe_me,Nước cốt me,,vừa đủ,theo_noi,gia_vi,
muc_rim_me,,"Gia vị: tỏi, ớt, đường, bột ớt, bột ngọt, nước mắm",,vừa đủ,theo_noi,gia_vi,
do_chua_ca_rot_cu_cai,ca_rot,Cà rốt 🥕,2,củ,theo_nguoi,chinh,
do_chua_ca_rot_cu_cai,cu_cai,Cải trắng nhỏ,1,củ,theo_nguoi,chinh,
do_chua_ca_rot_cu_cai,,Dấm ăn,2,muỗng canh,theo_noi,gia_vi,dấm gì cũng được nhưng dấm gạo là ngon nhất
do_chua_ca_rot_cu_cai,,Đường,1,muỗng canh,theo_noi,gia_vi,
do_chua_ca_rot_cu_cai,muoi_ca_na,Muối 🧂,1,muỗng cà phê,theo_noi,gia_vi,
ca_phao_muoi_xoi,,Cà pháo,500,g,theo_nguoi,chinh,
ca_phao_muoi_xoi,muoi_ca_na,Muối,,vừa đủ,theo_noi,gia_vi,
ca_phao_muoi_xoi,khe_me,Chanh,1,quả,theo_noi,gia_vi,
ca_phao_muoi_xoi,,"Nước mắm,đường,ớt trái,tỏi",,vừa đủ,theo_noi,gia_vi,
dua_cai_muoi_chua,,Cải bẹ,1000,g,theo_nguoi,chinh,"cải sen, cải sậy"
dua_cai_muoi_chua,,Hành bắc,5,củ,theo_nguoi,phu,
dua_cai_muoi_chua,muoi_ca_na,Muối,50,g,theo_noi,gia_vi,
dua_cai_muoi_chua,,Đường,10,g,theo_noi,gia_vi,
dua_cai_muoi_chua,,Nước,2000,ml,theo_noi,gia_vi,
dua_cai_muoi_chua,muoi_ca_na,Hũ 2 lít để muối dưa,,vừa đủ,theo_noi,gia_vi,
