ma_nguyen_lieu,san_pham_go,gia_vnd,tinh_trang,url,ngay_lay
ca_nuc,Cá nục hấp GO! 250g,38000,InStock,https://sieuthi-go.vn/product/ca-nuc-hap-go-250g-09007-i.1465374,2026-10-07
muc_tuoi,Mực ống 300g (size 20-30 con/kg),124400,InStock,https://sieuthi-go.vn/product/muc-ong-300g-size-20-30-con-kg-32107-i.1447185,2026-10-07
thanh_long,Thanh long (1.5-1.8kg),30200,InStock,https://sieuthi-go.vn/product/thanh-long-1-5-1-8kg-13911-i.1010870,2026-10-07
bo_booth,Bơ Booth 1-1.2kg,47700,InStock,https://sieuthi-go.vn/product/bo-booth-1-1-2kg-13652-i.1557669,2026-10-07
bo_sap,Bơ sáp - 3kg,123000,InStock,https://sieuthi-go.vn/product/bo-sap-3kg-61245-i.1189117,2026-10-07
dua_hau,Dưa hấu ruột đỏ (2-2.5kg/trái),24700,InStock,https://sieuthi-go.vn/product/dua-hau-ruot-do-2-2-5kg-trai-13713-i.156288,2026-10-07
ca_ngu_dd,Cá ngừ đại dương đông lạnh Foodymart 500g,158500,InStock,https://sieuthi-go.vn/product/ca-ngu-dai-duong-dong-lanh-foodymart-500g-70306-i.476728,2026-10-07
ca_rot,Cà rốt 800g-1kg,24600,InStock,https://sieuthi-go.vn/product/ca-rot-800g-1kg-61243-i.1188611,2026-10-07
sup_lo,Bông cải/súp lơ xanh 500-600g,27600,InStock,https://sieuthi-go.vn/product/bong-cai-sup-lo-xanh-500-600g-13712-i.65404,2026-10-07
cai_thao,Cải thảo (800g-1kg/bắp),14400,InStock,https://sieuthi-go.vn/product/cai-thao-800g-1kg-bap-13708-i.1010882,2026-10-07
su_su,Su su Đà Lạt 250g,9900,InStock,https://sieuthi-go.vn/product/su-su-da-lat-250g-57090-i.318241,2026-10-07
ca_chua,Cà chua Đà Lạt 1 Kg,26400,InStock,https://sieuthi-go.vn/product/ca-chua-da-lat-1-kg-13705-i.318235,2026-10-07
nam,Nấm bào ngư trắng 200g,12900,InStock,https://sieuthi-go.vn/product/nam-bao-ngu-trang-200g-60556-i.1234988,2026-10-07
chanh_day,Chanh dây 1kg,52000,InStock,https://sieuthi-go.vn/product/chanh-day-1kg-14238-i.705199,2026-10-07
tom_the,Tôm thẻ 31-40 Minh Phú 300g,139000,InStock,https://sieuthi-go.vn/product/tom-the-31-40-minh-phu-300g-04062-i.586740,2026-10-07
ca_thu,Cá thu cắt khúc đông lạnh 500g,159000,InStock,https://sieuthi-go.vn/product/ca-thu-cat-khuc-dong-lanh-500g-32277-i.1763372,2026-10-07
